-- phpMyAdmin SQL Dump
-- version 5.2.1
-- https://www.phpmyadmin.net/
--
-- 主機： 127.0.0.1
-- 產生時間： 2023-10-23 13:03:48
-- 伺服器版本： 10.4.28-MariaDB
-- PHP 版本： 8.0.28

SET SQL_MODE = "NO_AUTO_VALUE_ON_ZERO";
START TRANSACTION;
SET time_zone = "+00:00";


/*!40101 SET @OLD_CHARACTER_SET_CLIENT=@@CHARACTER_SET_CLIENT */;
/*!40101 SET @OLD_CHARACTER_SET_RESULTS=@@CHARACTER_SET_RESULTS */;
/*!40101 SET @OLD_COLLATION_CONNECTION=@@COLLATION_CONNECTION */;
/*!40101 SET NAMES utf8mb4 */;

--
-- 資料庫： `cat`
--

-- --------------------------------------------------------

--
-- 資料表結構 `address`
--

CREATE TABLE `address` (
  `address_id` int(11) NOT NULL,
  `user_id` int(11) NOT NULL,
  `city` int(11) NOT NULL,
  `area` int(11) NOT NULL,
  `detail` varchar(100) NOT NULL
) ENGINE=InnoDB DEFAULT CHARSET=utf8mb4 COLLATE=utf8mb4_unicode_ci;

--
-- 傾印資料表的資料 `address`
--

INSERT INTO `address` (`address_id`, `user_id`, `city`, `area`, `detail`) VALUES
(1, 1, 1, 100, '中正路5號');

-- --------------------------------------------------------

--
-- 資料表結構 `article`
--

CREATE TABLE `article` (
  `article_id` int(5) NOT NULL,
  `title` varchar(50) NOT NULL,
  `content` text NOT NULL,
  `article_category_id` int(3) NOT NULL,
  `published_date` datetime NOT NULL,
  `created_date` datetime NOT NULL,
  `valid` int(5) NOT NULL
) ENGINE=InnoDB DEFAULT CHARSET=utf8mb4 COLLATE=utf8mb4_unicode_ci;

--
-- 傾印資料表的資料 `article`
--

INSERT INTO `article` (`article_id`, `title`, `content`, `article_category_id`, `published_date`, `created_date`, `valid`) VALUES
(1, '主食罐 vs. 生食：貓咪的健康選擇', '<p>其實並沒有甚麼是最好的寵物食品，只有最適合的食品貓奴們總是煩惱貓咪到底吃得營養均不均衡、水喝得夠不夠多，因此怎麼挑選寵物食品一直以來都是貓奴們的常見問題，這個問題有很多層面可以去做討論，可以從飼主、貓咪、價錢、品質、方便性等等去做評估。以下會先簡單跟大家描述《常見寵物主食的類型以及優劣》，並與大家分享我們在挑選寵物食品會參考的依據。希望能讓大家在面對琳瑯滿目的產品時，能夠更有系統性、邏輯的挑選。&nbsp;</p>\n<p>&nbsp;</p>\n<h3>常見寵物主食類型&nbsp;</h3>\n<p>&nbsp;</p>\n<h4>➀ 飼料&nbsp;</h4>\n<p style=\"padding-left: 40px;\">&bull; 優點&nbsp;</p>\n<p style=\"padding-left: 40px;\">飼料在寵物食品的產業當中，發展時間遠遠大於其他產品，因為發展的時間較長的關係，其品質相較於其他產品相對穩定，也因如此，國外大廠牌的食品幾乎都是以飼料為主。&nbsp;</p>\n<p style=\"padding-left: 40px;\">飼料由於是高溫殺菌並乾燥的關係，即使接觸到空氣，也可以在常溫保存較長期間，對於飼主相當方便，飼料的選擇性也多元，平均價錢也比較親民。</p>\n<p style=\"padding-left: 40px;\">&bull; 缺點</p>\n<p style=\"padding-left: 40px;\">飼料缺乏充足的水分，若是貓咪以飼料當作主食，需要非常注意貓咪的攝取水分，根據獸醫臨床的研究發現，貓咪因腎臟病死亡的比例最高，而罹患腎臟疾病的大部分原因就是水分攝取量不足。</p>\n<p style=\"padding-left: 40px;\">除此之外，飼料為了塑形，需要添加碳水化合物來做顆粒塑型的原料，因此在飼料的成分組成當中，普遍可以發現碳水化合物相較高，同時飼料因為他單位重量中的代謝能普遍較高，造成貓咪明明已經得到足夠熱量，但因為尚未有飽足感，因此常常吃超過量。</p>\n<p>&nbsp;</p>\n<h4>➁ 主食罐</h4>\n<p style=\"padding-left: 40px;\">&bull; 優點</p>\n<p style=\"padding-left: 40px;\">主食罐在添加充足的營養成分外，還可以補充足夠的水分，攜帶方便，若是外出或是購買，可以少量帶著走，罐頭的份量都是固定的，在餵食上可以較容易精準計算每天的飲食量，吃多吃少可以明顯發現，若是寵物厭食的話也能馬上關心狀況。</p>\n<p style=\"padding-left: 40px;\">&bull; 缺點</p>\n<p style=\"padding-left: 40px;\">主食罐普遍對於貓咪來說適口性較差，主要原因是貓咪是個蠻現實的外星人（？），他們很容易嗅覺吸引，而主食罐的味道大多都比不過飼料，主食罐的平均價錢也相較高，常常重傷貓奴們的荷包，罐頭飲食完若沒有馬上回收或清洗的話，也可能會引來一些蚊蟲。</p>\n<p>&nbsp;</p>\n<h4>➂ 鮮食（這裡的鮮食定義為自己計算營養烹飪）</h4>\n<p style=\"padding-left: 40px;\">&bull; 優點</p>\n<p style=\"padding-left: 40px;\">餵食鮮食最大的好處，就是可以控管餵食的原料來源，新鮮度可以自己掌握，營養比例跟水分也可以做調整，若是貓主子比較挑食，可以用很多元的方式挑戰他的味蕾。</p>\n<p style=\"padding-left: 40px;\">&bull; 缺點</p>\n<p style=\"padding-left: 40px;\">自己做鮮食，營養數值就必須要特別精算，以AAFCO所提及到的營養素來說，準備鮮食至少要計算40幾項的營養素，以確保每一次就算使用不同原料都能夠確保貓咪符合營養均衡，為了確保均衡，必須透過秤重來精算營養數值來確保營養不會過少或超標。</p>\n<p style=\"padding-left: 40px;\">這邊再次重申一遍，過多或過少的營養素都不是健康的事情！若是要長期以餵食鮮食的話，建議還是諮詢專業的寵物營養師，並準備充足的營養素會比較適合哦！</p>\n<p style=\"padding-left: 40px;\">對了，厲害的貓奴說不定還可以一起做給家人一起吃，避免食材的浪費唷！</p>\n<p>&nbsp;</p>\n<h4>➃ 生食</h4>\n<p style=\"padding-left: 40px;\">&bull; 優點</p>\n<p style=\"padding-left: 40px;\">生食對於有些貓奴來說，認為最符合貓咪原始獵食的狀況，在生食當中，也富含水分，也較不用擔心飲水量的問題，其平均價錢也是介在飼料與罐頭之間，對於擔心貓咪飲水量，又有一些預算限制的貓奴來說，是一種適合的選擇。</p>\n<p style=\"padding-left: 40px;\">&bull; 缺點</p>\n<p style=\"padding-left: 40px;\">但由於主食必須要攝取均衡營養，代表還是要額外添加營養素來確保均衡，此外，生食保存需要使用冷凍，在餵食前也需要進行解凍的動作，餵食會相對不即時，而生食也常被質疑殺菌的效果，雖然現今有HPP高壓殺菌的製程，但HPP還是有一些疑慮是比較少被提出來的</p>\n<p style=\"padding-left: 40px;\">（ 這部分之後會再做一集跟大家說明</p>\n<p style=\"padding-left: 40px;\">），同時還需要考慮到運送過程當中的低溫保存是否確實。</p>\n<p style=\"padding-left: 40px;\">若是能夠確保營養均衡、餵食時沒有生菌數、貓咪能夠迅速吃完這三件事情，生食也可以是其中一種選擇。</p>\n<p style=\"padding-left: 40px;\">什麼是最好的寵物食品</p>\n<p>上述大概跟大家簡要介紹各種類型的優劣，主要目的是希望讓大家能夠快速簡要的認識這些類型。</p>\n<p>「我們一直相信著並沒有什麼是最好的寵物食品，只有最適合的產品。」</p>\n<p>因為每隻貓咪、每位飼主的背景狀況都不一樣，應該要評估自身以及貓咪的情況來選擇會比較適合</p>\n<p>方便性、經濟、營養成分、貓咪生理、喜好&hellip;&hellip;等等。</p>\n<p>未來我們還會再做一集是關於我自己會如何挑選寵物食品的影片，希望我們的內容能夠幫助到你們。</p>', 1, '0000-00-00 00:00:00', '2023-09-27 00:00:00', 1),
(2, '毛孩好物研究-PETHROOM 三重酵素潔齒凝膠', '每每看到市面上琳瑯滿目的貓砂 礦砂、木屑砂、豆腐砂、花生砂好多種選擇 發現\n近年來越來越多貓咪開始使用豆腐砂 到底是何方神聖 讓貓咪可以輕鬆使用\n貓奴們無痛換砂 愛不釋手呢～\n<br />\n<h3>豆腐砂的出生 豆腐砂如同其名</h3>\n主要來源為大豆渣經過壓製雛形而成 仔細聞聞會發想有淡淡的豆味 為一種天然的貓砂唷\n其原料環保天然 可溶解的特性 不僅對環境友善 居家清潔也相當便利\n<br />\n其實貓咪早期在野外生活 較常接觸的多為土壤或碎沙石\n以至於貓咪對於礦砂的接受度是比較高的 但礦砂的粉塵量相當驚人\n許多貓奴們為了貓咪呼吸道健康 開始尋找替代方案 由於豆腐砂的外型 顆粒小 與礦砂相似\n普遍的貓咪都能接受 加上粉塵較少 對於想從礦砂轉換成豆腐砂的貓奴們來說\n是無痛換砂的好幫手唷\n<br />\n<h3></h3>\n<h3>豆腐砂的優勢</h3>\n那為何市面上有那麼多砂種可以挑選，很多人普遍還是選擇豆腐砂呢～\n有以下幾點要素取勝唷 環境無害 豆腐砂為天然豆渣製成 不含有害化學物質 可生物降解\n友善環境 重量輕盈 相對於礦砂、木屑砂等 重量輕量許多 搬運與清潔換砂時輕鬆不費力\n高吸水性 豆渣特性可以迅速吸收貓咪尿液 轉化為固體型態 讓貓砂保持乾爽不潮濕\n低粉塵量\n<br />\n相對於礦砂 豆腐砂粉塵較少 可以減少貓咪呼吸道問題 維護居家環境與降低過敏原\n安全健康 不含毒性與刺激性物質 若貓咪不小心誤食 也不會造成身體有害\n好處多多的豆腐砂 不僅擁有礦砂的相似性 還集合多項優點一次滿足 貓主子開心使用\n貓奴們也輕鬆清理無負擔\n<h3>如何使用豆腐砂</h3>\n新手貓奴或想從崩解式貓砂換砂的貓奴們 這邊提供幾點小撇步給大家\n讓你們輕鬆變成專業鏟屎官唷\n<br />\n豆腐砂使用方法\n<br />\n將豆腐砂倒入貓砂盆 通常建議約5-8公分厚度 讓貓咪如廁時可以擁有足夠的砂量凝結結團\n貓咪如廁完 將結團貓砂過濾多於碎砂後 丟棄就可以囉\n<br />\n定期更換貓砂\n<br />\n由於台灣天氣潮濕 豆腐砂使用久或未經常清理貓砂 砂體容易潮濕變質 需定期更換貓砂\n保持砂質乾燥 才不會讓貓砂功能下降 導致貓砂容易崩解唷 貓砂盆清潔\n除了貓砂定期更換外 每1-2個月也建議清洗貓砂盆 保持貓砂盆衛生 避免細菌增生\n讓貓咪感染生病唷\n', 2, '0000-00-00 00:00:00', '2023-09-27 00:00:00', 1),
(3, '貓咪魚油： 提升皮膚、毛髮和免疫系統的完美補充品', '每每看到市面上琳瑯滿目的貓砂\n礦砂、木屑砂、豆腐砂、花生砂好多種選擇\n發現 近年來越來越多貓咪開始使用豆腐砂\n到底是何方神聖 讓貓咪可以輕鬆使用\n貓奴們無痛換砂 愛不釋手呢～豆腐砂的出生\n\n豆腐砂如同其名\n主要來源為大豆渣經過壓製雛形而成\n仔細聞聞會發想有淡淡的豆味 為一種天然的貓砂唷 \n其原料環保天然 可溶解的特性\n不僅對環境友善 居家清潔也相當便利\n\n其實貓咪早期在野外生活\n較常接觸的多為土壤或碎沙石\n以至於貓咪對於礦砂的接受度是比較高的\n但礦砂的粉塵量相當驚人\n許多貓奴們為了貓咪呼吸道健康\n開始尋找替代方案', 3, '0000-00-00 00:00:00', '2023-09-20 00:00:00', 1),
(4, '毛孩好物研究-zeze格紋涼感寵物床', '每每看到市面上琳瑯滿目的貓砂\n礦砂、木屑砂、豆腐砂、花生砂好多種選擇\n發現 近年來越來越多貓咪開始使用豆腐砂\n到底是何方神聖 讓貓咪可以輕鬆使用\n貓奴們無痛換砂 愛不釋手呢～豆腐砂的出生\n\n豆腐砂如同其名\n主要來源為大豆渣經過壓製雛形而成\n仔細聞聞會發想有淡淡的豆味 為一種天然的貓砂唷 \n其原料環保天然 可溶解的特性\n不僅對環境友善 居家清潔也相當便利\n\n其實貓咪早期在野外生活\n較常接觸的多為土壤或碎沙石\n以至於貓咪對於礦砂的接受度是比較高的\n但礦砂的粉塵量相當驚人\n許多貓奴們為了貓咪呼吸道健康\n開始尋找替代方案', 1, '0000-00-00 00:00:00', '2023-09-15 00:00:00', 1),
(5, '肝臟保健飲食：照護貓咪的關鍵', '每每看到市面上琳瑯滿目的貓砂\n礦砂、木屑砂、豆腐砂、花生砂好多種選擇\n發現 近年來越來越多貓咪開始使用豆腐砂\n到底是何方神聖 讓貓咪可以輕鬆使用\n貓奴們無痛換砂 愛不釋手呢～豆腐砂的出生\n\n豆腐砂如同其名\n主要來源為大豆渣經過壓製雛形而成\n仔細聞聞會發想有淡淡的豆味 為一種天然的貓砂唷 \n其原料環保天然 可溶解的特性\n不僅對環境友善 居家清潔也相當便利\n\n其實貓咪早期在野外生活\n較常接觸的多為土壤或碎沙石\n以至於貓咪對於礦砂的接受度是比較高的\n但礦砂的粉塵量相當驚人\n許多貓奴們為了貓咪呼吸道健康\n開始尋找替代方案', 2, '0000-00-00 00:00:00', '2023-09-13 00:00:00', 1),
(6, '毛孩好物研究-pidan咖啡混合貓砂', '每每看到市面上琳瑯滿目的貓砂\n礦砂、木屑砂、豆腐砂、花生砂好多種選擇\n發現 近年來越來越多貓咪開始使用豆腐砂\n到底是何方神聖 讓貓咪可以輕鬆使用\n貓奴們無痛換砂 愛不釋手呢～豆腐砂的出生\n\n豆腐砂如同其名\n主要來源為大豆渣經過壓製雛形而成\n仔細聞聞會發想有淡淡的豆味 為一種天然的貓砂唷 \n其原料環保天然 可溶解的特性\n不僅對環境友善 居家清潔也相當便利\n\n其實貓咪早期在野外生活\n較常接觸的多為土壤或碎沙石\n以至於貓咪對於礦砂的接受度是比較高的\n但礦砂的粉塵量相當驚人\n許多貓奴們為了貓咪呼吸道健康\n開始尋找替代方案', 3, '0000-00-00 00:00:00', '2023-09-13 00:00:00', 1),
(7, '貓咪濕疹：症狀、治療和預防方法', '每每看到市面上琳瑯滿目的貓砂\n礦砂、木屑砂、豆腐砂、花生砂好多種選擇\n發現 近年來越來越多貓咪開始使用豆腐砂\n到底是何方神聖 讓貓咪可以輕鬆使用\n貓奴們無痛換砂 愛不釋手呢～豆腐砂的出生\n\n豆腐砂如同其名\n主要來源為大豆渣經過壓製雛形而成\n仔細聞聞會發想有淡淡的豆味 為一種天然的貓砂唷 \n其原料環保天然 可溶解的特性\n不僅對環境友善 居家清潔也相當便利\n\n其實貓咪早期在野外生活\n較常接觸的多為土壤或碎沙石\n以至於貓咪對於礦砂的接受度是比較高的\n但礦砂的粉塵量相當驚人\n許多貓奴們為了貓咪呼吸道健康\n開始尋找替代方案', 1, '0000-00-00 00:00:00', '2023-09-06 00:00:00', 1),
(8, '毛孩好物研究-pidan 渴睡升級款', '每每看到市面上琳瑯滿目的貓砂\n礦砂、木屑砂、豆腐砂、花生砂好多種選擇\n發現 近年來越來越多貓咪開始使用豆腐砂\n到底是何方神聖 讓貓咪可以輕鬆使用\n貓奴們無痛換砂 愛不釋手呢～豆腐砂的出生\n\n豆腐砂如同其名\n主要來源為大豆渣經過壓製雛形而成\n仔細聞聞會發想有淡淡的豆味 為一種天然的貓砂唷 \n其原料環保天然 可溶解的特性\n不僅對環境友善 居家清潔也相當便利\n\n其實貓咪早期在野外生活\n較常接觸的多為土壤或碎沙石\n以至於貓咪對於礦砂的接受度是比較高的\n但礦砂的粉塵量相當驚人\n許多貓奴們為了貓咪呼吸道健康\n開始尋找替代方案', 2, '0000-00-00 00:00:00', '2023-09-01 00:00:00', 1),
(9, '狗狗磨牙的重要性：口腔健康和幸福', '每每看到市面上琳瑯滿目的貓砂\n礦砂、木屑砂、豆腐砂、花生砂好多種選擇\n發現 近年來越來越多貓咪開始使用豆腐砂\n到底是何方神聖 讓貓咪可以輕鬆使用\n貓奴們無痛換砂 愛不釋手呢～豆腐砂的出生\n\n豆腐砂如同其名\n主要來源為大豆渣經過壓製雛形而成\n仔細聞聞會發想有淡淡的豆味 為一種天然的貓砂唷 \n其原料環保天然 可溶解的特性\n不僅對環境友善 居家清潔也相當便利\n\n其實貓咪早期在野外生活\n較常接觸的多為土壤或碎沙石\n以至於貓咪對於礦砂的接受度是比較高的\n但礦砂的粉塵量相當驚人\n許多貓奴們為了貓咪呼吸道健康\n開始尋找替代方案', 3, '0000-00-00 00:00:00', '2023-08-30 00:00:00', 1),
(10, '貓咪毛球症：從症狀到治療完整指南', '每每看到市面上琳瑯滿目的貓砂\n礦砂、木屑砂、豆腐砂、花生砂好多種選擇\n發現 近年來越來越多貓咪開始使用豆腐砂\n到底是何方神聖 讓貓咪可以輕鬆使用\n貓奴們無痛換砂 愛不釋手呢～豆腐砂的出生\n\n豆腐砂如同其名\n主要來源為大豆渣經過壓製雛形而成\n仔細聞聞會發想有淡淡的豆味 為一種天然的貓砂唷 \n其原料環保天然 可溶解的特性\n不僅對環境友善 居家清潔也相當便利\n\n其實貓咪早期在野外生活\n較常接觸的多為土壤或碎沙石\n以至於貓咪對於礦砂的接受度是比較高的\n但礦砂的粉塵量相當驚人\n許多貓奴們為了貓咪呼吸道健康\n開始尋找替代方案', 1, '0000-00-00 00:00:00', '2023-08-23 00:00:00', 1),
(11, '貓咪過敏原大揭秘：常見引發過敏的因素', '每每看到市面上琳瑯滿目的貓砂\n礦砂、木屑砂、豆腐砂、花生砂好多種選擇\n發現 近年來越來越多貓咪開始使用豆腐砂\n到底是何方神聖 讓貓咪可以輕鬆使用\n貓奴們無痛換砂 愛不釋手呢～豆腐砂的出生\n\n豆腐砂如同其名\n主要來源為大豆渣經過壓製雛形而成\n仔細聞聞會發想有淡淡的豆味 為一種天然的貓砂唷 \n其原料環保天然 可溶解的特性\n不僅對環境友善 居家清潔也相當便利\n\n其實貓咪早期在野外生活\n較常接觸的多為土壤或碎沙石\n以至於貓咪對於礦砂的接受度是比較高的\n但礦砂的粉塵量相當驚人\n許多貓奴們為了貓咪呼吸道健康\n開始尋找替代方案', 2, '0000-00-00 00:00:00', '2023-08-17 00:00:00', 1),
(12, '毛孩好物研究-VETRESKA 胸背帶套裝', '每每看到市面上琳瑯滿目的貓砂\n礦砂、木屑砂、豆腐砂、花生砂好多種選擇\n發現 近年來越來越多貓咪開始使用豆腐砂\n到底是何方神聖 讓貓咪可以輕鬆使用\n貓奴們無痛換砂 愛不釋手呢～豆腐砂的出生\n\n豆腐砂如同其名\n主要來源為大豆渣經過壓製雛形而成\n仔細聞聞會發想有淡淡的豆味 為一種天然的貓砂唷 \n其原料環保天然 可溶解的特性\n不僅對環境友善 居家清潔也相當便利\n\n其實貓咪早期在野外生活\n較常接觸的多為土壤或碎沙石\n以至於貓咪對於礦砂的接受度是比較高的\n但礦砂的粉塵量相當驚人\n許多貓奴們為了貓咪呼吸道健康\n開始尋找替代方案', 3, '0000-00-00 00:00:00', '2023-08-15 00:00:00', 1),
(13, '打造讓家人都舒適的空間', '每每看到市面上琳瑯滿目的貓砂\n礦砂、木屑砂、豆腐砂、花生砂好多種選擇\n發現 近年來越來越多貓咪開始使用豆腐砂\n到底是何方神聖 讓貓咪可以輕鬆使用\n貓奴們無痛換砂 愛不釋手呢～豆腐砂的出生\n\n豆腐砂如同其名\n主要來源為大豆渣經過壓製雛形而成\n仔細聞聞會發想有淡淡的豆味 為一種天然的貓砂唷 \n其原料環保天然 可溶解的特性\n不僅對環境友善 居家清潔也相當便利\n\n其實貓咪早期在野外生活\n較常接觸的多為土壤或碎沙石\n以至於貓咪對於礦砂的接受度是比較高的\n但礦砂的粉塵量相當驚人\n許多貓奴們為了貓咪呼吸道健康\n開始尋找替代方案', 1, '0000-00-00 00:00:00', '2023-08-11 00:00:00', 1),
(14, '何謂天然豆腐砂：讓貓咪擁有舒適如廁體驗', '每每看到市面上琳瑯滿目的貓砂\n礦砂、木屑砂、豆腐砂、花生砂好多種選擇\n發現 近年來越來越多貓咪開始使用豆腐砂\n到底是何方神聖 讓貓咪可以輕鬆使用\n貓奴們無痛換砂 愛不釋手呢～豆腐砂的出生\n\n豆腐砂如同其名\n主要來源為大豆渣經過壓製雛形而成\n仔細聞聞會發想有淡淡的豆味 為一種天然的貓砂唷 \n其原料環保天然 可溶解的特性\n不僅對環境友善 居家清潔也相當便利\n\n其實貓咪早期在野外生活\n較常接觸的多為土壤或碎沙石\n以至於貓咪對於礦砂的接受度是比較高的\n但礦砂的粉塵量相當驚人\n許多貓奴們為了貓咪呼吸道健康\n開始尋找替代方案', 2, '0000-00-00 00:00:00', '2023-08-09 00:00:00', 1),
(15, '貓?時尚誌-夏日多巴胺特輯', '每每看到市面上琳瑯滿目的貓砂\n礦砂、木屑砂、豆腐砂、花生砂好多種選擇\n發現 近年來越來越多貓咪開始使用豆腐砂\n到底是何方神聖 讓貓咪可以輕鬆使用\n貓奴們無痛換砂 愛不釋手呢～豆腐砂的出生\n\n豆腐砂如同其名\n主要來源為大豆渣經過壓製雛形而成\n仔細聞聞會發想有淡淡的豆味 為一種天然的貓砂唷 \n其原料環保天然 可溶解的特性\n不僅對環境友善 居家清潔也相當便利\n\n其實貓咪早期在野外生活\n較常接觸的多為土壤或碎沙石\n以至於貓咪對於礦砂的接受度是比較高的\n但礦砂的粉塵量相當驚人\n許多貓奴們為了貓咪呼吸道健康\n開始尋找替代方案', 3, '0000-00-00 00:00:00', '2023-08-04 00:00:00', 1),
(16, '走吧！跟我回家 是我們邂逅的起點 ', '每每看到市面上琳瑯滿目的貓砂\n礦砂、木屑砂、豆腐砂、花生砂好多種選擇\n發現 近年來越來越多貓咪開始使用豆腐砂\n到底是何方神聖 讓貓咪可以輕鬆使用\n貓奴們無痛換砂 愛不釋手呢～豆腐砂的出生\n\n豆腐砂如同其名\n主要來源為大豆渣經過壓製雛形而成\n仔細聞聞會發想有淡淡的豆味 為一種天然的貓砂唷 \n其原料環保天然 可溶解的特性\n不僅對環境友善 居家清潔也相當便利\n\n其實貓咪早期在野外生活\n較常接觸的多為土壤或碎沙石\n以至於貓咪對於礦砂的接受度是比較高的\n但礦砂的粉塵量相當驚人\n許多貓奴們為了貓咪呼吸道健康\n開始尋找替代方案', 1, '0000-00-00 00:00:00', '2023-08-02 00:00:00', 1),
(17, '貓砂大揭密：貓咪愛的秘方，完美貓砂全攻略！', '每每看到市面上琳瑯滿目的貓砂\n礦砂、木屑砂、豆腐砂、花生砂好多種選擇\n發現 近年來越來越多貓咪開始使用豆腐砂\n到底是何方神聖 讓貓咪可以輕鬆使用\n貓奴們無痛換砂 愛不釋手呢～豆腐砂的出生\n\n豆腐砂如同其名\n主要來源為大豆渣經過壓製雛形而成\n仔細聞聞會發想有淡淡的豆味 為一種天然的貓砂唷 \n其原料環保天然 可溶解的特性\n不僅對環境友善 居家清潔也相當便利\n\n其實貓咪早期在野外生活\n較常接觸的多為土壤或碎沙石\n以至於貓咪對於礦砂的接受度是比較高的\n但礦砂的粉塵量相當驚人\n許多貓奴們為了貓咪呼吸道健康\n開始尋找替代方案', 2, '0000-00-00 00:00:00', '2023-07-28 00:00:00', 1),
(18, '貓咪流眼淚的背後：從健康問題到日常照護', '每每看到市面上琳瑯滿目的貓砂\n礦砂、木屑砂、豆腐砂、花生砂好多種選擇\n發現 近年來越來越多貓咪開始使用豆腐砂\n到底是何方神聖 讓貓咪可以輕鬆使用\n貓奴們無痛換砂 愛不釋手呢～豆腐砂的出生\n\n豆腐砂如同其名\n主要來源為大豆渣經過壓製雛形而成\n仔細聞聞會發想有淡淡的豆味 為一種天然的貓砂唷 \n其原料環保天然 可溶解的特性\n不僅對環境友善 居家清潔也相當便利\n\n其實貓咪早期在野外生活\n較常接觸的多為土壤或碎沙石\n以至於貓咪對於礦砂的接受度是比較高的\n但礦砂的粉塵量相當驚人\n許多貓奴們為了貓咪呼吸道健康\n開始尋找替代方案', 3, '0000-00-00 00:00:00', '2023-07-26 00:00:00', 1),
(19, '貓奴?暑假作業-對抗炎炎夏日', '每每看到市面上琳瑯滿目的貓砂\n礦砂、木屑砂、豆腐砂、花生砂好多種選擇\n發現 近年來越來越多貓咪開始使用豆腐砂\n到底是何方神聖 讓貓咪可以輕鬆使用\n貓奴們無痛換砂 愛不釋手呢～豆腐砂的出生\n\n豆腐砂如同其名\n主要來源為大豆渣經過壓製雛形而成\n仔細聞聞會發想有淡淡的豆味 為一種天然的貓砂唷 \n其原料環保天然 可溶解的特性\n不僅對環境友善 居家清潔也相當便利\n\n其實貓咪早期在野外生活\n較常接觸的多為土壤或碎沙石\n以至於貓咪對於礦砂的接受度是比較高的\n但礦砂的粉塵量相當驚人\n許多貓奴們為了貓咪呼吸道健康\n開始尋找替代方案', 1, '0000-00-00 00:00:00', '2023-07-21 00:00:00', 1),
(20, 'Vetreska x 皮克斯聯名系列｜帶你重回童心', '每每看到市面上琳瑯滿目的貓砂\n礦砂、木屑砂、豆腐砂、花生砂好多種選擇\n發現 近年來越來越多貓咪開始使用豆腐砂\n到底是何方神聖 讓貓咪可以輕鬆使用\n貓奴們無痛換砂 愛不釋手呢～豆腐砂的出生\n\n豆腐砂如同其名\n主要來源為大豆渣經過壓製雛形而成\n仔細聞聞會發想有淡淡的豆味 為一種天然的貓砂唷 \n其原料環保天然 可溶解的特性\n不僅對環境友善 居家清潔也相當便利\n\n其實貓咪早期在野外生活\n較常接觸的多為土壤或碎沙石\n以至於貓咪對於礦砂的接受度是比較高的\n但礦砂的粉塵量相當驚人\n許多貓奴們為了貓咪呼吸道健康\n開始尋找替代方案', 2, '0000-00-00 00:00:00', '2023-07-19 00:00:00', 1),
(21, '貓咪尾巴解密：尾巴的語言和情緒信號', '每每看到市面上琳瑯滿目的貓砂\n礦砂、木屑砂、豆腐砂、花生砂好多種選擇\n發現 近年來越來越多貓咪開始使用豆腐砂\n到底是何方神聖 讓貓咪可以輕鬆使用\n貓奴們無痛換砂 愛不釋手呢～豆腐砂的出生\n\n豆腐砂如同其名\n主要來源為大豆渣經過壓製雛形而成\n仔細聞聞會發想有淡淡的豆味 為一種天然的貓砂唷 \n其原料環保天然 可溶解的特性\n不僅對環境友善 居家清潔也相當便利\n\n其實貓咪早期在野外生活\n較常接觸的多為土壤或碎沙石\n以至於貓咪對於礦砂的接受度是比較高的\n但礦砂的粉塵量相當驚人\n許多貓奴們為了貓咪呼吸道健康\n開始尋找替代方案', 3, '0000-00-00 00:00:00', '2023-07-19 00:00:00', 1),
(22, '貓咪指甲維護指南', '每每看到市面上琳瑯滿目的貓砂\n礦砂、木屑砂、豆腐砂、花生砂好多種選擇\n發現 近年來越來越多貓咪開始使用豆腐砂\n到底是何方神聖 讓貓咪可以輕鬆使用\n貓奴們無痛換砂 愛不釋手呢～豆腐砂的出生\n\n豆腐砂如同其名\n主要來源為大豆渣經過壓製雛形而成\n仔細聞聞會發想有淡淡的豆味 為一種天然的貓砂唷 \n其原料環保天然 可溶解的特性\n不僅對環境友善 居家清潔也相當便利\n\n其實貓咪早期在野外生活\n較常接觸的多為土壤或碎沙石\n以至於貓咪對於礦砂的接受度是比較高的\n但礦砂的粉塵量相當驚人\n許多貓奴們為了貓咪呼吸道健康\n開始尋找替代方案', 1, '0000-00-00 00:00:00', '2023-07-12 00:00:00', 1),
(23, '探索貓咪睡眠習慣：週期與睡姿指南', '每每看到市面上琳瑯滿目的貓砂\n礦砂、木屑砂、豆腐砂、花生砂好多種選擇\n發現 近年來越來越多貓咪開始使用豆腐砂\n到底是何方神聖 讓貓咪可以輕鬆使用\n貓奴們無痛換砂 愛不釋手呢～豆腐砂的出生\n\n豆腐砂如同其名\n主要來源為大豆渣經過壓製雛形而成\n仔細聞聞會發想有淡淡的豆味 為一種天然的貓砂唷 \n其原料環保天然 可溶解的特性\n不僅對環境友善 居家清潔也相當便利\n\n其實貓咪早期在野外生活\n較常接觸的多為土壤或碎沙石\n以至於貓咪對於礦砂的接受度是比較高的\n但礦砂的粉塵量相當驚人\n許多貓奴們為了貓咪呼吸道健康\n開始尋找替代方案', 2, '0000-00-00 00:00:00', '2023-07-05 00:00:00', 1),
(24, '毛孩好物研究 - PURLAB 毛毛蟲吃蘋果', '每每看到市面上琳瑯滿目的貓砂\n礦砂、木屑砂、豆腐砂、花生砂好多種選擇\n發現 近年來越來越多貓咪開始使用豆腐砂\n到底是何方神聖 讓貓咪可以輕鬆使用\n貓奴們無痛換砂 愛不釋手呢～豆腐砂的出生\n\n豆腐砂如同其名\n主要來源為大豆渣經過壓製雛形而成\n仔細聞聞會發想有淡淡的豆味 為一種天然的貓砂唷 \n其原料環保天然 可溶解的特性\n不僅對環境友善 居家清潔也相當便利\n\n其實貓咪早期在野外生活\n較常接觸的多為土壤或碎沙石\n以至於貓咪對於礦砂的接受度是比較高的\n但礦砂的粉塵量相當驚人\n許多貓奴們為了貓咪呼吸道健康\n開始尋找替代方案', 3, '0000-00-00 00:00:00', '2023-07-03 00:00:00', 1),
(25, '夏天有效預防貓咪尿路問題和脫水', '每每看到市面上琳瑯滿目的貓砂\n礦砂、木屑砂、豆腐砂、花生砂好多種選擇\n發現 近年來越來越多貓咪開始使用豆腐砂\n到底是何方神聖 讓貓咪可以輕鬆使用\n貓奴們無痛換砂 愛不釋手呢～豆腐砂的出生\n\n豆腐砂如同其名\n主要來源為大豆渣經過壓製雛形而成\n仔細聞聞會發想有淡淡的豆味 為一種天然的貓砂唷 \n其原料環保天然 可溶解的特性\n不僅對環境友善 居家清潔也相當便利\n\n其實貓咪早期在野外生活\n較常接觸的多為土壤或碎沙石\n以至於貓咪對於礦砂的接受度是比較高的\n但礦砂的粉塵量相當驚人\n許多貓奴們為了貓咪呼吸道健康\n開始尋找替代方案', 1, '0000-00-00 00:00:00', '2023-06-28 00:00:00', 1),
(26, '解決貓咪粉刺困擾：有效的護理與清潔方式', '每每看到市面上琳瑯滿目的貓砂\n礦砂、木屑砂、豆腐砂、花生砂好多種選擇\n發現 近年來越來越多貓咪開始使用豆腐砂\n到底是何方神聖 讓貓咪可以輕鬆使用\n貓奴們無痛換砂 愛不釋手呢～豆腐砂的出生\n\n豆腐砂如同其名\n主要來源為大豆渣經過壓製雛形而成\n仔細聞聞會發想有淡淡的豆味 為一種天然的貓砂唷 \n其原料環保天然 可溶解的特性\n不僅對環境友善 居家清潔也相當便利\n\n其實貓咪早期在野外生活\n較常接觸的多為土壤或碎沙石\n以至於貓咪對於礦砂的接受度是比較高的\n但礦砂的粉塵量相當驚人\n許多貓奴們為了貓咪呼吸道健康\n開始尋找替代方案', 2, '0000-00-00 00:00:00', '2023-06-21 00:00:00', 1),
(27, '夏日避暑攻略：了解貓咪的散熱需求和避暑準備', '每每看到市面上琳瑯滿目的貓砂\n礦砂、木屑砂、豆腐砂、花生砂好多種選擇\n發現 近年來越來越多貓咪開始使用豆腐砂\n到底是何方神聖 讓貓咪可以輕鬆使用\n貓奴們無痛換砂 愛不釋手呢～豆腐砂的出生\n\n豆腐砂如同其名\n主要來源為大豆渣經過壓製雛形而成\n仔細聞聞會發想有淡淡的豆味 為一種天然的貓砂唷 \n其原料環保天然 可溶解的特性\n不僅對環境友善 居家清潔也相當便利\n\n其實貓咪早期在野外生活\n較常接觸的多為土壤或碎沙石\n以至於貓咪對於礦砂的接受度是比較高的\n但礦砂的粉塵量相當驚人\n許多貓奴們為了貓咪呼吸道健康\n開始尋找替代方案', 3, '0000-00-00 00:00:00', '2023-06-14 00:00:00', 1),
(28, '狗狗肥胖防治指南：肥胖主因與健康維護', '每每看到市面上琳瑯滿目的貓砂\n礦砂、木屑砂、豆腐砂、花生砂好多種選擇\n發現 近年來越來越多貓咪開始使用豆腐砂\n到底是何方神聖 讓貓咪可以輕鬆使用\n貓奴們無痛換砂 愛不釋手呢～豆腐砂的出生\n\n豆腐砂如同其名\n主要來源為大豆渣經過壓製雛形而成\n仔細聞聞會發想有淡淡的豆味 為一種天然的貓砂唷 \n其原料環保天然 可溶解的特性\n不僅對環境友善 居家清潔也相當便利\n\n其實貓咪早期在野外生活\n較常接觸的多為土壤或碎沙石\n以至於貓咪對於礦砂的接受度是比較高的\n但礦砂的粉塵量相當驚人\n許多貓奴們為了貓咪呼吸道健康\n開始尋找替代方案', 1, '0000-00-00 00:00:00', '2023-06-07 00:00:00', 1),
(29, '毛孩好物研究 - pidan 臨時住所', '每每看到市面上琳瑯滿目的貓砂\n礦砂、木屑砂、豆腐砂、花生砂好多種選擇\n發現 近年來越來越多貓咪開始使用豆腐砂\n到底是何方神聖 讓貓咪可以輕鬆使用\n貓奴們無痛換砂 愛不釋手呢～豆腐砂的出生\n\n豆腐砂如同其名\n主要來源為大豆渣經過壓製雛形而成\n仔細聞聞會發想有淡淡的豆味 為一種天然的貓砂唷 \n其原料環保天然 可溶解的特性\n不僅對環境友善 居家清潔也相當便利\n\n其實貓咪早期在野外生活\n較常接觸的多為土壤或碎沙石\n以至於貓咪對於礦砂的接受度是比較高的\n但礦砂的粉塵量相當驚人\n許多貓奴們為了貓咪呼吸道健康\n開始尋找替代方案', 2, '0000-00-00 00:00:00', '2023-06-05 00:00:00', 1),
(30, 'Ideal and Wonderful Life.', '每每看到市面上琳瑯滿目的貓砂\n礦砂、木屑砂、豆腐砂、花生砂好多種選擇\n發現 近年來越來越多貓咪開始使用豆腐砂\n到底是何方神聖 讓貓咪可以輕鬆使用\n貓奴們無痛換砂 愛不釋手呢～豆腐砂的出生\n\n豆腐砂如同其名\n主要來源為大豆渣經過壓製雛形而成\n仔細聞聞會發想有淡淡的豆味 為一種天然的貓砂唷 \n其原料環保天然 可溶解的特性\n不僅對環境友善 居家清潔也相當便利\n\n其實貓咪早期在野外生活\n較常接觸的多為土壤或碎沙石\n以至於貓咪對於礦砂的接受度是比較高的\n但礦砂的粉塵量相當驚人\n許多貓奴們為了貓咪呼吸道健康\n開始尋找替代方案', 3, '0000-00-00 00:00:00', '2023-06-05 00:00:00', 1),
(31, '解析貓咪肛門腺：功能保健與日常護理', '每每看到市面上琳瑯滿目的貓砂\n礦砂、木屑砂、豆腐砂、花生砂好多種選擇\n發現 近年來越來越多貓咪開始使用豆腐砂\n到底是何方神聖 讓貓咪可以輕鬆使用\n貓奴們無痛換砂 愛不釋手呢～豆腐砂的出生\n\n豆腐砂如同其名\n主要來源為大豆渣經過壓製雛形而成\n仔細聞聞會發想有淡淡的豆味 為一種天然的貓砂唷 \n其原料環保天然 可溶解的特性\n不僅對環境友善 居家清潔也相當便利\n\n其實貓咪早期在野外生活\n較常接觸的多為土壤或碎沙石\n以至於貓咪對於礦砂的接受度是比較高的\n但礦砂的粉塵量相當驚人\n許多貓奴們為了貓咪呼吸道健康\n開始尋找替代方案', 1, '0000-00-00 00:00:00', '2023-05-31 00:00:00', 1),
(32, 'cheng cheng x mao & kou 聯名企劃｜永遠相信一切美好事物的發生', '每每看到市面上琳瑯滿目的貓砂\n礦砂、木屑砂、豆腐砂、花生砂好多種選擇\n發現 近年來越來越多貓咪開始使用豆腐砂\n到底是何方神聖 讓貓咪可以輕鬆使用\n貓奴們無痛換砂 愛不釋手呢～豆腐砂的出生\n\n豆腐砂如同其名\n主要來源為大豆渣經過壓製雛形而成\n仔細聞聞會發想有淡淡的豆味 為一種天然的貓砂唷 \n其原料環保天然 可溶解的特性\n不僅對環境友善 居家清潔也相當便利\n\n其實貓咪早期在野外生活\n較常接觸的多為土壤或碎沙石\n以至於貓咪對於礦砂的接受度是比較高的\n但礦砂的粉塵量相當驚人\n許多貓奴們為了貓咪呼吸道健康\n開始尋找替代方案', 2, '0000-00-00 00:00:00', '2023-05-26 00:00:00', 1),
(33, '貓咪日常知識指南：嘔吐症狀與應對方式', '每每看到市面上琳瑯滿目的貓砂\n礦砂、木屑砂、豆腐砂、花生砂好多種選擇\n發現 近年來越來越多貓咪開始使用豆腐砂\n到底是何方神聖 讓貓咪可以輕鬆使用\n貓奴們無痛換砂 愛不釋手呢～豆腐砂的出生\n\n豆腐砂如同其名\n主要來源為大豆渣經過壓製雛形而成\n仔細聞聞會發想有淡淡的豆味 為一種天然的貓砂唷 \n其原料環保天然 可溶解的特性\n不僅對環境友善 居家清潔也相當便利\n\n其實貓咪早期在野外生活\n較常接觸的多為土壤或碎沙石\n以至於貓咪對於礦砂的接受度是比較高的\n但礦砂的粉塵量相當驚人\n許多貓奴們為了貓咪呼吸道健康\n開始尋找替代方案', 3, '0000-00-00 00:00:00', '2023-05-25 00:00:00', 1),
(34, '毛孩好物研究 - KAMA MUTA 撿便袋收納盒', '每每看到市面上琳瑯滿目的貓砂\n礦砂、木屑砂、豆腐砂、花生砂好多種選擇\n發現 近年來越來越多貓咪開始使用豆腐砂\n到底是何方神聖 讓貓咪可以輕鬆使用\n貓奴們無痛換砂 愛不釋手呢～豆腐砂的出生\n\n豆腐砂如同其名\n主要來源為大豆渣經過壓製雛形而成\n仔細聞聞會發想有淡淡的豆味 為一種天然的貓砂唷 \n其原料環保天然 可溶解的特性\n不僅對環境友善 居家清潔也相當便利\n\n其實貓咪早期在野外生活\n較常接觸的多為土壤或碎沙石\n以至於貓咪對於礦砂的接受度是比較高的\n但礦砂的粉塵量相當驚人\n許多貓奴們為了貓咪呼吸道健康\n開始尋找替代方案', 1, '0000-00-00 00:00:00', '2023-05-19 00:00:00', 1),
(35, '貓咪飲食攻略：如何選擇適合的貓糧', '每每看到市面上琳瑯滿目的貓砂\n礦砂、木屑砂、豆腐砂、花生砂好多種選擇\n發現 近年來越來越多貓咪開始使用豆腐砂\n到底是何方神聖 讓貓咪可以輕鬆使用\n貓奴們無痛換砂 愛不釋手呢～豆腐砂的出生\n\n豆腐砂如同其名\n主要來源為大豆渣經過壓製雛形而成\n仔細聞聞會發想有淡淡的豆味 為一種天然的貓砂唷 \n其原料環保天然 可溶解的特性\n不僅對環境友善 居家清潔也相當便利\n\n其實貓咪早期在野外生活\n較常接觸的多為土壤或碎沙石\n以至於貓咪對於礦砂的接受度是比較高的\n但礦砂的粉塵量相當驚人\n許多貓奴們為了貓咪呼吸道健康\n開始尋找替代方案', 2, '0000-00-00 00:00:00', '2023-05-17 00:00:00', 1),
(36, '毛孩好物研究-PETHROOM 花朵慢食碗', '每每看到市面上琳瑯滿目的貓砂\n礦砂、木屑砂、豆腐砂、花生砂好多種選擇\n發現 近年來越來越多貓咪開始使用豆腐砂\n到底是何方神聖 讓貓咪可以輕鬆使用\n貓奴們無痛換砂 愛不釋手呢～豆腐砂的出生\n\n豆腐砂如同其名\n主要來源為大豆渣經過壓製雛形而成\n仔細聞聞會發想有淡淡的豆味 為一種天然的貓砂唷 \n其原料環保天然 可溶解的特性\n不僅對環境友善 居家清潔也相當便利\n\n其實貓咪早期在野外生活\n較常接觸的多為土壤或碎沙石\n以至於貓咪對於礦砂的接受度是比較高的\n但礦砂的粉塵量相當驚人\n許多貓奴們為了貓咪呼吸道健康\n開始尋找替代方案', 3, '0000-00-00 00:00:00', '2023-05-16 00:00:00', 1),
(37, '幼貓養護指南：新手貓奴看這邊', '每每看到市面上琳瑯滿目的貓砂\n礦砂、木屑砂、豆腐砂、花生砂好多種選擇\n發現 近年來越來越多貓咪開始使用豆腐砂\n到底是何方神聖 讓貓咪可以輕鬆使用\n貓奴們無痛換砂 愛不釋手呢～豆腐砂的出生\n\n豆腐砂如同其名\n主要來源為大豆渣經過壓製雛形而成\n仔細聞聞會發想有淡淡的豆味 為一種天然的貓砂唷 \n其原料環保天然 可溶解的特性\n不僅對環境友善 居家清潔也相當便利\n\n其實貓咪早期在野外生活\n較常接觸的多為土壤或碎沙石\n以至於貓咪對於礦砂的接受度是比較高的\n但礦砂的粉塵量相當驚人\n許多貓奴們為了貓咪呼吸道健康\n開始尋找替代方案', 1, '0000-00-00 00:00:00', '2023-05-10 00:00:00', 1),
(38, '23 Life with pidan', '每每看到市面上琳瑯滿目的貓砂\n礦砂、木屑砂、豆腐砂、花生砂好多種選擇\n發現 近年來越來越多貓咪開始使用豆腐砂\n到底是何方神聖 讓貓咪可以輕鬆使用\n貓奴們無痛換砂 愛不釋手呢～豆腐砂的出生\n\n豆腐砂如同其名\n主要來源為大豆渣經過壓製雛形而成\n仔細聞聞會發想有淡淡的豆味 為一種天然的貓砂唷 \n其原料環保天然 可溶解的特性\n不僅對環境友善 居家清潔也相當便利\n\n其實貓咪早期在野外生活\n較常接觸的多為土壤或碎沙石\n以至於貓咪對於礦砂的接受度是比較高的\n但礦砂的粉塵量相當驚人\n許多貓奴們為了貓咪呼吸道健康\n開始尋找替代方案', 2, '0000-00-00 00:00:00', '2023-05-04 00:00:00', 1),
(39, '貓咪的快樂來源：貓薄荷使用秘笈', '每每看到市面上琳瑯滿目的貓砂\n礦砂、木屑砂、豆腐砂、花生砂好多種選擇\n發現 近年來越來越多貓咪開始使用豆腐砂\n到底是何方神聖 讓貓咪可以輕鬆使用\n貓奴們無痛換砂 愛不釋手呢～豆腐砂的出生\n\n豆腐砂如同其名\n主要來源為大豆渣經過壓製雛形而成\n仔細聞聞會發想有淡淡的豆味 為一種天然的貓砂唷 \n其原料環保天然 可溶解的特性\n不僅對環境友善 居家清潔也相當便利\n\n其實貓咪早期在野外生活\n較常接觸的多為土壤或碎沙石\n以至於貓咪對於礦砂的接受度是比較高的\n但礦砂的粉塵量相當驚人\n許多貓奴們為了貓咪呼吸道健康\n開始尋找替代方案', 3, '0000-00-00 00:00:00', '2023-05-03 00:00:00', 1),
(40, 'TRAVEL GUIDE 外出旅遊秘笈', '每每看到市面上琳瑯滿目的貓砂\n礦砂、木屑砂、豆腐砂、花生砂好多種選擇\n發現 近年來越來越多貓咪開始使用豆腐砂\n到底是何方神聖 讓貓咪可以輕鬆使用\n貓奴們無痛換砂 愛不釋手呢～豆腐砂的出生\n\n豆腐砂如同其名\n主要來源為大豆渣經過壓製雛形而成\n仔細聞聞會發想有淡淡的豆味 為一種天然的貓砂唷 \n其原料環保天然 可溶解的特性\n不僅對環境友善 居家清潔也相當便利\n\n其實貓咪早期在野外生活\n較常接觸的多為土壤或碎沙石\n以至於貓咪對於礦砂的接受度是比較高的\n但礦砂的粉塵量相當驚人\n許多貓奴們為了貓咪呼吸道健康\n開始尋找替代方案', 1, '0000-00-00 00:00:00', '2023-05-02 00:00:00', 1),
(41, '毛孩好物研究-HiDREAM 軟呼呼寵物窩墊', '每每看到市面上琳瑯滿目的貓砂\n礦砂、木屑砂、豆腐砂、花生砂好多種選擇\n發現 近年來越來越多貓咪開始使用豆腐砂\n到底是何方神聖 讓貓咪可以輕鬆使用\n貓奴們無痛換砂 愛不釋手呢～豆腐砂的出生\n\n豆腐砂如同其名\n主要來源為大豆渣經過壓製雛形而成\n仔細聞聞會發想有淡淡的豆味 為一種天然的貓砂唷 \n其原料環保天然 可溶解的特性\n不僅對環境友善 居家清潔也相當便利\n\n其實貓咪早期在野外生活\n較常接觸的多為土壤或碎沙石\n以至於貓咪對於礦砂的接受度是比較高的\n但礦砂的粉塵量相當驚人\n許多貓奴們為了貓咪呼吸道健康\n開始尋找替代方案', 2, '0000-00-00 00:00:00', '2023-04-28 00:00:00', 1),
(42, '糖尿病徵兆與併發症：貓咪飲食管理建議', '每每看到市面上琳瑯滿目的貓砂\n礦砂、木屑砂、豆腐砂、花生砂好多種選擇\n發現 近年來越來越多貓咪開始使用豆腐砂\n到底是何方神聖 讓貓咪可以輕鬆使用\n貓奴們無痛換砂 愛不釋手呢～豆腐砂的出生\n\n豆腐砂如同其名\n主要來源為大豆渣經過壓製雛形而成\n仔細聞聞會發想有淡淡的豆味 為一種天然的貓砂唷 \n其原料環保天然 可溶解的特性\n不僅對環境友善 居家清潔也相當便利\n\n其實貓咪早期在野外生活\n較常接觸的多為土壤或碎沙石\n以至於貓咪對於礦砂的接受度是比較高的\n但礦砂的粉塵量相當驚人\n許多貓奴們為了貓咪呼吸道健康\n開始尋找替代方案', 3, '0000-00-00 00:00:00', '2023-04-26 00:00:00', 1),
(43, '貓咪關節保健指南：關節保養秘訣', '每每看到市面上琳瑯滿目的貓砂\n礦砂、木屑砂、豆腐砂、花生砂好多種選擇\n發現 近年來越來越多貓咪開始使用豆腐砂\n到底是何方神聖 讓貓咪可以輕鬆使用\n貓奴們無痛換砂 愛不釋手呢～豆腐砂的出生\n\n豆腐砂如同其名\n主要來源為大豆渣經過壓製雛形而成\n仔細聞聞會發想有淡淡的豆味 為一種天然的貓砂唷 \n其原料環保天然 可溶解的特性\n不僅對環境友善 居家清潔也相當便利\n\n其實貓咪早期在野外生活\n較常接觸的多為土壤或碎沙石\n以至於貓咪對於礦砂的接受度是比較高的\n但礦砂的粉塵量相當驚人\n許多貓奴們為了貓咪呼吸道健康\n開始尋找替代方案', 1, '0000-00-00 00:00:00', '2023-04-19 00:00:00', 1),
(44, '毛孩好物研究-meoof 豆腐小沙發', '每每看到市面上琳瑯滿目的貓砂\n礦砂、木屑砂、豆腐砂、花生砂好多種選擇\n發現 近年來越來越多貓咪開始使用豆腐砂\n到底是何方神聖 讓貓咪可以輕鬆使用\n貓奴們無痛換砂 愛不釋手呢～豆腐砂的出生\n\n豆腐砂如同其名\n主要來源為大豆渣經過壓製雛形而成\n仔細聞聞會發想有淡淡的豆味 為一種天然的貓砂唷 \n其原料環保天然 可溶解的特性\n不僅對環境友善 居家清潔也相當便利\n\n其實貓咪早期在野外生活\n較常接觸的多為土壤或碎沙石\n以至於貓咪對於礦砂的接受度是比較高的\n但礦砂的粉塵量相當驚人\n許多貓奴們為了貓咪呼吸道健康\n開始尋找替代方案', 2, '0000-00-00 00:00:00', '2023-04-14 00:00:00', 1),
(45, '狗狗皮膚保健指南-病症與照護', '每每看到市面上琳瑯滿目的貓砂\n礦砂、木屑砂、豆腐砂、花生砂好多種選擇\n發現 近年來越來越多貓咪開始使用豆腐砂\n到底是何方神聖 讓貓咪可以輕鬆使用\n貓奴們無痛換砂 愛不釋手呢～豆腐砂的出生\n\n豆腐砂如同其名\n主要來源為大豆渣經過壓製雛形而成\n仔細聞聞會發想有淡淡的豆味 為一種天然的貓砂唷 \n其原料環保天然 可溶解的特性\n不僅對環境友善 居家清潔也相當便利\n\n其實貓咪早期在野外生活\n較常接觸的多為土壤或碎沙石\n以至於貓咪對於礦砂的接受度是比較高的\n但礦砂的粉塵量相當驚人\n許多貓奴們為了貓咪呼吸道健康\n開始尋找替代方案', 3, '0000-00-00 00:00:00', '2023-04-12 00:00:00', 1),
(46, '貓咪泌尿道的幾件事-病徵與日常護理', '每每看到市面上琳瑯滿目的貓砂\n礦砂、木屑砂、豆腐砂、花生砂好多種選擇\n發現 近年來越來越多貓咪開始使用豆腐砂\n到底是何方神聖 讓貓咪可以輕鬆使用\n貓奴們無痛換砂 愛不釋手呢～豆腐砂的出生\n\n豆腐砂如同其名\n主要來源為大豆渣經過壓製雛形而成\n仔細聞聞會發想有淡淡的豆味 為一種天然的貓砂唷 \n其原料環保天然 可溶解的特性\n不僅對環境友善 居家清潔也相當便利\n\n其實貓咪早期在野外生活\n較常接觸的多為土壤或碎沙石\n以至於貓咪對於礦砂的接受度是比較高的\n但礦砂的粉塵量相當驚人\n許多貓奴們為了貓咪呼吸道健康\n開始尋找替代方案', 1, '0000-00-00 00:00:00', '2023-04-06 00:00:00', 1),
(47, '封面毛孩 EP02 『 有了你們，生活多了另一個重要的意義 』feat. 薯餅薯泥是隻橘貓', '每每看到市面上琳瑯滿目的貓砂\n礦砂、木屑砂、豆腐砂、花生砂好多種選擇\n發現 近年來越來越多貓咪開始使用豆腐砂\n到底是何方神聖 讓貓咪可以輕鬆使用\n貓奴們無痛換砂 愛不釋手呢～豆腐砂的出生\n\n豆腐砂如同其名\n主要來源為大豆渣經過壓製雛形而成\n仔細聞聞會發想有淡淡的豆味 為一種天然的貓砂唷 \n其原料環保天然 可溶解的特性\n不僅對環境友善 居家清潔也相當便利\n\n其實貓咪早期在野外生活\n較常接觸的多為土壤或碎沙石\n以至於貓咪對於礦砂的接受度是比較高的\n但礦砂的粉塵量相當驚人\n許多貓奴們為了貓咪呼吸道健康\n開始尋找替代方案', 2, '0000-00-00 00:00:00', '2023-03-31 00:00:00', 1),
(48, '兒童節特別企劃-玩具大賞', '每每看到市面上琳瑯滿目的貓砂\n礦砂、木屑砂、豆腐砂、花生砂好多種選擇\n發現 近年來越來越多貓咪開始使用豆腐砂\n到底是何方神聖 讓貓咪可以輕鬆使用\n貓奴們無痛換砂 愛不釋手呢～豆腐砂的出生\n\n豆腐砂如同其名\n主要來源為大豆渣經過壓製雛形而成\n仔細聞聞會發想有淡淡的豆味 為一種天然的貓砂唷 \n其原料環保天然 可溶解的特性\n不僅對環境友善 居家清潔也相當便利\n\n其實貓咪早期在野外生活\n較常接觸的多為土壤或碎沙石\n以至於貓咪對於礦砂的接受度是比較高的\n但礦砂的粉塵量相當驚人\n許多貓奴們為了貓咪呼吸道健康\n開始尋找替代方案', 3, '0000-00-00 00:00:00', '2023-03-30 00:00:00', 1),
(49, '毛孩好物研究-PETHROOM寵物快速烘毛夾克', '每每看到市面上琳瑯滿目的貓砂\n礦砂、木屑砂、豆腐砂、花生砂好多種選擇\n發現 近年來越來越多貓咪開始使用豆腐砂\n到底是何方神聖 讓貓咪可以輕鬆使用\n貓奴們無痛換砂 愛不釋手呢～豆腐砂的出生\n\n豆腐砂如同其名\n主要來源為大豆渣經過壓製雛形而成\n仔細聞聞會發想有淡淡的豆味 為一種天然的貓砂唷 \n其原料環保天然 可溶解的特性\n不僅對環境友善 居家清潔也相當便利\n\n其實貓咪早期在野外生活\n較常接觸的多為土壤或碎沙石\n以至於貓咪對於礦砂的接受度是比較高的\n但礦砂的粉塵量相當驚人\n許多貓奴們為了貓咪呼吸道健康\n開始尋找替代方案', 1, '0000-00-00 00:00:00', '2023-03-29 00:00:00', 1),
(50, '貓咪日常知識站：化毛與毛球', '每每看到市面上琳瑯滿目的貓砂\n礦砂、木屑砂、豆腐砂、花生砂好多種選擇\n發現 近年來越來越多貓咪開始使用豆腐砂\n到底是何方神聖 讓貓咪可以輕鬆使用\n貓奴們無痛換砂 愛不釋手呢～豆腐砂的出生\n\n豆腐砂如同其名\n主要來源為大豆渣經過壓製雛形而成\n仔細聞聞會發想有淡淡的豆味 為一種天然的貓砂唷 \n其原料環保天然 可溶解的特性\n不僅對環境友善 居家清潔也相當便利\n\n其實貓咪早期在野外生活\n較常接觸的多為土壤或碎沙石\n以至於貓咪對於礦砂的接受度是比較高的\n但礦砂的粉塵量相當驚人\n許多貓奴們為了貓咪呼吸道健康\n開始尋找替代方案', 2, '0000-00-00 00:00:00', '2023-03-28 00:00:00', 1),
(51, '毛孩好物研究-小雞家族大集合', '每每看到市面上琳瑯滿目的貓砂\n礦砂、木屑砂、豆腐砂、花生砂好多種選擇\n發現 近年來越來越多貓咪開始使用豆腐砂\n到底是何方神聖 讓貓咪可以輕鬆使用\n貓奴們無痛換砂 愛不釋手呢～豆腐砂的出生\n\n豆腐砂如同其名\n主要來源為大豆渣經過壓製雛形而成\n仔細聞聞會發想有淡淡的豆味 為一種天然的貓砂唷 \n其原料環保天然 可溶解的特性\n不僅對環境友善 居家清潔也相當便利\n\n其實貓咪早期在野外生活\n較常接觸的多為土壤或碎沙石\n以至於貓咪對於礦砂的接受度是比較高的\n但礦砂的粉塵量相當驚人\n許多貓奴們為了貓咪呼吸道健康\n開始尋找替代方案', 3, '0000-00-00 00:00:00', '2023-03-23 00:00:00', 1),
(52, '貓咪壓力焦慮症狀：自然緩解小撇步', '每每看到市面上琳瑯滿目的貓砂\n礦砂、木屑砂、豆腐砂、花生砂好多種選擇\n發現 近年來越來越多貓咪開始使用豆腐砂\n到底是何方神聖 讓貓咪可以輕鬆使用\n貓奴們無痛換砂 愛不釋手呢～豆腐砂的出生\n\n豆腐砂如同其名\n主要來源為大豆渣經過壓製雛形而成\n仔細聞聞會發想有淡淡的豆味 為一種天然的貓砂唷 \n其原料環保天然 可溶解的特性\n不僅對環境友善 居家清潔也相當便利\n\n其實貓咪早期在野外生活\n較常接觸的多為土壤或碎沙石\n以至於貓咪對於礦砂的接受度是比較高的\n但礦砂的粉塵量相當驚人\n許多貓奴們為了貓咪呼吸道健康\n開始尋找替代方案', 1, '0000-00-00 00:00:00', '2023-03-21 00:00:00', 1),
(53, '毛孩好物研究-FurryTail露營背包', '每每看到市面上琳瑯滿目的貓砂\n礦砂、木屑砂、豆腐砂、花生砂好多種選擇\n發現 近年來越來越多貓咪開始使用豆腐砂\n到底是何方神聖 讓貓咪可以輕鬆使用\n貓奴們無痛換砂 愛不釋手呢～豆腐砂的出生\n\n豆腐砂如同其名\n主要來源為大豆渣經過壓製雛形而成\n仔細聞聞會發想有淡淡的豆味 為一種天然的貓砂唷 \n其原料環保天然 可溶解的特性\n不僅對環境友善 居家清潔也相當便利\n\n其實貓咪早期在野外生活\n較常接觸的多為土壤或碎沙石\n以至於貓咪對於礦砂的接受度是比較高的\n但礦砂的粉塵量相當驚人\n許多貓奴們為了貓咪呼吸道健康\n開始尋找替代方案', 2, '0000-00-00 00:00:00', '2023-03-17 00:00:00', 1),
(54, '毛孩好物研究 - pidan 新風寵物外出箱', '每每看到市面上琳瑯滿目的貓砂\n礦砂、木屑砂、豆腐砂、花生砂好多種選擇\n發現 近年來越來越多貓咪開始使用豆腐砂\n到底是何方神聖 讓貓咪可以輕鬆使用\n貓奴們無痛換砂 愛不釋手呢～豆腐砂的出生\n\n豆腐砂如同其名\n主要來源為大豆渣經過壓製雛形而成\n仔細聞聞會發想有淡淡的豆味 為一種天然的貓砂唷 \n其原料環保天然 可溶解的特性\n不僅對環境友善 居家清潔也相當便利\n\n其實貓咪早期在野外生活\n較常接觸的多為土壤或碎沙石\n以至於貓咪對於礦砂的接受度是比較高的\n但礦砂的粉塵量相當驚人\n許多貓奴們為了貓咪呼吸道健康\n開始尋找替代方案', 3, '0000-00-00 00:00:00', '2023-03-15 00:00:00', 1),
(55, '貓咪牙結石保健指南：如何預防和治療牙結石', '每每看到市面上琳瑯滿目的貓砂\n礦砂、木屑砂、豆腐砂、花生砂好多種選擇\n發現 近年來越來越多貓咪開始使用豆腐砂\n到底是何方神聖 讓貓咪可以輕鬆使用\n貓奴們無痛換砂 愛不釋手呢～豆腐砂的出生\n\n豆腐砂如同其名\n主要來源為大豆渣經過壓製雛形而成\n仔細聞聞會發想有淡淡的豆味 為一種天然的貓砂唷 \n其原料環保天然 可溶解的特性\n不僅對環境友善 居家清潔也相當便利\n\n其實貓咪早期在野外生活\n較常接觸的多為土壤或碎沙石\n以至於貓咪對於礦砂的接受度是比較高的\n但礦砂的粉塵量相當驚人\n許多貓奴們為了貓咪呼吸道健康\n開始尋找替代方案', 1, '0000-00-00 00:00:00', '2023-03-14 00:00:00', 1),
(56, '毛孩好物研究-HEYDAY毛孩專屬擴香', '每每看到市面上琳瑯滿目的貓砂\n礦砂、木屑砂、豆腐砂、花生砂好多種選擇\n發現 近年來越來越多貓咪開始使用豆腐砂\n到底是何方神聖 讓貓咪可以輕鬆使用\n貓奴們無痛換砂 愛不釋手呢～豆腐砂的出生\n\n豆腐砂如同其名\n主要來源為大豆渣經過壓製雛形而成\n仔細聞聞會發想有淡淡的豆味 為一種天然的貓砂唷 \n其原料環保天然 可溶解的特性\n不僅對環境友善 居家清潔也相當便利\n\n其實貓咪早期在野外生活\n較常接觸的多為土壤或碎沙石\n以至於貓咪對於礦砂的接受度是比較高的\n但礦砂的粉塵量相當驚人\n許多貓奴們為了貓咪呼吸道健康\n開始尋找替代方案', 2, '0000-00-00 00:00:00', '2023-03-13 00:00:00', 1),
(57, '貓咪腸胃護理知識站：腸胃病徵與飲食', '每每看到市面上琳瑯滿目的貓砂\n礦砂、木屑砂、豆腐砂、花生砂好多種選擇\n發現 近年來越來越多貓咪開始使用豆腐砂\n到底是何方神聖 讓貓咪可以輕鬆使用\n貓奴們無痛換砂 愛不釋手呢～豆腐砂的出生\n\n豆腐砂如同其名\n主要來源為大豆渣經過壓製雛形而成\n仔細聞聞會發想有淡淡的豆味 為一種天然的貓砂唷 \n其原料環保天然 可溶解的特性\n不僅對環境友善 居家清潔也相當便利\n\n其實貓咪早期在野外生活\n較常接觸的多為土壤或碎沙石\n以至於貓咪對於礦砂的接受度是比較高的\n但礦砂的粉塵量相當驚人\n許多貓奴們為了貓咪呼吸道健康\n開始尋找替代方案', 3, '0000-00-00 00:00:00', '2023-03-10 00:00:00', 1),
(58, '貓咪初老養護指南：你必須知道的幾件事', '每每看到市面上琳瑯滿目的貓砂\n礦砂、木屑砂、豆腐砂、花生砂好多種選擇\n發現 近年來越來越多貓咪開始使用豆腐砂\n到底是何方神聖 讓貓咪可以輕鬆使用\n貓奴們無痛換砂 愛不釋手呢～豆腐砂的出生\n\n豆腐砂如同其名\n主要來源為大豆渣經過壓製雛形而成\n仔細聞聞會發想有淡淡的豆味 為一種天然的貓砂唷 \n其原料環保天然 可溶解的特性\n不僅對環境友善 居家清潔也相當便利\n\n其實貓咪早期在野外生活\n較常接觸的多為土壤或碎沙石\n以至於貓咪對於礦砂的接受度是比較高的\n但礦砂的粉塵量相當驚人\n許多貓奴們為了貓咪呼吸道健康\n開始尋找替代方案', 1, '0000-00-00 00:00:00', '2023-03-08 00:00:00', 1),
(59, '貓咪Omega-3護理：健康必備營養素指南', '每每看到市面上琳瑯滿目的貓砂\n礦砂、木屑砂、豆腐砂、花生砂好多種選擇\n發現 近年來越來越多貓咪開始使用豆腐砂\n到底是何方神聖 讓貓咪可以輕鬆使用\n貓奴們無痛換砂 愛不釋手呢～豆腐砂的出生\n\n豆腐砂如同其名\n主要來源為大豆渣經過壓製雛形而成\n仔細聞聞會發想有淡淡的豆味 為一種天然的貓砂唷 \n其原料環保天然 可溶解的特性\n不僅對環境友善 居家清潔也相當便利\n\n其實貓咪早期在野外生活\n較常接觸的多為土壤或碎沙石\n以至於貓咪對於礦砂的接受度是比較高的\n但礦砂的粉塵量相當驚人\n許多貓奴們為了貓咪呼吸道健康\n開始尋找替代方案', 2, '0000-00-00 00:00:00', '2023-03-06 00:00:00', 1),
(60, '靈魂之窗的天然防護：葉黃素與貓', '每每看到市面上琳瑯滿目的貓砂\n礦砂、木屑砂、豆腐砂、花生砂好多種選擇\n發現 近年來越來越多貓咪開始使用豆腐砂\n到底是何方神聖 讓貓咪可以輕鬆使用\n貓奴們無痛換砂 愛不釋手呢～豆腐砂的出生\n\n豆腐砂如同其名\n主要來源為大豆渣經過壓製雛形而成\n仔細聞聞會發想有淡淡的豆味 為一種天然的貓砂唷 \n其原料環保天然 可溶解的特性\n不僅對環境友善 居家清潔也相當便利\n\n其實貓咪早期在野外生活\n較常接觸的多為土壤或碎沙石\n以至於貓咪對於礦砂的接受度是比較高的\n但礦砂的粉塵量相當驚人\n許多貓奴們為了貓咪呼吸道健康\n開始尋找替代方案', 3, '0000-00-00 00:00:00', '2023-03-06 00:00:00', 1);

-- --------------------------------------------------------

--
-- 資料表結構 `article_category`
--

CREATE TABLE `article_category` (
  `article_category_id` int(3) NOT NULL,
  `name` varchar(10) NOT NULL
) ENGINE=InnoDB DEFAULT CHARSET=utf8mb4 COLLATE=utf8mb4_unicode_ci;

--
-- 傾印資料表的資料 `article_category`
--

INSERT INTO `article_category` (`article_category_id`, `name`) VALUES
(1, '日常提案\n'),
(2, '毛孩知識'),
(3, '好物研究');

-- --------------------------------------------------------

--
-- 資料表結構 `article_images`
--

CREATE TABLE `article_images` (
  `id` int(5) NOT NULL,
  `article_id` int(5) NOT NULL,
  `img` varchar(255) NOT NULL
) ENGINE=InnoDB DEFAULT CHARSET=utf8mb4 COLLATE=utf8mb4_unicode_ci;

--
-- 傾印資料表的資料 `article_images`
--

INSERT INTO `article_images` (`id`, `article_id`, `img`) VALUES
(1, 1, 'https://cdn-front.mao-select.com.tw/upload_files/fonlego-rwd/club/生食封面 [已復原]-01.jpg'),
(2, 2, 'https://cdn-front.mao-select.com.tw/upload_files/fonlego-rwd/club/F_開箱文封面牙膏.jpg    '),
(3, 3, 'https://cdn-front.mao-select.com.tw/upload_files/fonlego-rwd/club/F_魚油封面-01.jpg       '),
(4, 4, 'https://cdn-front.mao-select.com.tw/upload_files/fonlego-rwd/club/F_涼感床(1).jpg'),
(5, 5, 'https://cdn-front.mao-select.com.tw/upload_files/fonlego-rwd/club/F_肝臟封面-01.jpg       '),
(6, 6, 'https://cdn-front.mao-select.com.tw/upload_files/fonlego-rwd/club/F_咖啡砂開箱文封面.jpg  '),
(7, 7, 'https://cdn-front.mao-select.com.tw/upload_files/fonlego-rwd/club/F_濕疹封面-01.jpg       '),
(8, 8, 'https://cdn-front.mao-select.com.tw/upload_files/fonlego-rwd/club/F_開箱文封面(12).jpg    '),
(9, 9, 'https://cdn-front.mao-select.com.tw/upload_files/fonlego-rwd/club/F_磨牙封面-01.jpg       '),
(10, 10, 'https://cdn-front.mao-select.com.tw/upload_files/fonlego-rwd/club/F_毛球症封面-01.jpg     '),
(11, 11, 'https://cdn-front.mao-select.com.tw/upload_files/fonlego-rwd/club/F_過敏封面-01.jpg       '),
(12, 12, 'https://cdn-front.mao-select.com.tw/upload_files/fonlego-rwd/club/F_開箱文封面(11).jpg '),
(13, 13, 'https://cdn-front.mao-select.com.tw/upload_files/fonlego-rwd/club/家電.jpg'),
(14, 14, 'https://cdn-front.mao-select.com.tw/upload_files/fonlego-rwd/club/F_豆腐砂封面-01.jpg '),
(15, 15, 'https://cdn-front.mao-select.com.tw/upload_files/fonlego-rwd/club/F_開箱文封面(10).jpg'),
(16, 16, 'https://cdn-front.mao-select.com.tw/upload_files/fonlego-rwd/club/F_資產 56-20.jpg    '),
(17, 17, 'https://cdn-front.mao-select.com.tw/upload_files/fonlego-rwd/club/F_封面.jpg'),
(18, 18, 'https://cdn-front.mao-select.com.tw/upload_files/fonlego-rwd/club/F_眼淚封面-01.jpg   '),
(19, 19, 'https://cdn-front.mao-select.com.tw/upload_files/fonlego-rwd/club/F_夏日(1).jpg       '),
(20, 20, 'https://cdn-front.mao-select.com.tw/upload_files/fonlego-rwd/club/F_開箱文封面(9).jpg '),
(21, 21, 'https://cdn-front.mao-select.com.tw/upload_files/fonlego-rwd/club/F_尾巴封面-01.jpg   '),
(22, 22, 'https://cdn-front.mao-select.com.tw/upload_files/fonlego-rwd/club/F_指甲封面-01.jpg   '),
(23, 23, 'https://cdn-front.mao-select.com.tw/upload_files/fonlego-rwd/club/F_睡眠封面-01.jpg   '),
(24, 24, 'https://cdn-front.mao-select.com.tw/upload_files/fonlego-rwd/club/F_蘋果5(1).jpg '),
(25, 25, 'https://cdn-front.mao-select.com.tw/upload_files/fonlego-rwd/club/飲水封面-01.jpg'),
(26, 26, 'https://cdn-front.mao-select.com.tw/upload_files/fonlego-rwd/club/F_粉刺封面-01.jpg'),
(27, 27, 'https://cdn-front.mao-select.com.tw/upload_files/fonlego-rwd/club/F_避暑封面-01.jpg'),
(28, 28, 'https://cdn-front.mao-select.com.tw/upload_files/fonlego-rwd/club/F_狗狗肥胖封面-01.jpg       '),
(29, 29, 'https://cdn-front.mao-select.com.tw/upload_files/fonlego-rwd/club/F_開箱文封面包包.jpg        '),
(30, 30, 'https://cdn-front.mao-select.com.tw/upload_files/fonlego-rwd/club/F_開箱文封面pidan三包包.jpg '),
(31, 31, 'https://cdn-front.mao-select.com.tw/upload_files/fonlego-rwd/club/F_肛門腺封面-01.jpg'),
(32, 32, 'https://cdn-front.mao-select.com.tw/upload_files/fonlego-rwd/club/F_貓超人貓抓盒開箱文封面.jpg'),
(33, 33, 'https://cdn-front.mao-select.com.tw/upload_files/fonlego-rwd/club/F_嘔吐知識封面-01.jpg       '),
(34, 34, 'https://cdn-front.mao-select.com.tw/upload_files/fonlego-rwd/club/F_開箱文封面1234.jpg        '),
(35, 35, 'https://cdn-front.mao-select.com.tw/upload_files/fonlego-rwd/club/F_乾乾封面-01.jpg'),
(36, 36, 'https://cdn-front.mao-select.com.tw/upload_files/fonlego-rwd/club/F_開箱文封面000(2).jpg '),
(37, 37, 'https://cdn-front.mao-select.com.tw/upload_files/fonlego-rwd/club/幼貓封面-01.jpg'),
(38, 38, 'https://cdn-front.mao-select.com.tw/upload_files/fonlego-rwd/club/F_開箱文封面11.jpg'),
(39, 39, 'https://cdn-front.mao-select.com.tw/upload_files/fonlego-rwd/club/F_貓薄荷封面-01.jpg        '),
(40, 40, 'https://cdn-front.mao-select.com.tw/upload_files/fonlego-rwd/club/F_開箱文封面連假(1).jpg    '),
(41, 41, 'https://cdn-front.mao-select.com.tw/upload_files/fonlego-rwd/club/F_開箱文封面(8).jpg        '),
(42, 42, 'https://cdn-front.mao-select.com.tw/upload_files/fonlego-rwd/club/F_貓咪糖尿病封面-01.jpg    '),
(43, 43, 'https://cdn-front.mao-select.com.tw/upload_files/fonlego-rwd/club/F_貓咪關節封面-01.jpg      '),
(44, 44, 'https://cdn-front.mao-select.com.tw/upload_files/fonlego-rwd/club/F_開箱文封面(7).jpg        '),
(45, 45, 'https://cdn-front.mao-select.com.tw/upload_files/fonlego-rwd/club/F_狗狗皮膚封面-01.jpg      '),
(46, 46, 'https://cdn-front.mao-select.com.tw/upload_files/fonlego-rwd/club/F_泌尿道封面.jpg'),
(47, 47, 'https://cdn-front.mao-select.com.tw/upload_files/fonlego-rwd/club/F_資產 998-20.jpg'),
(48, 48, 'https://cdn-front.mao-select.com.tw/upload_files/fonlego-rwd/club/F_開箱文封面-玩具大賞02.jpg'),
(49, 49, 'https://cdn-front.mao-select.com.tw/upload_files/fonlego-rwd/club/資產 20-20(1).jpg'),
(50, 50, 'https://cdn-front.mao-select.com.tw/upload_files/fonlego-rwd/club/F_化毛封面(1).jpg'),
(51, 51, 'https://cdn-front.mao-select.com.tw/upload_files/fonlego-rwd/club/F_開箱文封面-小雞家族.jpg      '),
(52, 52, 'https://cdn-front.mao-select.com.tw/upload_files/fonlego-rwd/club/F_舒壓開箱文封面.jpg'),
(53, 53, 'https://cdn-front.mao-select.com.tw/upload_files/fonlego-rwd/club/F_開箱文封面(6).jpg'),
(54, 54, 'https://cdn-front.mao-select.com.tw/upload_files/fonlego-rwd/club/F_資產 8-20.jpg'),
(55, 55, 'https://cdn-front.mao-select.com.tw/upload_files/fonlego-rwd/club/F_口腔知識封面.jpg'),
(56, 56, 'https://cdn-front.mao-select.com.tw/upload_files/fonlego-rwd/club/F_開箱文封面-HEYDAY.jpg        '),
(57, 57, 'https://cdn-front.mao-select.com.tw/upload_files/fonlego-rwd/club/F_腸胃知識封面-01.jpg'),
(58, 58, 'https://cdn-front.mao-select.com.tw/upload_files/fonlego-rwd/club/F_開箱文封面加字-03(2).jpg     '),
(59, 59, 'https://cdn-front.mao-select.com.tw/upload_files/fonlego-rwd/club/F_開箱文封面加字_工作區域 1.jpg'),
(60, 60, 'https://cdn-front.mao-select.com.tw/upload_files/fonlego-rwd/club/F_開箱文封面加字-04.jpg ');

-- --------------------------------------------------------

--
-- 資料表結構 `cart`
--

CREATE TABLE `cart` (
  `cart_id` int(10) UNSIGNED NOT NULL,
  `user_id` int(10) NOT NULL,
  `product_id` int(10) NOT NULL,
  `product_type_id` int(50) NOT NULL,
  `quantity` int(10) NOT NULL
) ENGINE=InnoDB DEFAULT CHARSET=utf8mb4 COLLATE=utf8mb4_unicode_ci;

--
-- 傾印資料表的資料 `cart`
--

INSERT INTO `cart` (`cart_id`, `user_id`, `product_id`, `product_type_id`, `quantity`) VALUES
(5, 2, 41, 2, 6),
(6, 2, 310, 1, 4),
(7, 2, 61, 3, 1),
(8, 2, 71, 3, 2),
(9, 3, 81, 4, 7),
(10, 3, 91, 1, 5),
(11, 3, 101, 3, 10),
(12, 3, 111, 2, 8),
(13, 4, 121, 2, 9),
(14, 4, 131, 2, 6),
(15, 4, 141, 4, 4),
(16, 4, 151, 3, 1),
(17, 5, 161, 2, 2),
(18, 5, 171, 1, 7),
(19, 5, 181, 1, 5),
(20, 5, 191, 1, 10),
(39, 1, 50, 1, 3),
(40, 1, 275, 1, 1),
(41, 1, 293, 1, 1),
(42, 1, 140, 1, 1);

-- --------------------------------------------------------

--
-- 資料表結構 `category`
--

CREATE TABLE `category` (
  `category_id` int(30) NOT NULL,
  `category_name` varchar(30) NOT NULL,
  `category_slug` varchar(20) NOT NULL
) ENGINE=InnoDB DEFAULT CHARSET=utf8mb4 COLLATE=utf8mb4_general_ci;

--
-- 傾印資料表的資料 `category`
--

INSERT INTO `category` (`category_id`, `category_name`, `category_slug`) VALUES
(1, '食物', 'food'),
(2, '用品', 'supplies'),
(3, '清潔', 'cleaning'),
(4, '保健', 'healthcare'),
(5, '護理', 'grooming');

-- --------------------------------------------------------

--
-- 資料表結構 `chatlist`
--

CREATE TABLE `chatlist` (
  `chatlist_id` int(11) NOT NULL,
  `chatlist_userId1` int(11) NOT NULL,
  `chatlist_userId2` int(11) NOT NULL
) ENGINE=InnoDB DEFAULT CHARSET=utf8mb4 COLLATE=utf8mb4_general_ci;

--
-- 傾印資料表的資料 `chatlist`
--

INSERT INTO `chatlist` (`chatlist_id`, `chatlist_userId1`, `chatlist_userId2`) VALUES
(1, 30, 2),
(2, 1, 5);

-- --------------------------------------------------------

--
-- 資料表結構 `chat_content`
--

CREATE TABLE `chat_content` (
  `id` int(11) NOT NULL,
  `talk_userId` int(11) NOT NULL,
  `chatlist_id` int(11) NOT NULL,
  `chat_content` varchar(1255) NOT NULL,
  `timestamp` timestamp NOT NULL DEFAULT current_timestamp() ON UPDATE current_timestamp()
) ENGINE=InnoDB DEFAULT CHARSET=utf8mb4 COLLATE=utf8mb4_general_ci;

-- --------------------------------------------------------

--
-- 資料表結構 `coupon`
--

CREATE TABLE `coupon` (
  `coupon_id` int(10) NOT NULL,
  `coupon_code` varchar(200) NOT NULL,
  `start_date` varchar(50) NOT NULL,
  `end_date` varchar(50) NOT NULL,
  `discount_type` varchar(30) NOT NULL,
  `discount_amount` int(30) UNSIGNED NOT NULL,
  `discount` float UNSIGNED NOT NULL,
  `usage_limit` int(30) UNSIGNED NOT NULL,
  `valid` tinyint(4) NOT NULL,
  `level_id` int(30) NOT NULL,
  `title` varchar(255) NOT NULL,
  `usage_min` int(10) NOT NULL
) ENGINE=InnoDB DEFAULT CHARSET=utf8mb4 COLLATE=utf8mb4_general_ci;

--
-- 傾印資料表的資料 `coupon`
--

INSERT INTO `coupon` (`coupon_id`, `coupon_code`, `start_date`, `end_date`, `discount_type`, `discount_amount`, `discount`, `usage_limit`, `valid`, `level_id`, `title`, `usage_min`) VALUES
(1, '1000minus200', '2023/9/1', '2023/11/30', 'minus', 200, 0, 1, 1, 1, '滿1000折200', 1000),
(2, '100minus20', '2023/9/3', '2024/1/31', 'minus', 20, 0, 1, 1, 1, '滿100折20', 100),
(3, '500minus300', '2023/9/6', '2023/11/15', 'minus', 300, 0, 1, 1, 1, '滿500折300', 500),
(4, '2000minus150', '2023/9/26', '2023/9/30', 'minus', 150, 0, 1, 1, 1, '滿2000折150', 2000),
(5, '200minus100', '2023/9/15', '2023/10/30', 'minus', 100, 0, 1, 1, 1, '滿200折100', 200),
(6, '1000minus100', '2023/9/1', '2023/11/15', 'minus', 100, 0, 1, 1, 1, '滿1000折100', 1000),
(7, '600minus300', '2023/9/3', '2023/9/10', 'minus', 300, 0, 1, 1, 1, '滿600折300', 600),
(8, '3000minus1000', '2023/9/6', '2023/9/20', 'minus', 1000, 0, 1, 1, 1, '滿3000折1000', 3000),
(9, '300minus30', '2023/9/1', '2023/11/30', 'minus', 30, 0, 1, 1, 1, '滿300折30', 300),
(10, '400minus40', '2023/9/3', '2024/1/31', 'minus', 40, 0, 1, 1, 1, '滿400折40', 400),
(11, '500minus50', '2023/9/6', '2023/11/15', 'minus', 50, 0, 1, 1, 1, '滿500折50', 500),
(12, '800minus120', '2023/9/26', '2023/9/30', 'minus', 120, 0, 1, 1, 1, '滿800折120', 800),
(13, '10000minus2000', '2023/9/15', '2023/10/30', 'minus', 2000, 0, 1, 1, 1, '滿10000折2000', 10000),
(14, '5000minus500', '2023/9/1', '2023/11/15', 'minus', 500, 0, 1, 1, 1, '滿5000折500', 5000),
(15, '1500minus300', '2023/9/3', '2023/9/10', 'minus', 300, 0, 1, 1, 1, '滿1500折300', 1500),
(16, '23off', '2023/9/6', '2023/9/20', 'off', 77, 0, 1, 1, 1, '全站77折', 3500),
(17, '12off', '2023/9/1', '2023/11/30', 'off', 88, 0, 1, 1, 1, '全站88折', 1500),
(18, '8off', '2023/9/3', '2024/1/31', 'off', 92, 0, 1, 1, 1, '全站92折', 1000),
(19, '9off', '2023/9/6', '2023/11/15', 'off', 93, 0, 1, 1, 1, '全站93折', 1200),
(20, '18off', '2023/9/26', '2023/9/30', 'off', 82, 0, 1, 1, 1, '全站82折', 2000),
(21, '50off', '2023/9/15', '2023/10/30', 'off', 50, 0, 1, 1, 1, '全站5折', 50000),
(22, '40off', '2023/7/1', '2023/12/31', 'off', 60, 0, 1, 1, 1, '全站6折', 10000),
(23, '35off', '2023/9/26', '2023/9/30', 'off', 65, 0, 1, 1, 1, '全站65折', 3000),
(24, '30off', '2023/9/15', '2023/10/30', 'off', 70, 0, 1, 1, 1, '全站7折', 2500),
(25, '25off', '2023/9/1', '2023/9/30', 'off', 75, 0, 1, 1, 1, '全站75折', 2000),
(26, '20off', '2023/9/3', '2023/9/10', 'off', 80, 0, 1, 1, 1, '全站8折', 1500),
(27, '15off', '2023/9/6', '2023/10/30', 'off', 85, 0, 1, 1, 1, '全站85折', 1000),
(28, '10off', '2023/9/26', '2023/9/30', 'off', 90, 0, 1, 1, 1, '全站9折', 500),
(29, '5off', '2023/9/15', '2023/10/30', 'off', 95, 0, 1, 1, 1, '全站95折', 200),
(30, 'welcome', '2023/7/1', '2023/11/30', 'off', 95, 0, 1, 1, 1, '入會禮95折', 100);

-- --------------------------------------------------------

--
-- 資料表結構 `image_helper`
--

CREATE TABLE `image_helper` (
  `image_id` int(11) NOT NULL,
  `group_id` int(100) NOT NULL,
  `file_path` varchar(255) NOT NULL
) ENGINE=InnoDB DEFAULT CHARSET=utf8mb4 COLLATE=utf8mb4_general_ci;

--
-- 傾印資料表的資料 `image_helper`
--

INSERT INTO `image_helper` (`image_id`, `group_id`, `file_path`) VALUES
(1, 1, 'https://s.yimg.com/ny/api/res/1.2/RK5fMGPxye0aJ2UaxCIweg--/YXBwaWQ9aGlnaGxhbmRlcjt3PTY0MDtoPTQyNw--/https://s.yimg.com/os/creatr-uploaded-images/2022-10/794db9c0-54ee-11ed-a7ce-29252cf340b4'),
(2, 1, 'https://picx.zhimg.com/v2-782f871e8dda7f8cc264086875084bae_720w.jpg?source=172ae18b'),
(3, 1, 'https://mewcare.com/wp-content/uploads/2019/12/cat-cut-nail.jpg'),
(4, 1, 'https://p1.itc.cn/images01/20220719/23c19c571aba49aa81b8f3b42a9cd740.png'),
(5, 1, 'https://obs.line-scdn.net/0hnqBTbIM9MV5_LRkDGzNOCUZ7MjFMQSJdGxtgXTxDb2oGHyYPS052PF5-aTpQTnYAERl8PF9obj1UGn4JQUM/w644'),
(6, 1, 'https://cdn01.pinkoi.com/product/uxVxExJh/0/2/640x530.jpg'),
(7, 1, 'https://img.beichongapp.com/portal/202202/17/014004ujfcvg44vpw5xcuv.jpg'),
(8, 1, 'https://blog.petdaddy.com.tw/wp-content/uploads/2019/07/14-2.jpg'),
(9, 2, 'https://firebasestorage.googleapis.com/v0/b/fluv-prod.appspot.com/o/users_public%2FcELjeKogZlS4Iw4VsvQEI3KSxxu2%2Fservice_pictures%2Fnf9ccuvClCuP3IozHB3q_thumb_480x.jpg?alt=media'),
(10, 2, 'https://firebasestorage.googleapis.com/v0/b/fluv-prod.appspot.com/o/users_public%2FcELjeKogZlS4Iw4VsvQEI3KSxxu2%2Fservice_pictures%2FTPh8kXunh2lwv0JWUWSo_thumb_480x.jpg?alt=media'),
(11, 2, 'https://firebasestorage.googleapis.com/v0/b/fluv-prod.appspot.com/o/users_public%2FcELjeKogZlS4Iw4VsvQEI3KSxxu2%2Fservice_pictures%2FmN0vGKKxkMzXWbqQ3i0p_thumb_480x.jpg?alt=media'),
(12, 3, 'https://firebasestorage.googleapis.com/v0/b/fluv-prod.appspot.com/o/users_public%2FcELjeKogZlS4Iw4VsvQEI3KSxxu2%2Fservice_pictures%2FzpwxHMWFWYXXMkmpR8fy_thumb_480x.jpg?alt=media'),
(13, 3, 'https://petsittingdiary.com/wp-content/uploads/2019/07/Cat-Sitting-Service-Hog-Kong-e1591520694693.jpg'),
(14, 3, 'https://obs.line-scdn.net/0heju-mXmwOkVIVCyXtSBFEnICOSp7OClGLGJrRgs6ZHJkN3lEdTF3c2sHY3Q2N30bJmVwIm1WIXQwM34TcjJ3/w644'),
(15, 3, 'https://m.media-amazon.com/images/I/618Kef7E-xL._AC_UF894,1000_QL80_.jpg'),
(16, 4, 'https://sw.cool3c.com/user/46749/2021/51d418b2-f1da-4339-8271-74f316f870d9.jpg?fit=max&w=2400&q=80'),
(17, 4, 'https://cw1.tw/CW/images/article/201703/article-58c90b163b7aa.jpg'),
(18, 4, 'https://immian.com/wp-content/uploads/20200106000700_42-1200x802.jpg'),
(19, 4, 'https://blog.petdaddy.com.tw/wp-content/uploads/2022/09/care-for-kitten-01.webp'),
(20, 4, 'https://img.ws.mms.shopee.tw/tw-11134207-7qukz-lgywwhmkvajw4f'),
(21, 5, 'https://www.puzzlecat.org.tw/sites/default/files/styles/blog_773x580/public/blog/imgs/xiang_shou_di_di_.png?itok=8OrEtc4C'),
(22, 5, 'https://imgcdn.cna.com.tw/www/WebPhotos/800/20230316/1600x1066_wmkn_978536470460_0.jpg'),
(23, 5, 'https://image.cache.storm.mg/styles/smg-800x533-fp/s3/media/image/2020/01/31/20200131-052418_U17017_M588719_cd2e.jpg?itok=s0SyFjTD'),
(24, 5, 'https://i.imgur.com/rN9pyqo.jpg'),
(25, 5, 'https://image-cdn-flare.qdm.cloud/q696696e901028/image/data/2020/11/10/827a2e878660c4560f1d5e6111656104.jpg'),
(26, 5, 'https://womany.net/cdn-cgi/image/w=800,fit=scale-down,f=auto/https://castle.womany.net/images/content/pictures/86693/womany_IMG_6257_1554714568-9965-0118-5531.jpg'),
(27, 7, 'https://static.ctwant.com/images/cover/50/211150/md-3c98891d3de53264ba66befc4c771a83.jpg'),
(28, 7, 'https://s.yimg.com/ny/api/res/1.2/AktaC42uZj7N5nwdNH6VNg--/YXBwaWQ9aGlnaGxhbmRlcjt3PTY0MDtoPTQ3OA--/https://media.zenfs.com/ko/mypeople.tw/562f71a0ba7b66108a3b0be8a55ede10'),
(29, 7, 'https://obs.line-scdn.net/0hi9d5Fy0tNhZZTB4mxKVJQWAaOmdqKCMQNzR7InscOi91fG0QYCsubHkfanFoL3lDNzYtJCgbaiIheyNIYC0'),
(30, 7, 'https://live.staticflickr.com/65535/52538928624_4eb5550a9b_b.jpg'),
(31, 8, 'https://encrypted-tbn0.gstatic.com/images?q=tbn:ANd9GcQz4IZZacpz8UNfNo3nERxkm4r1YQUFKuzPY9DM87qaBnvREGN84GDZHP2OpGXwl9JxDoc&usqp=CAU'),
(32, 8, 'https://encrypted-tbn0.gstatic.com/images?q=tbn:ANd9GcRiIzo1vxn0Hu7Y7Rkf4ODl9SlcHOyYk0rORDRWC7gNT8-2mJtutYGl6baHM41XtAwjzDY&usqp=CAU'),
(33, 8, 'https://pic.pimg.tw/winnie227520/1464600084-1422759005_wn.jpg'),
(34, 9, 'https://firebasestorage.googleapis.com/v0/b/fluv-prod.appspot.com/o/users_public%2FIJSLpTJh6cN5JP3cY51t9FPWT9m2%2Fservice_pictures%2FRVd8hyaB6c1kSqGsz84W_thumb_480x.jpg?alt=media'),
(35, 9, 'https://firebasestorage.googleapis.com/v0/b/fluv-prod.appspot.com/o/users_public%2FIJSLpTJh6cN5JP3cY51t9FPWT9m2%2Fservice_pictures%2FJySd6LslYb9RhNr8FY7y_thumb_480x.jpg?alt=media'),
(36, 9, 'https://firebasestorage.googleapis.com/v0/b/fluv-prod.appspot.com/o/users_public%2FIJSLpTJh6cN5JP3cY51t9FPWT9m2%2Fservice_pictures%2FXz86oyijOSl56EpMKKDY_thumb_480x.jpg?alt=media'),
(37, 9, 'https://firebasestorage.googleapis.com/v0/b/fluv-prod.appspot.com/o/users_public%2FjLdDPgSbffhEyXKhtN47nyZAioa2%2Fservice_pictures%2FZMwN6nmbg22rx0MD6knp_thumb_480x.jpg?alt=media'),
(38, 9, 'https://firebasestorage.googleapis.com/v0/b/fluv-prod.appspot.com/o/users_public%2FjLdDPgSbffhEyXKhtN47nyZAioa2%2Fservice_pictures%2FvXiSortPR3ga9WseSlVD_thumb_480x.jpg?alt=media'),
(39, 9, 'https://firebasestorage.googleapis.com/v0/b/fluv-prod.appspot.com/o/users_public%2FcELjeKogZlS4Iw4VsvQEI3KSxxu2%2Fservice_pictures%2Fnf9ccuvClCuP3IozHB3q_thumb_480x.jpg?alt=media'),
(40, 10, 'https://firebasestorage.googleapis.com/v0/b/fluv-prod.appspot.com/o/users_public%2FcELjeKogZlS4Iw4VsvQEI3KSxxu2%2Fservice_pictures%2FTPh8kXunh2lwv0JWUWSo_thumb_480x.jpg?alt=media'),
(41, 10, 'https://firebasestorage.googleapis.com/v0/b/fluv-prod.appspot.com/o/users_public%2FcELjeKogZlS4Iw4VsvQEI3KSxxu2%2Fservice_pictures%2FmN0vGKKxkMzXWbqQ3i0p_thumb_480x.jpg?alt=media'),
(42, 10, 'https://firebasestorage.googleapis.com/v0/b/fluv-prod.appspot.com/o/users_public%2FcELjeKogZlS4Iw4VsvQEI3KSxxu2%2Fservice_pictures%2FzpwxHMWFWYXXMkmpR8fy_thumb_480x.jpg?alt=media'),
(43, 10, 'https://petsittingdiary.com/wp-content/uploads/2019/07/Cat-Sitting-Service-Hog-Kong-e1591520694693.jpg'),
(44, 10, 'https://obs.line-scdn.net/0heju-mXmwOkVIVCyXtSBFEnICOSp7OClGLGJrRgs6ZHJkN3lEdTF3c2sHY3Q2N30bJmVwIm1WIXQwM34TcjJ3/w644'),
(45, 10, 'https://m.media-amazon.com/images/I/618Kef7E-xL._AC_UF894,1000_QL80_.jpg'),
(46, 11, 'https://sw.cool3c.com/user/46749/2021/51d418b2-f1da-4339-8271-74f316f870d9.jpg?fit=max&w=2400&q=80'),
(47, 11, 'https://cw1.tw/CW/images/article/201703/article-58c90b163b7aa.jpg'),
(48, 11, 'https://immian.com/wp-content/uploads/20200106000700_42-1200x802.jpg'),
(49, 12, 'https://blog.petdaddy.com.tw/wp-content/uploads/2022/09/care-for-kitten-01.webp'),
(50, 12, 'https://img.ws.mms.shopee.tw/tw-11134207-7qukz-lgywwhmkvajw4f'),
(51, 12, 'https://www.puzzlecat.org.tw/sites/default/files/styles/blog_773x580/public/blog/imgs/xiang_shou_di_di_.png?itok=8OrEtc4C'),
(52, 12, 'https://imgcdn.cna.com.tw/www/WebPhotos/800/20230316/1600x1066_wmkn_978536470460_0.jpg'),
(53, 13, 'https://image.cache.storm.mg/styles/smg-800x533-fp/s3/media/image/2020/01/31/20200131-052418_U17017_M588719_cd2e.jpg?itok=s0SyFjTD'),
(54, 13, 'https://i.imgur.com/rN9pyqo.jpg'),
(55, 13, 'https://image-cdn-flare.qdm.cloud/q696696e901028/image/data/2020/11/10/827a2e878660c4560f1d5e6111656104.jpg'),
(56, 13, 'https://womany.net/cdn-cgi/image/w=800,fit=scale-down,f=auto/https://castle.womany.net/images/content/pictures/86693/womany_IMG_6257_1554714568-9965-0118-5531.jpg'),
(57, 14, 'https://static.ctwant.com/images/cover/50/211150/md-3c98891d3de53264ba66befc4c771a83.jpg'),
(58, 14, 'https://s.yimg.com/ny/api/res/1.2/AktaC42uZj7N5nwdNH6VNg--/YXBwaWQ9aGlnaGxhbmRlcjt3PTY0MDtoPTQ3OA--/https://media.zenfs.com/ko/mypeople.tw/562f71a0ba7b66108a3b0be8a55ede10'),
(59, 14, 'https://obs.line-scdn.net/0hi9d5Fy0tNhZZTB4mxKVJQWAaOmdqKCMQNzR7InscOi91fG0QYCsubHkfanFoL3lDNzYtJCgbaiIheyNIYC0'),
(60, 15, 'https://live.staticflickr.com/65535/52538928624_4eb5550a9b_b.jpg'),
(61, 15, 'https://encrypted-tbn0.gstatic.com/images?q=tbn:ANd9GcQz4IZZacpz8UNfNo3nERxkm4r1YQUFKuzPY9DM87qaBnvREGN84GDZHP2OpGXwl9JxDoc&usqp=CAU'),
(62, 15, 'https://encrypted-tbn0.gstatic.com/images?q=tbn:ANd9GcRiIzo1vxn0Hu7Y7Rkf4ODl9SlcHOyYk0rORDRWC7gNT8-2mJtutYGl6baHM41XtAwjzDY&usqp=CAU'),
(63, 16, 'https://pic.pimg.tw/winnie227520/1464600084-1422759005_wn.jpg'),
(64, 16, 'https://firebasestorage.googleapis.com/v0/b/fluv-prod.appspot.com/o/users_public%2FIJSLpTJh6cN5JP3cY51t9FPWT9m2%2Fservice_pictures%2FRVd8hyaB6c1kSqGsz84W_thumb_480x.jpg?alt=media'),
(65, 17, 'https://firebasestorage.googleapis.com/v0/b/fluv-prod.appspot.com/o/users_public%2FIJSLpTJh6cN5JP3cY51t9FPWT9m2%2Fservice_pictures%2FJySd6LslYb9RhNr8FY7y_thumb_480x.jpg?alt=media'),
(66, 17, 'https://firebasestorage.googleapis.com/v0/b/fluv-prod.appspot.com/o/users_public%2FIJSLpTJh6cN5JP3cY51t9FPWT9m2%2Fservice_pictures%2FXz86oyijOSl56EpMKKDY_thumb_480x.jpg?alt=media'),
(67, 17, 'https://firebasestorage.googleapis.com/v0/b/fluv-prod.appspot.com/o/users_public%2FjLdDPgSbffhEyXKhtN47nyZAioa2%2Fservice_pictures%2FZMwN6nmbg22rx0MD6knp_thumb_480x.jpg?alt=media'),
(68, 17, 'https://firebasestorage.googleapis.com/v0/b/fluv-prod.appspot.com/o/users_public%2FjLdDPgSbffhEyXKhtN47nyZAioa2%2Fservice_pictures%2FvXiSortPR3ga9WseSlVD_thumb_480x.jpg?alt=media'),
(69, 18, 'https://firebasestorage.googleapis.com/v0/b/fluv-prod.appspot.com/o/users_public%2FcELjeKogZlS4Iw4VsvQEI3KSxxu2%2Fservice_pictures%2Fnf9ccuvClCuP3IozHB3q_thumb_480x.jpg?alt=media'),
(70, 18, 'https://firebasestorage.googleapis.com/v0/b/fluv-prod.appspot.com/o/users_public%2FcELjeKogZlS4Iw4VsvQEI3KSxxu2%2Fservice_pictures%2FTPh8kXunh2lwv0JWUWSo_thumb_480x.jpg?alt=media'),
(71, 18, 'https://firebasestorage.googleapis.com/v0/b/fluv-prod.appspot.com/o/users_public%2FcELjeKogZlS4Iw4VsvQEI3KSxxu2%2Fservice_pictures%2FmN0vGKKxkMzXWbqQ3i0p_thumb_480x.jpg?alt=media'),
(72, 19, 'https://firebasestorage.googleapis.com/v0/b/fluv-prod.appspot.com/o/users_public%2FcELjeKogZlS4Iw4VsvQEI3KSxxu2%2Fservice_pictures%2FzpwxHMWFWYXXMkmpR8fy_thumb_480x.jpg?alt=media'),
(73, 19, 'https://petsittingdiary.com/wp-content/uploads/2019/07/Cat-Sitting-Service-Hog-Kong-e1591520694693.jpg'),
(74, 19, 'https://obs.line-scdn.net/0heju-mXmwOkVIVCyXtSBFEnICOSp7OClGLGJrRgs6ZHJkN3lEdTF3c2sHY3Q2N30bJmVwIm1WIXQwM34TcjJ3/w644'),
(75, 20, 'https://m.media-amazon.com/images/I/618Kef7E-xL._AC_UF894,1000_QL80_.jpg'),
(76, 20, 'https://sw.cool3c.com/user/46749/2021/51d418b2-f1da-4339-8271-74f316f870d9.jpg?fit=max&w=2400&q=80'),
(77, 21, 'https://cw1.tw/CW/images/article/201703/article-58c90b163b7aa.jpg'),
(78, 21, 'https://immian.com/wp-content/uploads/20200106000700_42-1200x802.jpg'),
(79, 21, 'https://blog.petdaddy.com.tw/wp-content/uploads/2022/09/care-for-kitten-01.webp'),
(80, 22, 'https://img.ws.mms.shopee.tw/tw-11134207-7qukz-lgywwhmkvajw4f'),
(81, 22, 'https://www.puzzlecat.org.tw/sites/default/files/styles/blog_773x580/public/blog/imgs/xiang_shou_di_di_.png?itok=8OrEtc4C'),
(82, 23, 'https://imgcdn.cna.com.tw/www/WebPhotos/800/20230316/1600x1066_wmkn_978536470460_0.jpg'),
(83, 23, 'https://image.cache.storm.mg/styles/smg-800x533-fp/s3/media/image/2020/01/31/20200131-052418_U17017_M588719_cd2e.jpg?itok=s0SyFjTD'),
(84, 23, 'https://i.imgur.com/rN9pyqo.jpg'),
(85, 23, 'https://image-cdn-flare.qdm.cloud/q696696e901028/image/data/2020/11/10/827a2e878660c4560f1d5e6111656104.jpg'),
(86, 24, 'https://womany.net/cdn-cgi/image/w=800,fit=scale-down,f=auto/https://castle.womany.net/images/content/pictures/86693/womany_IMG_6257_1554714568-9965-0118-5531.jpg'),
(87, 24, 'https://static.ctwant.com/images/cover/50/211150/md-3c98891d3de53264ba66befc4c771a83.jpg'),
(88, 24, 'https://s.yimg.com/ny/api/res/1.2/AktaC42uZj7N5nwdNH6VNg--/YXBwaWQ9aGlnaGxhbmRlcjt3PTY0MDtoPTQ3OA--/https://media.zenfs.com/ko/mypeople.tw/562f71a0ba7b66108a3b0be8a55ede10'),
(89, 24, 'https://obs.line-scdn.net/0hi9d5Fy0tNhZZTB4mxKVJQWAaOmdqKCMQNzR7InscOi91fG0QYCsubHkfanFoL3lDNzYtJCgbaiIheyNIYC0'),
(90, 25, 'https://live.staticflickr.com/65535/52538928624_4eb5550a9b_b.jpg'),
(91, 25, 'https://encrypted-tbn0.gstatic.com/images?q=tbn:ANd9GcQz4IZZacpz8UNfNo3nERxkm4r1YQUFKuzPY9DM87qaBnvREGN84GDZHP2OpGXwl9JxDoc&usqp=CAU'),
(92, 25, 'https://encrypted-tbn0.gstatic.com/images?q=tbn:ANd9GcRiIzo1vxn0Hu7Y7Rkf4ODl9SlcHOyYk0rORDRWC7gNT8-2mJtutYGl6baHM41XtAwjzDY&usqp=CAU'),
(93, 26, 'https://pic.pimg.tw/winnie227520/1464600084-1422759005_wn.jpg'),
(94, 26, 'https://firebasestorage.googleapis.com/v0/b/fluv-prod.appspot.com/o/users_public%2FIJSLpTJh6cN5JP3cY51t9FPWT9m2%2Fservice_pictures%2FRVd8hyaB6c1kSqGsz84W_thumb_480x.jpg?alt=media'),
(95, 26, 'https://firebasestorage.googleapis.com/v0/b/fluv-prod.appspot.com/o/users_public%2FIJSLpTJh6cN5JP3cY51t9FPWT9m2%2Fservice_pictures%2FJySd6LslYb9RhNr8FY7y_thumb_480x.jpg?alt=media'),
(96, 26, 'https://firebasestorage.googleapis.com/v0/b/fluv-prod.appspot.com/o/users_public%2FIJSLpTJh6cN5JP3cY51t9FPWT9m2%2Fservice_pictures%2FXz86oyijOSl56EpMKKDY_thumb_480x.jpg?alt=media'),
(97, 27, 'https://firebasestorage.googleapis.com/v0/b/fluv-prod.appspot.com/o/users_public%2FjLdDPgSbffhEyXKhtN47nyZAioa2%2Fservice_pictures%2FZMwN6nmbg22rx0MD6knp_thumb_480x.jpg?alt=media'),
(98, 27, 'https://firebasestorage.googleapis.com/v0/b/fluv-prod.appspot.com/o/users_public%2FjLdDPgSbffhEyXKhtN47nyZAioa2%2Fservice_pictures%2FvXiSortPR3ga9WseSlVD_thumb_480x.jpg?alt=media'),
(99, 27, 'https://firebasestorage.googleapis.com/v0/b/fluv-prod.appspot.com/o/users_public%2FcELjeKogZlS4Iw4VsvQEI3KSxxu2%2Fservice_pictures%2Fnf9ccuvClCuP3IozHB3q_thumb_480x.jpg?alt=media'),
(100, 27, 'https://firebasestorage.googleapis.com/v0/b/fluv-prod.appspot.com/o/users_public%2FcELjeKogZlS4Iw4VsvQEI3KSxxu2%2Fservice_pictures%2FTPh8kXunh2lwv0JWUWSo_thumb_480x.jpg?alt=media'),
(101, 27, 'https://firebasestorage.googleapis.com/v0/b/fluv-prod.appspot.com/o/users_public%2FcELjeKogZlS4Iw4VsvQEI3KSxxu2%2Fservice_pictures%2FmN0vGKKxkMzXWbqQ3i0p_thumb_480x.jpg?alt=media'),
(102, 27, 'https://firebasestorage.googleapis.com/v0/b/fluv-prod.appspot.com/o/users_public%2FcELjeKogZlS4Iw4VsvQEI3KSxxu2%2Fservice_pictures%2FzpwxHMWFWYXXMkmpR8fy_thumb_480x.jpg?alt=media'),
(103, 28, 'https://petsittingdiary.com/wp-content/uploads/2019/07/Cat-Sitting-Service-Hog-Kong-e1591520694693.jpg'),
(104, 28, 'https://obs.line-scdn.net/0heju-mXmwOkVIVCyXtSBFEnICOSp7OClGLGJrRgs6ZHJkN3lEdTF3c2sHY3Q2N30bJmVwIm1WIXQwM34TcjJ3/w644'),
(105, 28, 'https://m.media-amazon.com/images/I/618Kef7E-xL._AC_UF894,1000_QL80_.jpg'),
(106, 28, 'https://sw.cool3c.com/user/46749/2021/51d418b2-f1da-4339-8271-74f316f870d9.jpg?fit=max&w=2400&q=80'),
(107, 29, 'https://cw1.tw/CW/images/article/201703/article-58c90b163b7aa.jpg'),
(108, 29, 'https://immian.com/wp-content/uploads/20200106000700_42-1200x802.jpg'),
(109, 29, 'https://blog.petdaddy.com.tw/wp-content/uploads/2022/09/care-for-kitten-01.webp'),
(110, 29, 'https://img.ws.mms.shopee.tw/tw-11134207-7qukz-lgywwhmkvajw4f'),
(111, 29, 'https://www.puzzlecat.org.tw/sites/default/files/styles/blog_773x580/public/blog/imgs/xiang_shou_di_di_.png?itok=8OrEtc4C'),
(112, 29, 'https://imgcdn.cna.com.tw/www/WebPhotos/800/20230316/1600x1066_wmkn_978536470460_0.jpg'),
(113, 30, 'https://image.cache.storm.mg/styles/smg-800x533-fp/s3/media/image/2020/01/31/20200131-052418_U17017_M588719_cd2e.jpg?itok=s0SyFjTD'),
(114, 30, 'https://i.imgur.com/rN9pyqo.jpg'),
(115, 30, 'https://image-cdn-flare.qdm.cloud/q696696e901028/image/data/2020/11/10/827a2e878660c4560f1d5e6111656104.jpg'),
(116, 30, 'https://womany.net/cdn-cgi/image/w=800,fit=scale-down,f=auto/https://castle.womany.net/images/content/pictures/86693/womany_IMG_6257_1554714568-9965-0118-5531.jpg'),
(117, 30, 'https://static.ctwant.com/images/cover/50/211150/md-3c98891d3de53264ba66befc4c771a83.jpg'),
(118, 31, 'https://s.yimg.com/ny/api/res/1.2/AktaC42uZj7N5nwdNH6VNg--/YXBwaWQ9aGlnaGxhbmRlcjt3PTY0MDtoPTQ3OA--/https://media.zenfs.com/ko/mypeople.tw/562f71a0ba7b66108a3b0be8a55ede10'),
(119, 31, 'https://obs.line-scdn.net/0hi9d5Fy0tNhZZTB4mxKVJQWAaOmdqKCMQNzR7InscOi91fG0QYCsubHkfanFoL3lDNzYtJCgbaiIheyNIYC0'),
(120, 31, 'https://live.staticflickr.com/65535/52538928624_4eb5550a9b_b.jpg'),
(121, 31, 'https://encrypted-tbn0.gstatic.com/images?q=tbn:ANd9GcQz4IZZacpz8UNfNo3nERxkm4r1YQUFKuzPY9DM87qaBnvREGN84GDZHP2OpGXwl9JxDoc&usqp=CAU'),
(122, 31, 'https://encrypted-tbn0.gstatic.com/images?q=tbn:ANd9GcRiIzo1vxn0Hu7Y7Rkf4ODl9SlcHOyYk0rORDRWC7gNT8-2mJtutYGl6baHM41XtAwjzDY&usqp=CAU'),
(123, 32, 'https://pic.pimg.tw/winnie227520/1464600084-1422759005_wn.jpg'),
(124, 32, 'https://firebasestorage.googleapis.com/v0/b/fluv-prod.appspot.com/o/users_public%2FIJSLpTJh6cN5JP3cY51t9FPWT9m2%2Fservice_pictures%2FRVd8hyaB6c1kSqGsz84W_thumb_480x.jpg?alt=media'),
(125, 32, 'https://firebasestorage.googleapis.com/v0/b/fluv-prod.appspot.com/o/users_public%2FIJSLpTJh6cN5JP3cY51t9FPWT9m2%2Fservice_pictures%2FJySd6LslYb9RhNr8FY7y_thumb_480x.jpg?alt=media'),
(126, 32, 'https://firebasestorage.googleapis.com/v0/b/fluv-prod.appspot.com/o/users_public%2FIJSLpTJh6cN5JP3cY51t9FPWT9m2%2Fservice_pictures%2FXz86oyijOSl56EpMKKDY_thumb_480x.jpg?alt=media'),
(127, 32, 'https://firebasestorage.googleapis.com/v0/b/fluv-prod.appspot.com/o/users_public%2FjLdDPgSbffhEyXKhtN47nyZAioa2%2Fservice_pictures%2FZMwN6nmbg22rx0MD6knp_thumb_480x.jpg?alt=media'),
(128, 32, 'https://firebasestorage.googleapis.com/v0/b/fluv-prod.appspot.com/o/users_public%2FjLdDPgSbffhEyXKhtN47nyZAioa2%2Fservice_pictures%2FvXiSortPR3ga9WseSlVD_thumb_480x.jpg?alt=media'),
(129, 32, 'https://firebasestorage.googleapis.com/v0/b/fluv-prod.appspot.com/o/users_public%2FcELjeKogZlS4Iw4VsvQEI3KSxxu2%2Fservice_pictures%2Fnf9ccuvClCuP3IozHB3q_thumb_480x.jpg?alt=media'),
(130, 33, 'https://firebasestorage.googleapis.com/v0/b/fluv-prod.appspot.com/o/users_public%2FcELjeKogZlS4Iw4VsvQEI3KSxxu2%2Fservice_pictures%2FTPh8kXunh2lwv0JWUWSo_thumb_480x.jpg?alt=media'),
(131, 33, 'https://firebasestorage.googleapis.com/v0/b/fluv-prod.appspot.com/o/users_public%2FcELjeKogZlS4Iw4VsvQEI3KSxxu2%2Fservice_pictures%2FmN0vGKKxkMzXWbqQ3i0p_thumb_480x.jpg?alt=media'),
(132, 33, 'https://firebasestorage.googleapis.com/v0/b/fluv-prod.appspot.com/o/users_public%2FcELjeKogZlS4Iw4VsvQEI3KSxxu2%2Fservice_pictures%2FzpwxHMWFWYXXMkmpR8fy_thumb_480x.jpg?alt=media'),
(133, 33, 'https://petsittingdiary.com/wp-content/uploads/2019/07/Cat-Sitting-Service-Hog-Kong-e1591520694693.jpg'),
(134, 34, 'https://obs.line-scdn.net/0heju-mXmwOkVIVCyXtSBFEnICOSp7OClGLGJrRgs6ZHJkN3lEdTF3c2sHY3Q2N30bJmVwIm1WIXQwM34TcjJ3/w644'),
(135, 34, 'https://m.media-amazon.com/images/I/618Kef7E-xL._AC_UF894,1000_QL80_.jpg'),
(136, 34, 'https://sw.cool3c.com/user/46749/2021/51d418b2-f1da-4339-8271-74f316f870d9.jpg?fit=max&w=2400&q=80'),
(137, 35, 'https://cw1.tw/CW/images/article/201703/article-58c90b163b7aa.jpg'),
(138, 35, 'https://immian.com/wp-content/uploads/20200106000700_42-1200x802.jpg'),
(139, 35, 'https://blog.petdaddy.com.tw/wp-content/uploads/2022/09/care-for-kitten-01.webp'),
(140, 35, 'https://img.ws.mms.shopee.tw/tw-11134207-7qukz-lgywwhmkvajw4f'),
(141, 36, 'https://www.puzzlecat.org.tw/sites/default/files/styles/blog_773x580/public/blog/imgs/xiang_shou_di_di_.png?itok=8OrEtc4C'),
(142, 36, 'https://imgcdn.cna.com.tw/www/WebPhotos/800/20230316/1600x1066_wmkn_978536470460_0.jpg'),
(143, 36, 'https://image.cache.storm.mg/styles/smg-800x533-fp/s3/media/image/2020/01/31/20200131-052418_U17017_M588719_cd2e.jpg?itok=s0SyFjTD'),
(144, 36, 'https://i.imgur.com/rN9pyqo.jpg'),
(145, 36, 'https://image-cdn-flare.qdm.cloud/q696696e901028/image/data/2020/11/10/827a2e878660c4560f1d5e6111656104.jpg'),
(146, 36, 'https://womany.net/cdn-cgi/image/w=800,fit=scale-down,f=auto/https://castle.womany.net/images/content/pictures/86693/womany_IMG_6257_1554714568-9965-0118-5531.jpg'),
(147, 37, 'https://static.ctwant.com/images/cover/50/211150/md-3c98891d3de53264ba66befc4c771a83.jpg'),
(148, 37, 'https://s.yimg.com/ny/api/res/1.2/AktaC42uZj7N5nwdNH6VNg--/YXBwaWQ9aGlnaGxhbmRlcjt3PTY0MDtoPTQ3OA--/https://media.zenfs.com/ko/mypeople.tw/562f71a0ba7b66108a3b0be8a55ede10'),
(149, 37, 'https://obs.line-scdn.net/0hi9d5Fy0tNhZZTB4mxKVJQWAaOmdqKCMQNzR7InscOi91fG0QYCsubHkfanFoL3lDNzYtJCgbaiIheyNIYC0'),
(150, 37, 'https://live.staticflickr.com/65535/52538928624_4eb5550a9b_b.jpg'),
(151, 38, 'https://encrypted-tbn0.gstatic.com/images?q=tbn:ANd9GcQz4IZZacpz8UNfNo3nERxkm4r1YQUFKuzPY9DM87qaBnvREGN84GDZHP2OpGXwl9JxDoc&usqp=CAU'),
(152, 38, 'https://encrypted-tbn0.gstatic.com/images?q=tbn:ANd9GcRiIzo1vxn0Hu7Y7Rkf4ODl9SlcHOyYk0rORDRWC7gNT8-2mJtutYGl6baHM41XtAwjzDY&usqp=CAU'),
(153, 38, 'https://pic.pimg.tw/winnie227520/1464600084-1422759005_wn.jpg'),
(154, 38, 'https://firebasestorage.googleapis.com/v0/b/fluv-prod.appspot.com/o/users_public%2FIJSLpTJh6cN5JP3cY51t9FPWT9m2%2Fservice_pictures%2FRVd8hyaB6c1kSqGsz84W_thumb_480x.jpg?alt=media'),
(155, 38, 'https://firebasestorage.googleapis.com/v0/b/fluv-prod.appspot.com/o/users_public%2FIJSLpTJh6cN5JP3cY51t9FPWT9m2%2Fservice_pictures%2FJySd6LslYb9RhNr8FY7y_thumb_480x.jpg?alt=media'),
(156, 38, 'https://firebasestorage.googleapis.com/v0/b/fluv-prod.appspot.com/o/users_public%2FIJSLpTJh6cN5JP3cY51t9FPWT9m2%2Fservice_pictures%2FXz86oyijOSl56EpMKKDY_thumb_480x.jpg?alt=media'),
(157, 38, 'https://firebasestorage.googleapis.com/v0/b/fluv-prod.appspot.com/o/users_public%2FjLdDPgSbffhEyXKhtN47nyZAioa2%2Fservice_pictures%2FZMwN6nmbg22rx0MD6knp_thumb_480x.jpg?alt=media'),
(158, 39, 'https://firebasestorage.googleapis.com/v0/b/fluv-prod.appspot.com/o/users_public%2FjLdDPgSbffhEyXKhtN47nyZAioa2%2Fservice_pictures%2FvXiSortPR3ga9WseSlVD_thumb_480x.jpg?alt=media'),
(159, 39, 'https://firebasestorage.googleapis.com/v0/b/fluv-prod.appspot.com/o/users_public%2FcELjeKogZlS4Iw4VsvQEI3KSxxu2%2Fservice_pictures%2Fnf9ccuvClCuP3IozHB3q_thumb_480x.jpg?alt=media'),
(160, 39, 'https://firebasestorage.googleapis.com/v0/b/fluv-prod.appspot.com/o/users_public%2FcELjeKogZlS4Iw4VsvQEI3KSxxu2%2Fservice_pictures%2FTPh8kXunh2lwv0JWUWSo_thumb_480x.jpg?alt=media'),
(161, 39, 'https://firebasestorage.googleapis.com/v0/b/fluv-prod.appspot.com/o/users_public%2FcELjeKogZlS4Iw4VsvQEI3KSxxu2%2Fservice_pictures%2FmN0vGKKxkMzXWbqQ3i0p_thumb_480x.jpg?alt=media'),
(162, 39, 'https://firebasestorage.googleapis.com/v0/b/fluv-prod.appspot.com/o/users_public%2FcELjeKogZlS4Iw4VsvQEI3KSxxu2%2Fservice_pictures%2FzpwxHMWFWYXXMkmpR8fy_thumb_480x.jpg?alt=media'),
(163, 39, 'https://petsittingdiary.com/wp-content/uploads/2019/07/Cat-Sitting-Service-Hog-Kong-e1591520694693.jpg'),
(164, 40, 'https://obs.line-scdn.net/0heju-mXmwOkVIVCyXtSBFEnICOSp7OClGLGJrRgs6ZHJkN3lEdTF3c2sHY3Q2N30bJmVwIm1WIXQwM34TcjJ3/w644'),
(165, 40, 'https://m.media-amazon.com/images/I/618Kef7E-xL._AC_UF894,1000_QL80_.jpg'),
(166, 40, 'https://sw.cool3c.com/user/46749/2021/51d418b2-f1da-4339-8271-74f316f870d9.jpg?fit=max&w=2400&q=80'),
(167, 40, 'https://cw1.tw/CW/images/article/201703/article-58c90b163b7aa.jpg'),
(168, 40, 'https://immian.com/wp-content/uploads/20200106000700_42-1200x802.jpg'),
(169, 41, 'https://blog.petdaddy.com.tw/wp-content/uploads/2022/09/care-for-kitten-01.webp'),
(170, 41, 'https://img.ws.mms.shopee.tw/tw-11134207-7qukz-lgywwhmkvajw4f'),
(171, 41, 'https://www.puzzlecat.org.tw/sites/default/files/styles/blog_773x580/public/blog/imgs/xiang_shou_di_di_.png?itok=8OrEtc4C'),
(172, 42, 'https://imgcdn.cna.com.tw/www/WebPhotos/800/20230316/1600x1066_wmkn_978536470460_0.jpg'),
(173, 42, 'https://image.cache.storm.mg/styles/smg-800x533-fp/s3/media/image/2020/01/31/20200131-052418_U17017_M588719_cd2e.jpg?itok=s0SyFjTD'),
(174, 42, 'https://i.imgur.com/rN9pyqo.jpg'),
(175, 42, 'https://image-cdn-flare.qdm.cloud/q696696e901028/image/data/2020/11/10/827a2e878660c4560f1d5e6111656104.jpg'),
(176, 43, 'https://womany.net/cdn-cgi/image/w=800,fit=scale-down,f=auto/https://castle.womany.net/images/content/pictures/86693/womany_IMG_6257_1554714568-9965-0118-5531.jpg'),
(177, 43, 'https://static.ctwant.com/images/cover/50/211150/md-3c98891d3de53264ba66befc4c771a83.jpg'),
(178, 43, 'https://s.yimg.com/ny/api/res/1.2/AktaC42uZj7N5nwdNH6VNg--/YXBwaWQ9aGlnaGxhbmRlcjt3PTY0MDtoPTQ3OA--/https://media.zenfs.com/ko/mypeople.tw/562f71a0ba7b66108a3b0be8a55ede10'),
(179, 43, 'https://obs.line-scdn.net/0hi9d5Fy0tNhZZTB4mxKVJQWAaOmdqKCMQNzR7InscOi91fG0QYCsubHkfanFoL3lDNzYtJCgbaiIheyNIYC0'),
(180, 43, 'https://live.staticflickr.com/65535/52538928624_4eb5550a9b_b.jpg'),
(181, 44, 'https://encrypted-tbn0.gstatic.com/images?q=tbn:ANd9GcQz4IZZacpz8UNfNo3nERxkm4r1YQUFKuzPY9DM87qaBnvREGN84GDZHP2OpGXwl9JxDoc&usqp=CAU'),
(182, 44, 'https://encrypted-tbn0.gstatic.com/images?q=tbn:ANd9GcRiIzo1vxn0Hu7Y7Rkf4ODl9SlcHOyYk0rORDRWC7gNT8-2mJtutYGl6baHM41XtAwjzDY&usqp=CAU'),
(183, 44, 'https://pic.pimg.tw/winnie227520/1464600084-1422759005_wn.jpg'),
(184, 44, 'https://firebasestorage.googleapis.com/v0/b/fluv-prod.appspot.com/o/users_public%2FIJSLpTJh6cN5JP3cY51t9FPWT9m2%2Fservice_pictures%2FRVd8hyaB6c1kSqGsz84W_thumb_480x.jpg?alt=media'),
(185, 44, 'https://firebasestorage.googleapis.com/v0/b/fluv-prod.appspot.com/o/users_public%2FIJSLpTJh6cN5JP3cY51t9FPWT9m2%2Fservice_pictures%2FJySd6LslYb9RhNr8FY7y_thumb_480x.jpg?alt=media'),
(186, 45, 'https://firebasestorage.googleapis.com/v0/b/fluv-prod.appspot.com/o/users_public%2FIJSLpTJh6cN5JP3cY51t9FPWT9m2%2Fservice_pictures%2FXz86oyijOSl56EpMKKDY_thumb_480x.jpg?alt=media'),
(187, 45, 'https://firebasestorage.googleapis.com/v0/b/fluv-prod.appspot.com/o/users_public%2FjLdDPgSbffhEyXKhtN47nyZAioa2%2Fservice_pictures%2FZMwN6nmbg22rx0MD6knp_thumb_480x.jpg?alt=media'),
(188, 46, 'https://firebasestorage.googleapis.com/v0/b/fluv-prod.appspot.com/o/users_public%2FjLdDPgSbffhEyXKhtN47nyZAioa2%2Fservice_pictures%2FvXiSortPR3ga9WseSlVD_thumb_480x.jpg?alt=media'),
(189, 46, 'https://firebasestorage.googleapis.com/v0/b/fluv-prod.appspot.com/o/users_public%2FcELjeKogZlS4Iw4VsvQEI3KSxxu2%2Fservice_pictures%2Fnf9ccuvClCuP3IozHB3q_thumb_480x.jpg?alt=media'),
(190, 46, 'https://firebasestorage.googleapis.com/v0/b/fluv-prod.appspot.com/o/users_public%2FcELjeKogZlS4Iw4VsvQEI3KSxxu2%2Fservice_pictures%2FTPh8kXunh2lwv0JWUWSo_thumb_480x.jpg?alt=media'),
(191, 46, 'https://firebasestorage.googleapis.com/v0/b/fluv-prod.appspot.com/o/users_public%2FcELjeKogZlS4Iw4VsvQEI3KSxxu2%2Fservice_pictures%2FmN0vGKKxkMzXWbqQ3i0p_thumb_480x.jpg?alt=media'),
(192, 46, 'https://firebasestorage.googleapis.com/v0/b/fluv-prod.appspot.com/o/users_public%2FcELjeKogZlS4Iw4VsvQEI3KSxxu2%2Fservice_pictures%2FzpwxHMWFWYXXMkmpR8fy_thumb_480x.jpg?alt=media'),
(193, 46, 'https://petsittingdiary.com/wp-content/uploads/2019/07/Cat-Sitting-Service-Hog-Kong-e1591520694693.jpg'),
(194, 47, 'https://obs.line-scdn.net/0heju-mXmwOkVIVCyXtSBFEnICOSp7OClGLGJrRgs6ZHJkN3lEdTF3c2sHY3Q2N30bJmVwIm1WIXQwM34TcjJ3/w644'),
(195, 47, 'https://m.media-amazon.com/images/I/618Kef7E-xL._AC_UF894,1000_QL80_.jpg'),
(196, 47, 'https://sw.cool3c.com/user/46749/2021/51d418b2-f1da-4339-8271-74f316f870d9.jpg?fit=max&w=2400&q=80'),
(197, 48, 'https://cw1.tw/CW/images/article/201703/article-58c90b163b7aa.jpg'),
(198, 48, 'https://immian.com/wp-content/uploads/20200106000700_42-1200x802.jpg'),
(199, 48, 'https://blog.petdaddy.com.tw/wp-content/uploads/2022/09/care-for-kitten-01.webp'),
(200, 49, 'https://img.ws.mms.shopee.tw/tw-11134207-7qukz-lgywwhmkvajw4f'),
(201, 49, 'https://www.puzzlecat.org.tw/sites/default/files/styles/blog_773x580/public/blog/imgs/xiang_shou_di_di_.png?itok=8OrEtc4C'),
(202, 49, 'https://imgcdn.cna.com.tw/www/WebPhotos/800/20230316/1600x1066_wmkn_978536470460_0.jpg'),
(203, 49, 'https://image.cache.storm.mg/styles/smg-800x533-fp/s3/media/image/2020/01/31/20200131-052418_U17017_M588719_cd2e.jpg?itok=s0SyFjTD'),
(204, 50, 'https://i.imgur.com/rN9pyqo.jpg'),
(205, 50, 'https://image-cdn-flare.qdm.cloud/q696696e901028/image/data/2020/11/10/827a2e878660c4560f1d5e6111656104.jpg'),
(206, 50, 'https://womany.net/cdn-cgi/image/w=800,fit=scale-down,f=auto/https://castle.womany.net/images/content/pictures/86693/womany_IMG_6257_1554714568-9965-0118-5531.jpg'),
(207, 50, 'https://static.ctwant.com/images/cover/50/211150/md-3c98891d3de53264ba66befc4c771a83.jpg'),
(208, 50, 'https://s.yimg.com/ny/api/res/1.2/AktaC42uZj7N5nwdNH6VNg--/YXBwaWQ9aGlnaGxhbmRlcjt3PTY0MDtoPTQ3OA--/https://media.zenfs.com/ko/mypeople.tw/562f71a0ba7b66108a3b0be8a55ede10'),
(209, 50, 'https://obs.line-scdn.net/0hi9d5Fy0tNhZZTB4mxKVJQWAaOmdqKCMQNzR7InscOi91fG0QYCsubHkfanFoL3lDNzYtJCgbaiIheyNIYC0'),
(210, 51, 'https://live.staticflickr.com/65535/52538928624_4eb5550a9b_b.jpg'),
(211, 51, 'https://encrypted-tbn0.gstatic.com/images?q=tbn:ANd9GcQz4IZZacpz8UNfNo3nERxkm4r1YQUFKuzPY9DM87qaBnvREGN84GDZHP2OpGXwl9JxDoc&usqp=CAU'),
(212, 51, 'https://encrypted-tbn0.gstatic.com/images?q=tbn:ANd9GcRiIzo1vxn0Hu7Y7Rkf4ODl9SlcHOyYk0rORDRWC7gNT8-2mJtutYGl6baHM41XtAwjzDY&usqp=CAU'),
(213, 51, 'https://pic.pimg.tw/winnie227520/1464600084-1422759005_wn.jpg'),
(214, 51, 'https://firebasestorage.googleapis.com/v0/b/fluv-prod.appspot.com/o/users_public%2FIJSLpTJh6cN5JP3cY51t9FPWT9m2%2Fservice_pictures%2FRVd8hyaB6c1kSqGsz84W_thumb_480x.jpg?alt=media'),
(215, 51, 'https://firebasestorage.googleapis.com/v0/b/fluv-prod.appspot.com/o/users_public%2FIJSLpTJh6cN5JP3cY51t9FPWT9m2%2Fservice_pictures%2FJySd6LslYb9RhNr8FY7y_thumb_480x.jpg?alt=media'),
(216, 52, 'https://firebasestorage.googleapis.com/v0/b/fluv-prod.appspot.com/o/users_public%2FIJSLpTJh6cN5JP3cY51t9FPWT9m2%2Fservice_pictures%2FXz86oyijOSl56EpMKKDY_thumb_480x.jpg?alt=media'),
(217, 52, 'https://firebasestorage.googleapis.com/v0/b/fluv-prod.appspot.com/o/users_public%2FjLdDPgSbffhEyXKhtN47nyZAioa2%2Fservice_pictures%2FZMwN6nmbg22rx0MD6knp_thumb_480x.jpg?alt=media'),
(218, 52, 'https://firebasestorage.googleapis.com/v0/b/fluv-prod.appspot.com/o/users_public%2FjLdDPgSbffhEyXKhtN47nyZAioa2%2Fservice_pictures%2FvXiSortPR3ga9WseSlVD_thumb_480x.jpg?alt=media'),
(219, 52, 'https://firebasestorage.googleapis.com/v0/b/fluv-prod.appspot.com/o/users_public%2FcELjeKogZlS4Iw4VsvQEI3KSxxu2%2Fservice_pictures%2Fnf9ccuvClCuP3IozHB3q_thumb_480x.jpg?alt=media'),
(220, 52, 'https://firebasestorage.googleapis.com/v0/b/fluv-prod.appspot.com/o/users_public%2FcELjeKogZlS4Iw4VsvQEI3KSxxu2%2Fservice_pictures%2FTPh8kXunh2lwv0JWUWSo_thumb_480x.jpg?alt=media'),
(221, 52, 'https://firebasestorage.googleapis.com/v0/b/fluv-prod.appspot.com/o/users_public%2FcELjeKogZlS4Iw4VsvQEI3KSxxu2%2Fservice_pictures%2FmN0vGKKxkMzXWbqQ3i0p_thumb_480x.jpg?alt=media'),
(222, 53, 'https://firebasestorage.googleapis.com/v0/b/fluv-prod.appspot.com/o/users_public%2FcELjeKogZlS4Iw4VsvQEI3KSxxu2%2Fservice_pictures%2FzpwxHMWFWYXXMkmpR8fy_thumb_480x.jpg?alt=media'),
(223, 53, 'https://petsittingdiary.com/wp-content/uploads/2019/07/Cat-Sitting-Service-Hog-Kong-e1591520694693.jpg'),
(224, 53, 'https://obs.line-scdn.net/0heju-mXmwOkVIVCyXtSBFEnICOSp7OClGLGJrRgs6ZHJkN3lEdTF3c2sHY3Q2N30bJmVwIm1WIXQwM34TcjJ3/w644'),
(225, 53, 'https://m.media-amazon.com/images/I/618Kef7E-xL._AC_UF894,1000_QL80_.jpg'),
(226, 53, 'https://sw.cool3c.com/user/46749/2021/51d418b2-f1da-4339-8271-74f316f870d9.jpg?fit=max&w=2400&q=80'),
(227, 53, 'https://cw1.tw/CW/images/article/201703/article-58c90b163b7aa.jpg'),
(228, 53, 'https://immian.com/wp-content/uploads/20200106000700_42-1200x802.jpg'),
(229, 54, 'https://blog.petdaddy.com.tw/wp-content/uploads/2022/09/care-for-kitten-01.webp'),
(230, 54, 'https://img.ws.mms.shopee.tw/tw-11134207-7qukz-lgywwhmkvajw4f'),
(231, 54, 'https://www.puzzlecat.org.tw/sites/default/files/styles/blog_773x580/public/blog/imgs/xiang_shou_di_di_.png?itok=8OrEtc4C'),
(232, 54, 'https://imgcdn.cna.com.tw/www/WebPhotos/800/20230316/1600x1066_wmkn_978536470460_0.jpg'),
(233, 54, 'https://image.cache.storm.mg/styles/smg-800x533-fp/s3/media/image/2020/01/31/20200131-052418_U17017_M588719_cd2e.jpg?itok=s0SyFjTD'),
(234, 55, 'https://i.imgur.com/rN9pyqo.jpg'),
(235, 55, 'https://image-cdn-flare.qdm.cloud/q696696e901028/image/data/2020/11/10/827a2e878660c4560f1d5e6111656104.jpg'),
(236, 55, 'https://womany.net/cdn-cgi/image/w=800,fit=scale-down,f=auto/https://castle.womany.net/images/content/pictures/86693/womany_IMG_6257_1554714568-9965-0118-5531.jpg'),
(237, 55, 'https://static.ctwant.com/images/cover/50/211150/md-3c98891d3de53264ba66befc4c771a83.jpg'),
(238, 55, 'https://s.yimg.com/ny/api/res/1.2/AktaC42uZj7N5nwdNH6VNg--/YXBwaWQ9aGlnaGxhbmRlcjt3PTY0MDtoPTQ3OA--/https://media.zenfs.com/ko/mypeople.tw/562f71a0ba7b66108a3b0be8a55ede10'),
(239, 56, 'https://obs.line-scdn.net/0hi9d5Fy0tNhZZTB4mxKVJQWAaOmdqKCMQNzR7InscOi91fG0QYCsubHkfanFoL3lDNzYtJCgbaiIheyNIYC0'),
(240, 56, 'https://live.staticflickr.com/65535/52538928624_4eb5550a9b_b.jpg'),
(241, 56, 'https://encrypted-tbn0.gstatic.com/images?q=tbn:ANd9GcQz4IZZacpz8UNfNo3nERxkm4r1YQUFKuzPY9DM87qaBnvREGN84GDZHP2OpGXwl9JxDoc&usqp=CAU'),
(242, 57, 'https://encrypted-tbn0.gstatic.com/images?q=tbn:ANd9GcRiIzo1vxn0Hu7Y7Rkf4ODl9SlcHOyYk0rORDRWC7gNT8-2mJtutYGl6baHM41XtAwjzDY&usqp=CAU'),
(243, 57, 'https://pic.pimg.tw/winnie227520/1464600084-1422759005_wn.jpg'),
(244, 57, 'https://firebasestorage.googleapis.com/v0/b/fluv-prod.appspot.com/o/users_public%2FIJSLpTJh6cN5JP3cY51t9FPWT9m2%2Fservice_pictures%2FRVd8hyaB6c1kSqGsz84W_thumb_480x.jpg?alt=media'),
(245, 57, 'https://firebasestorage.googleapis.com/v0/b/fluv-prod.appspot.com/o/users_public%2FIJSLpTJh6cN5JP3cY51t9FPWT9m2%2Fservice_pictures%2FJySd6LslYb9RhNr8FY7y_thumb_480x.jpg?alt=media'),
(246, 57, 'https://firebasestorage.googleapis.com/v0/b/fluv-prod.appspot.com/o/users_public%2FIJSLpTJh6cN5JP3cY51t9FPWT9m2%2Fservice_pictures%2FXz86oyijOSl56EpMKKDY_thumb_480x.jpg?alt=media'),
(247, 57, 'https://firebasestorage.googleapis.com/v0/b/fluv-prod.appspot.com/o/users_public%2FjLdDPgSbffhEyXKhtN47nyZAioa2%2Fservice_pictures%2FZMwN6nmbg22rx0MD6knp_thumb_480x.jpg?alt=media'),
(248, 57, 'https://firebasestorage.googleapis.com/v0/b/fluv-prod.appspot.com/o/users_public%2FjLdDPgSbffhEyXKhtN47nyZAioa2%2Fservice_pictures%2FvXiSortPR3ga9WseSlVD_thumb_480x.jpg?alt=media'),
(249, 58, 'https://firebasestorage.googleapis.com/v0/b/fluv-prod.appspot.com/o/users_public%2FcELjeKogZlS4Iw4VsvQEI3KSxxu2%2Fservice_pictures%2Fnf9ccuvClCuP3IozHB3q_thumb_480x.jpg?alt=media'),
(250, 58, 'https://firebasestorage.googleapis.com/v0/b/fluv-prod.appspot.com/o/users_public%2FcELjeKogZlS4Iw4VsvQEI3KSxxu2%2Fservice_pictures%2FTPh8kXunh2lwv0JWUWSo_thumb_480x.jpg?alt=media'),
(251, 58, 'https://firebasestorage.googleapis.com/v0/b/fluv-prod.appspot.com/o/users_public%2FcELjeKogZlS4Iw4VsvQEI3KSxxu2%2Fservice_pictures%2FmN0vGKKxkMzXWbqQ3i0p_thumb_480x.jpg?alt=media'),
(252, 58, 'https://firebasestorage.googleapis.com/v0/b/fluv-prod.appspot.com/o/users_public%2FcELjeKogZlS4Iw4VsvQEI3KSxxu2%2Fservice_pictures%2FzpwxHMWFWYXXMkmpR8fy_thumb_480x.jpg?alt=media'),
(253, 58, 'https://petsittingdiary.com/wp-content/uploads/2019/07/Cat-Sitting-Service-Hog-Kong-e1591520694693.jpg'),
(254, 58, 'https://obs.line-scdn.net/0heju-mXmwOkVIVCyXtSBFEnICOSp7OClGLGJrRgs6ZHJkN3lEdTF3c2sHY3Q2N30bJmVwIm1WIXQwM34TcjJ3/w644'),
(255, 58, 'https://m.media-amazon.com/images/I/618Kef7E-xL._AC_UF894,1000_QL80_.jpg'),
(256, 59, 'https://sw.cool3c.com/user/46749/2021/51d418b2-f1da-4339-8271-74f316f870d9.jpg?fit=max&w=2400&q=80'),
(257, 59, 'https://cw1.tw/CW/images/article/201703/article-58c90b163b7aa.jpg'),
(258, 59, 'https://immian.com/wp-content/uploads/20200106000700_42-1200x802.jpg'),
(259, 59, 'https://blog.petdaddy.com.tw/wp-content/uploads/2022/09/care-for-kitten-01.webp'),
(260, 60, 'https://img.ws.mms.shopee.tw/tw-11134207-7qukz-lgywwhmkvajw4f'),
(261, 60, 'https://www.puzzlecat.org.tw/sites/default/files/styles/blog_773x580/public/blog/imgs/xiang_shou_di_di_.png?itok=8OrEtc4C'),
(262, 60, 'https://imgcdn.cna.com.tw/www/WebPhotos/800/20230316/1600x1066_wmkn_978536470460_0.jpg'),
(263, 60, 'https://image.cache.storm.mg/styles/smg-800x533-fp/s3/media/image/2020/01/31/20200131-052418_U17017_M588719_cd2e.jpg?itok=s0SyFjTD'),
(264, 60, 'https://i.imgur.com/rN9pyqo.jpg'),
(265, 60, 'https://image-cdn-flare.qdm.cloud/q696696e901028/image/data/2020/11/10/827a2e878660c4560f1d5e6111656104.jpg'),
(266, 61, 'https://womany.net/cdn-cgi/image/w=800,fit=scale-down,f=auto/https://castle.womany.net/images/content/pictures/86693/womany_IMG_6257_1554714568-9965-0118-5531.jpg'),
(267, 61, 'https://static.ctwant.com/images/cover/50/211150/md-3c98891d3de53264ba66befc4c771a83.jpg'),
(268, 61, 'https://s.yimg.com/ny/api/res/1.2/AktaC42uZj7N5nwdNH6VNg--/YXBwaWQ9aGlnaGxhbmRlcjt3PTY0MDtoPTQ3OA--/https://media.zenfs.com/ko/mypeople.tw/562f71a0ba7b66108a3b0be8a55ede10'),
(269, 61, 'https://obs.line-scdn.net/0hi9d5Fy0tNhZZTB4mxKVJQWAaOmdqKCMQNzR7InscOi91fG0QYCsubHkfanFoL3lDNzYtJCgbaiIheyNIYC0'),
(270, 61, 'https://live.staticflickr.com/65535/52538928624_4eb5550a9b_b.jpg'),
(271, 61, 'https://encrypted-tbn0.gstatic.com/images?q=tbn:ANd9GcQz4IZZacpz8UNfNo3nERxkm4r1YQUFKuzPY9DM87qaBnvREGN84GDZHP2OpGXwl9JxDoc&usqp=CAU'),
(272, 62, 'https://encrypted-tbn0.gstatic.com/images?q=tbn:ANd9GcRiIzo1vxn0Hu7Y7Rkf4ODl9SlcHOyYk0rORDRWC7gNT8-2mJtutYGl6baHM41XtAwjzDY&usqp=CAU'),
(273, 62, 'https://pic.pimg.tw/winnie227520/1464600084-1422759005_wn.jpg'),
(274, 62, 'https://firebasestorage.googleapis.com/v0/b/fluv-prod.appspot.com/o/users_public%2FIJSLpTJh6cN5JP3cY51t9FPWT9m2%2Fservice_pictures%2FRVd8hyaB6c1kSqGsz84W_thumb_480x.jpg?alt=media'),
(275, 62, 'https://firebasestorage.googleapis.com/v0/b/fluv-prod.appspot.com/o/users_public%2FIJSLpTJh6cN5JP3cY51t9FPWT9m2%2Fservice_pictures%2FJySd6LslYb9RhNr8FY7y_thumb_480x.jpg?alt=media'),
(276, 62, 'https://firebasestorage.googleapis.com/v0/b/fluv-prod.appspot.com/o/users_public%2FIJSLpTJh6cN5JP3cY51t9FPWT9m2%2Fservice_pictures%2FXz86oyijOSl56EpMKKDY_thumb_480x.jpg?alt=media'),
(277, 63, 'https://firebasestorage.googleapis.com/v0/b/fluv-prod.appspot.com/o/users_public%2FjLdDPgSbffhEyXKhtN47nyZAioa2%2Fservice_pictures%2FZMwN6nmbg22rx0MD6knp_thumb_480x.jpg?alt=media'),
(278, 63, 'https://firebasestorage.googleapis.com/v0/b/fluv-prod.appspot.com/o/users_public%2FjLdDPgSbffhEyXKhtN47nyZAioa2%2Fservice_pictures%2FvXiSortPR3ga9WseSlVD_thumb_480x.jpg?alt=media'),
(279, 63, 'https://firebasestorage.googleapis.com/v0/b/fluv-prod.appspot.com/o/users_public%2FcELjeKogZlS4Iw4VsvQEI3KSxxu2%2Fservice_pictures%2Fnf9ccuvClCuP3IozHB3q_thumb_480x.jpg?alt=media'),
(280, 63, 'https://firebasestorage.googleapis.com/v0/b/fluv-prod.appspot.com/o/users_public%2FcELjeKogZlS4Iw4VsvQEI3KSxxu2%2Fservice_pictures%2FTPh8kXunh2lwv0JWUWSo_thumb_480x.jpg?alt=media'),
(281, 63, 'https://firebasestorage.googleapis.com/v0/b/fluv-prod.appspot.com/o/users_public%2FcELjeKogZlS4Iw4VsvQEI3KSxxu2%2Fservice_pictures%2FmN0vGKKxkMzXWbqQ3i0p_thumb_480x.jpg?alt=media'),
(282, 63, 'https://firebasestorage.googleapis.com/v0/b/fluv-prod.appspot.com/o/users_public%2FcELjeKogZlS4Iw4VsvQEI3KSxxu2%2Fservice_pictures%2FzpwxHMWFWYXXMkmpR8fy_thumb_480x.jpg?alt=media'),
(283, 63, 'https://petsittingdiary.com/wp-content/uploads/2019/07/Cat-Sitting-Service-Hog-Kong-e1591520694693.jpg'),
(284, 63, 'https://obs.line-scdn.net/0heju-mXmwOkVIVCyXtSBFEnICOSp7OClGLGJrRgs6ZHJkN3lEdTF3c2sHY3Q2N30bJmVwIm1WIXQwM34TcjJ3/w644'),
(285, 64, 'https://m.media-amazon.com/images/I/618Kef7E-xL._AC_UF894,1000_QL80_.jpg'),
(286, 64, 'https://sw.cool3c.com/user/46749/2021/51d418b2-f1da-4339-8271-74f316f870d9.jpg?fit=max&w=2400&q=80'),
(287, 64, 'https://cw1.tw/CW/images/article/201703/article-58c90b163b7aa.jpg'),
(288, 64, 'https://immian.com/wp-content/uploads/20200106000700_42-1200x802.jpg'),
(289, 65, 'https://blog.petdaddy.com.tw/wp-content/uploads/2022/09/care-for-kitten-01.webp'),
(290, 65, 'https://img.ws.mms.shopee.tw/tw-11134207-7qukz-lgywwhmkvajw4f'),
(291, 65, 'https://www.puzzlecat.org.tw/sites/default/files/styles/blog_773x580/public/blog/imgs/xiang_shou_di_di_.png?itok=8OrEtc4C'),
(292, 65, 'https://imgcdn.cna.com.tw/www/WebPhotos/800/20230316/1600x1066_wmkn_978536470460_0.jpg'),
(293, 65, 'https://image.cache.storm.mg/styles/smg-800x533-fp/s3/media/image/2020/01/31/20200131-052418_U17017_M588719_cd2e.jpg?itok=s0SyFjTD'),
(294, 65, 'https://i.imgur.com/rN9pyqo.jpg'),
(295, 65, 'https://image-cdn-flare.qdm.cloud/q696696e901028/image/data/2020/11/10/827a2e878660c4560f1d5e6111656104.jpg'),
(296, 65, 'https://womany.net/cdn-cgi/image/w=800,fit=scale-down,f=auto/https://castle.womany.net/images/content/pictures/86693/womany_IMG_6257_1554714568-9965-0118-5531.jpg'),
(297, 65, 'https://static.ctwant.com/images/cover/50/211150/md-3c98891d3de53264ba66befc4c771a83.jpg'),
(298, 65, 'https://s.yimg.com/ny/api/res/1.2/AktaC42uZj7N5nwdNH6VNg--/YXBwaWQ9aGlnaGxhbmRlcjt3PTY0MDtoPTQ3OA--/https://media.zenfs.com/ko/mypeople.tw/562f71a0ba7b66108a3b0be8a55ede10'),
(299, 65, 'https://obs.line-scdn.net/0hi9d5Fy0tNhZZTB4mxKVJQWAaOmdqKCMQNzR7InscOi91fG0QYCsubHkfanFoL3lDNzYtJCgbaiIheyNIYC0'),
(300, 66, 'https://live.staticflickr.com/65535/52538928624_4eb5550a9b_b.jpg'),
(301, 66, 'https://encrypted-tbn0.gstatic.com/images?q=tbn:ANd9GcQz4IZZacpz8UNfNo3nERxkm4r1YQUFKuzPY9DM87qaBnvREGN84GDZHP2OpGXwl9JxDoc&usqp=CAU'),
(302, 66, 'https://encrypted-tbn0.gstatic.com/images?q=tbn:ANd9GcRiIzo1vxn0Hu7Y7Rkf4ODl9SlcHOyYk0rORDRWC7gNT8-2mJtutYGl6baHM41XtAwjzDY&usqp=CAU'),
(303, 66, 'https://pic.pimg.tw/winnie227520/1464600084-1422759005_wn.jpg'),
(304, 67, 'https://firebasestorage.googleapis.com/v0/b/fluv-prod.appspot.com/o/users_public%2FIJSLpTJh6cN5JP3cY51t9FPWT9m2%2Fservice_pictures%2FRVd8hyaB6c1kSqGsz84W_thumb_480x.jpg?alt=media'),
(305, 67, 'https://firebasestorage.googleapis.com/v0/b/fluv-prod.appspot.com/o/users_public%2FIJSLpTJh6cN5JP3cY51t9FPWT9m2%2Fservice_pictures%2FJySd6LslYb9RhNr8FY7y_thumb_480x.jpg?alt=media'),
(306, 67, 'https://firebasestorage.googleapis.com/v0/b/fluv-prod.appspot.com/o/users_public%2FIJSLpTJh6cN5JP3cY51t9FPWT9m2%2Fservice_pictures%2FXz86oyijOSl56EpMKKDY_thumb_480x.jpg?alt=media'),
(307, 67, 'https://firebasestorage.googleapis.com/v0/b/fluv-prod.appspot.com/o/users_public%2FjLdDPgSbffhEyXKhtN47nyZAioa2%2Fservice_pictures%2FZMwN6nmbg22rx0MD6knp_thumb_480x.jpg?alt=media'),
(308, 68, 'https://firebasestorage.googleapis.com/v0/b/fluv-prod.appspot.com/o/users_public%2FjLdDPgSbffhEyXKhtN47nyZAioa2%2Fservice_pictures%2FvXiSortPR3ga9WseSlVD_thumb_480x.jpg?alt=media'),
(309, 68, 'https://firebasestorage.googleapis.com/v0/b/fluv-prod.appspot.com/o/users_public%2FcELjeKogZlS4Iw4VsvQEI3KSxxu2%2Fservice_pictures%2Fnf9ccuvClCuP3IozHB3q_thumb_480x.jpg?alt=media'),
(310, 68, 'https://firebasestorage.googleapis.com/v0/b/fluv-prod.appspot.com/o/users_public%2FcELjeKogZlS4Iw4VsvQEI3KSxxu2%2Fservice_pictures%2FTPh8kXunh2lwv0JWUWSo_thumb_480x.jpg?alt=media'),
(311, 68, 'https://firebasestorage.googleapis.com/v0/b/fluv-prod.appspot.com/o/users_public%2FcELjeKogZlS4Iw4VsvQEI3KSxxu2%2Fservice_pictures%2FmN0vGKKxkMzXWbqQ3i0p_thumb_480x.jpg?alt=media'),
(312, 68, 'https://firebasestorage.googleapis.com/v0/b/fluv-prod.appspot.com/o/users_public%2FcELjeKogZlS4Iw4VsvQEI3KSxxu2%2Fservice_pictures%2FzpwxHMWFWYXXMkmpR8fy_thumb_480x.jpg?alt=media'),
(313, 69, 'https://petsittingdiary.com/wp-content/uploads/2019/07/Cat-Sitting-Service-Hog-Kong-e1591520694693.jpg'),
(314, 69, 'https://obs.line-scdn.net/0heju-mXmwOkVIVCyXtSBFEnICOSp7OClGLGJrRgs6ZHJkN3lEdTF3c2sHY3Q2N30bJmVwIm1WIXQwM34TcjJ3/w644'),
(315, 69, 'https://m.media-amazon.com/images/I/618Kef7E-xL._AC_UF894,1000_QL80_.jpg'),
(316, 69, 'https://sw.cool3c.com/user/46749/2021/51d418b2-f1da-4339-8271-74f316f870d9.jpg?fit=max&w=2400&q=80'),
(317, 69, 'https://cw1.tw/CW/images/article/201703/article-58c90b163b7aa.jpg'),
(318, 69, 'https://immian.com/wp-content/uploads/20200106000700_42-1200x802.jpg'),
(319, 69, 'https://blog.petdaddy.com.tw/wp-content/uploads/2022/09/care-for-kitten-01.webp'),
(320, 69, 'https://img.ws.mms.shopee.tw/tw-11134207-7qukz-lgywwhmkvajw4f'),
(321, 69, 'https://www.puzzlecat.org.tw/sites/default/files/styles/blog_773x580/public/blog/imgs/xiang_shou_di_di_.png?itok=8OrEtc4C'),
(322, 69, 'https://imgcdn.cna.com.tw/www/WebPhotos/800/20230316/1600x1066_wmkn_978536470460_0.jpg'),
(323, 70, 'https://image.cache.storm.mg/styles/smg-800x533-fp/s3/media/image/2020/01/31/20200131-052418_U17017_M588719_cd2e.jpg?itok=s0SyFjTD'),
(324, 70, 'https://i.imgur.com/rN9pyqo.jpg'),
(325, 70, 'https://image-cdn-flare.qdm.cloud/q696696e901028/image/data/2020/11/10/827a2e878660c4560f1d5e6111656104.jpg'),
(326, 70, 'https://womany.net/cdn-cgi/image/w=800,fit=scale-down,f=auto/https://castle.womany.net/images/content/pictures/86693/womany_IMG_6257_1554714568-9965-0118-5531.jpg'),
(327, 70, 'https://static.ctwant.com/images/cover/50/211150/md-3c98891d3de53264ba66befc4c771a83.jpg'),
(328, 70, 'https://s.yimg.com/ny/api/res/1.2/AktaC42uZj7N5nwdNH6VNg--/YXBwaWQ9aGlnaGxhbmRlcjt3PTY0MDtoPTQ3OA--/https://media.zenfs.com/ko/mypeople.tw/562f71a0ba7b66108a3b0be8a55ede10'),
(329, 71, 'https://obs.line-scdn.net/0hi9d5Fy0tNhZZTB4mxKVJQWAaOmdqKCMQNzR7InscOi91fG0QYCsubHkfanFoL3lDNzYtJCgbaiIheyNIYC0'),
(330, 71, 'https://live.staticflickr.com/65535/52538928624_4eb5550a9b_b.jpg'),
(331, 71, 'https://encrypted-tbn0.gstatic.com/images?q=tbn:ANd9GcQz4IZZacpz8UNfNo3nERxkm4r1YQUFKuzPY9DM87qaBnvREGN84GDZHP2OpGXwl9JxDoc&usqp=CAU'),
(332, 71, 'https://encrypted-tbn0.gstatic.com/images?q=tbn:ANd9GcRiIzo1vxn0Hu7Y7Rkf4ODl9SlcHOyYk0rORDRWC7gNT8-2mJtutYGl6baHM41XtAwjzDY&usqp=CAU'),
(333, 71, 'https://pic.pimg.tw/winnie227520/1464600084-1422759005_wn.jpg'),
(334, 71, 'https://firebasestorage.googleapis.com/v0/b/fluv-prod.appspot.com/o/users_public%2FIJSLpTJh6cN5JP3cY51t9FPWT9m2%2Fservice_pictures%2FRVd8hyaB6c1kSqGsz84W_thumb_480x.jpg?alt=media'),
(335, 71, 'https://firebasestorage.googleapis.com/v0/b/fluv-prod.appspot.com/o/users_public%2FIJSLpTJh6cN5JP3cY51t9FPWT9m2%2Fservice_pictures%2FJySd6LslYb9RhNr8FY7y_thumb_480x.jpg?alt=media'),
(336, 71, 'https://firebasestorage.googleapis.com/v0/b/fluv-prod.appspot.com/o/users_public%2FIJSLpTJh6cN5JP3cY51t9FPWT9m2%2Fservice_pictures%2FXz86oyijOSl56EpMKKDY_thumb_480x.jpg?alt=media'),
(337, 71, 'https://firebasestorage.googleapis.com/v0/b/fluv-prod.appspot.com/o/users_public%2FjLdDPgSbffhEyXKhtN47nyZAioa2%2Fservice_pictures%2FZMwN6nmbg22rx0MD6knp_thumb_480x.jpg?alt=media'),
(338, 71, 'https://firebasestorage.googleapis.com/v0/b/fluv-prod.appspot.com/o/users_public%2FjLdDPgSbffhEyXKhtN47nyZAioa2%2Fservice_pictures%2FvXiSortPR3ga9WseSlVD_thumb_480x.jpg?alt=media'),
(339, 71, 'https://firebasestorage.googleapis.com/v0/b/fluv-prod.appspot.com/o/users_public%2FcELjeKogZlS4Iw4VsvQEI3KSxxu2%2Fservice_pictures%2Fnf9ccuvClCuP3IozHB3q_thumb_480x.jpg?alt=media'),
(340, 71, 'https://firebasestorage.googleapis.com/v0/b/fluv-prod.appspot.com/o/users_public%2FcELjeKogZlS4Iw4VsvQEI3KSxxu2%2Fservice_pictures%2FTPh8kXunh2lwv0JWUWSo_thumb_480x.jpg?alt=media'),
(341, 71, 'https://firebasestorage.googleapis.com/v0/b/fluv-prod.appspot.com/o/users_public%2FcELjeKogZlS4Iw4VsvQEI3KSxxu2%2Fservice_pictures%2FmN0vGKKxkMzXWbqQ3i0p_thumb_480x.jpg?alt=media'),
(342, 72, 'https://firebasestorage.googleapis.com/v0/b/fluv-prod.appspot.com/o/users_public%2FcELjeKogZlS4Iw4VsvQEI3KSxxu2%2Fservice_pictures%2FzpwxHMWFWYXXMkmpR8fy_thumb_480x.jpg?alt=media'),
(343, 72, 'https://petsittingdiary.com/wp-content/uploads/2019/07/Cat-Sitting-Service-Hog-Kong-e1591520694693.jpg'),
(344, 72, 'https://obs.line-scdn.net/0heju-mXmwOkVIVCyXtSBFEnICOSp7OClGLGJrRgs6ZHJkN3lEdTF3c2sHY3Q2N30bJmVwIm1WIXQwM34TcjJ3/w644'),
(345, 72, 'https://m.media-amazon.com/images/I/618Kef7E-xL._AC_UF894,1000_QL80_.jpg'),
(346, 72, 'https://sw.cool3c.com/user/46749/2021/51d418b2-f1da-4339-8271-74f316f870d9.jpg?fit=max&w=2400&q=80'),
(347, 72, 'https://cw1.tw/CW/images/article/201703/article-58c90b163b7aa.jpg'),
(348, 72, 'https://immian.com/wp-content/uploads/20200106000700_42-1200x802.jpg'),
(349, 72, 'https://blog.petdaddy.com.tw/wp-content/uploads/2022/09/care-for-kitten-01.webp'),
(350, 72, 'https://img.ws.mms.shopee.tw/tw-11134207-7qukz-lgywwhmkvajw4f'),
(351, 73, 'https://www.puzzlecat.org.tw/sites/default/files/styles/blog_773x580/public/blog/imgs/xiang_shou_di_di_.png?itok=8OrEtc4C'),
(352, 73, 'https://imgcdn.cna.com.tw/www/WebPhotos/800/20230316/1600x1066_wmkn_978536470460_0.jpg'),
(353, 73, 'https://image.cache.storm.mg/styles/smg-800x533-fp/s3/media/image/2020/01/31/20200131-052418_U17017_M588719_cd2e.jpg?itok=s0SyFjTD'),
(354, 73, 'https://i.imgur.com/rN9pyqo.jpg'),
(355, 73, 'https://image-cdn-flare.qdm.cloud/q696696e901028/image/data/2020/11/10/827a2e878660c4560f1d5e6111656104.jpg'),
(356, 73, 'https://womany.net/cdn-cgi/image/w=800,fit=scale-down,f=auto/https://castle.womany.net/images/content/pictures/86693/womany_IMG_6257_1554714568-9965-0118-5531.jpg'),
(357, 73, 'https://static.ctwant.com/images/cover/50/211150/md-3c98891d3de53264ba66befc4c771a83.jpg'),
(358, 73, 'https://s.yimg.com/ny/api/res/1.2/AktaC42uZj7N5nwdNH6VNg--/YXBwaWQ9aGlnaGxhbmRlcjt3PTY0MDtoPTQ3OA--/https://media.zenfs.com/ko/mypeople.tw/562f71a0ba7b66108a3b0be8a55ede10'),
(359, 73, 'https://obs.line-scdn.net/0hi9d5Fy0tNhZZTB4mxKVJQWAaOmdqKCMQNzR7InscOi91fG0QYCsubHkfanFoL3lDNzYtJCgbaiIheyNIYC0'),
(360, 73, 'https://live.staticflickr.com/65535/52538928624_4eb5550a9b_b.jpg'),
(361, 73, 'https://encrypted-tbn0.gstatic.com/images?q=tbn:ANd9GcQz4IZZacpz8UNfNo3nERxkm4r1YQUFKuzPY9DM87qaBnvREGN84GDZHP2OpGXwl9JxDoc&usqp=CAU'),
(362, 73, 'https://encrypted-tbn0.gstatic.com/images?q=tbn:ANd9GcRiIzo1vxn0Hu7Y7Rkf4ODl9SlcHOyYk0rORDRWC7gNT8-2mJtutYGl6baHM41XtAwjzDY&usqp=CAU'),
(363, 74, 'https://pic.pimg.tw/winnie227520/1464600084-1422759005_wn.jpg'),
(364, 74, 'https://firebasestorage.googleapis.com/v0/b/fluv-prod.appspot.com/o/users_public%2FIJSLpTJh6cN5JP3cY51t9FPWT9m2%2Fservice_pictures%2FRVd8hyaB6c1kSqGsz84W_thumb_480x.jpg?alt=media'),
(365, 74, 'https://firebasestorage.googleapis.com/v0/b/fluv-prod.appspot.com/o/users_public%2FIJSLpTJh6cN5JP3cY51t9FPWT9m2%2Fservice_pictures%2FJySd6LslYb9RhNr8FY7y_thumb_480x.jpg?alt=media'),
(366, 74, 'https://firebasestorage.googleapis.com/v0/b/fluv-prod.appspot.com/o/users_public%2FIJSLpTJh6cN5JP3cY51t9FPWT9m2%2Fservice_pictures%2FXz86oyijOSl56EpMKKDY_thumb_480x.jpg?alt=media'),
(367, 74, 'https://firebasestorage.googleapis.com/v0/b/fluv-prod.appspot.com/o/users_public%2FjLdDPgSbffhEyXKhtN47nyZAioa2%2Fservice_pictures%2FZMwN6nmbg22rx0MD6knp_thumb_480x.jpg?alt=media'),
(368, 74, 'https://firebasestorage.googleapis.com/v0/b/fluv-prod.appspot.com/o/users_public%2FjLdDPgSbffhEyXKhtN47nyZAioa2%2Fservice_pictures%2FvXiSortPR3ga9WseSlVD_thumb_480x.jpg?alt=media'),
(369, 74, 'https://firebasestorage.googleapis.com/v0/b/fluv-prod.appspot.com/o/users_public%2FcELjeKogZlS4Iw4VsvQEI3KSxxu2%2Fservice_pictures%2Fnf9ccuvClCuP3IozHB3q_thumb_480x.jpg?alt=media'),
(370, 74, 'https://firebasestorage.googleapis.com/v0/b/fluv-prod.appspot.com/o/users_public%2FcELjeKogZlS4Iw4VsvQEI3KSxxu2%2Fservice_pictures%2FTPh8kXunh2lwv0JWUWSo_thumb_480x.jpg?alt=media'),
(371, 75, 'https://firebasestorage.googleapis.com/v0/b/fluv-prod.appspot.com/o/users_public%2FcELjeKogZlS4Iw4VsvQEI3KSxxu2%2Fservice_pictures%2FmN0vGKKxkMzXWbqQ3i0p_thumb_480x.jpg?alt=media');
INSERT INTO `image_helper` (`image_id`, `group_id`, `file_path`) VALUES
(372, 75, 'https://firebasestorage.googleapis.com/v0/b/fluv-prod.appspot.com/o/users_public%2FcELjeKogZlS4Iw4VsvQEI3KSxxu2%2Fservice_pictures%2FzpwxHMWFWYXXMkmpR8fy_thumb_480x.jpg?alt=media'),
(373, 75, 'https://petsittingdiary.com/wp-content/uploads/2019/07/Cat-Sitting-Service-Hog-Kong-e1591520694693.jpg'),
(374, 75, 'https://obs.line-scdn.net/0heju-mXmwOkVIVCyXtSBFEnICOSp7OClGLGJrRgs6ZHJkN3lEdTF3c2sHY3Q2N30bJmVwIm1WIXQwM34TcjJ3/w644'),
(375, 75, 'https://m.media-amazon.com/images/I/618Kef7E-xL._AC_UF894,1000_QL80_.jpg'),
(376, 75, 'https://sw.cool3c.com/user/46749/2021/51d418b2-f1da-4339-8271-74f316f870d9.jpg?fit=max&w=2400&q=80'),
(377, 75, 'https://cw1.tw/CW/images/article/201703/article-58c90b163b7aa.jpg'),
(378, 75, 'https://immian.com/wp-content/uploads/20200106000700_42-1200x802.jpg'),
(379, 75, 'https://blog.petdaddy.com.tw/wp-content/uploads/2022/09/care-for-kitten-01.webp'),
(380, 75, 'https://img.ws.mms.shopee.tw/tw-11134207-7qukz-lgywwhmkvajw4f'),
(381, 76, 'https://www.puzzlecat.org.tw/sites/default/files/styles/blog_773x580/public/blog/imgs/xiang_shou_di_di_.png?itok=8OrEtc4C'),
(382, 76, 'https://imgcdn.cna.com.tw/www/WebPhotos/800/20230316/1600x1066_wmkn_978536470460_0.jpg'),
(383, 76, 'https://image.cache.storm.mg/styles/smg-800x533-fp/s3/media/image/2020/01/31/20200131-052418_U17017_M588719_cd2e.jpg?itok=s0SyFjTD'),
(384, 76, 'https://i.imgur.com/rN9pyqo.jpg'),
(385, 76, 'https://image-cdn-flare.qdm.cloud/q696696e901028/image/data/2020/11/10/827a2e878660c4560f1d5e6111656104.jpg'),
(386, 76, 'https://womany.net/cdn-cgi/image/w=800,fit=scale-down,f=auto/https://castle.womany.net/images/content/pictures/86693/womany_IMG_6257_1554714568-9965-0118-5531.jpg'),
(387, 77, 'https://static.ctwant.com/images/cover/50/211150/md-3c98891d3de53264ba66befc4c771a83.jpg'),
(388, 77, 'https://s.yimg.com/ny/api/res/1.2/AktaC42uZj7N5nwdNH6VNg--/YXBwaWQ9aGlnaGxhbmRlcjt3PTY0MDtoPTQ3OA--/https://media.zenfs.com/ko/mypeople.tw/562f71a0ba7b66108a3b0be8a55ede10'),
(389, 77, 'https://obs.line-scdn.net/0hi9d5Fy0tNhZZTB4mxKVJQWAaOmdqKCMQNzR7InscOi91fG0QYCsubHkfanFoL3lDNzYtJCgbaiIheyNIYC0'),
(390, 77, 'https://live.staticflickr.com/65535/52538928624_4eb5550a9b_b.jpg'),
(391, 77, 'https://encrypted-tbn0.gstatic.com/images?q=tbn:ANd9GcQz4IZZacpz8UNfNo3nERxkm4r1YQUFKuzPY9DM87qaBnvREGN84GDZHP2OpGXwl9JxDoc&usqp=CAU'),
(392, 77, 'https://encrypted-tbn0.gstatic.com/images?q=tbn:ANd9GcRiIzo1vxn0Hu7Y7Rkf4ODl9SlcHOyYk0rORDRWC7gNT8-2mJtutYGl6baHM41XtAwjzDY&usqp=CAU'),
(393, 77, 'https://pic.pimg.tw/winnie227520/1464600084-1422759005_wn.jpg'),
(394, 77, 'https://firebasestorage.googleapis.com/v0/b/fluv-prod.appspot.com/o/users_public%2FIJSLpTJh6cN5JP3cY51t9FPWT9m2%2Fservice_pictures%2FRVd8hyaB6c1kSqGsz84W_thumb_480x.jpg?alt=media'),
(395, 77, 'https://firebasestorage.googleapis.com/v0/b/fluv-prod.appspot.com/o/users_public%2FIJSLpTJh6cN5JP3cY51t9FPWT9m2%2Fservice_pictures%2FJySd6LslYb9RhNr8FY7y_thumb_480x.jpg?alt=media'),
(396, 77, 'https://firebasestorage.googleapis.com/v0/b/fluv-prod.appspot.com/o/users_public%2FIJSLpTJh6cN5JP3cY51t9FPWT9m2%2Fservice_pictures%2FXz86oyijOSl56EpMKKDY_thumb_480x.jpg?alt=media'),
(397, 78, 'https://firebasestorage.googleapis.com/v0/b/fluv-prod.appspot.com/o/users_public%2FjLdDPgSbffhEyXKhtN47nyZAioa2%2Fservice_pictures%2FZMwN6nmbg22rx0MD6knp_thumb_480x.jpg?alt=media'),
(398, 78, 'https://firebasestorage.googleapis.com/v0/b/fluv-prod.appspot.com/o/users_public%2FjLdDPgSbffhEyXKhtN47nyZAioa2%2Fservice_pictures%2FvXiSortPR3ga9WseSlVD_thumb_480x.jpg?alt=media'),
(399, 78, 'https://firebasestorage.googleapis.com/v0/b/fluv-prod.appspot.com/o/users_public%2FcELjeKogZlS4Iw4VsvQEI3KSxxu2%2Fservice_pictures%2Fnf9ccuvClCuP3IozHB3q_thumb_480x.jpg?alt=media'),
(400, 78, 'https://firebasestorage.googleapis.com/v0/b/fluv-prod.appspot.com/o/users_public%2FcELjeKogZlS4Iw4VsvQEI3KSxxu2%2Fservice_pictures%2FTPh8kXunh2lwv0JWUWSo_thumb_480x.jpg?alt=media'),
(401, 78, 'https://firebasestorage.googleapis.com/v0/b/fluv-prod.appspot.com/o/users_public%2FcELjeKogZlS4Iw4VsvQEI3KSxxu2%2Fservice_pictures%2FmN0vGKKxkMzXWbqQ3i0p_thumb_480x.jpg?alt=media'),
(402, 78, 'https://firebasestorage.googleapis.com/v0/b/fluv-prod.appspot.com/o/users_public%2FcELjeKogZlS4Iw4VsvQEI3KSxxu2%2Fservice_pictures%2FzpwxHMWFWYXXMkmpR8fy_thumb_480x.jpg?alt=media'),
(403, 78, 'https://petsittingdiary.com/wp-content/uploads/2019/07/Cat-Sitting-Service-Hog-Kong-e1591520694693.jpg'),
(404, 78, 'https://obs.line-scdn.net/0heju-mXmwOkVIVCyXtSBFEnICOSp7OClGLGJrRgs6ZHJkN3lEdTF3c2sHY3Q2N30bJmVwIm1WIXQwM34TcjJ3/w644'),
(405, 79, 'https://m.media-amazon.com/images/I/618Kef7E-xL._AC_UF894,1000_QL80_.jpg'),
(406, 79, 'https://sw.cool3c.com/user/46749/2021/51d418b2-f1da-4339-8271-74f316f870d9.jpg?fit=max&w=2400&q=80'),
(407, 79, 'https://cw1.tw/CW/images/article/201703/article-58c90b163b7aa.jpg'),
(408, 79, 'https://immian.com/wp-content/uploads/20200106000700_42-1200x802.jpg'),
(409, 79, 'https://blog.petdaddy.com.tw/wp-content/uploads/2022/09/care-for-kitten-01.webp'),
(410, 79, 'https://img.ws.mms.shopee.tw/tw-11134207-7qukz-lgywwhmkvajw4f'),
(411, 80, 'https://www.puzzlecat.org.tw/sites/default/files/styles/blog_773x580/public/blog/imgs/xiang_shou_di_di_.png?itok=8OrEtc4C'),
(412, 80, 'https://imgcdn.cna.com.tw/www/WebPhotos/800/20230316/1600x1066_wmkn_978536470460_0.jpg'),
(413, 80, 'https://image.cache.storm.mg/styles/smg-800x533-fp/s3/media/image/2020/01/31/20200131-052418_U17017_M588719_cd2e.jpg?itok=s0SyFjTD'),
(414, 80, 'https://i.imgur.com/rN9pyqo.jpg'),
(415, 80, 'https://image-cdn-flare.qdm.cloud/q696696e901028/image/data/2020/11/10/827a2e878660c4560f1d5e6111656104.jpg'),
(416, 80, 'https://womany.net/cdn-cgi/image/w=800,fit=scale-down,f=auto/https://castle.womany.net/images/content/pictures/86693/womany_IMG_6257_1554714568-9965-0118-5531.jpg'),
(417, 80, 'https://static.ctwant.com/images/cover/50/211150/md-3c98891d3de53264ba66befc4c771a83.jpg');

-- --------------------------------------------------------

--
-- 資料表結構 `image_mission`
--

CREATE TABLE `image_mission` (
  `image_id` int(11) NOT NULL,
  `mission_id` int(10) NOT NULL,
  `file_path` varchar(200) NOT NULL
) ENGINE=InnoDB DEFAULT CHARSET=utf8mb4 COLLATE=utf8mb4_general_ci;

--
-- 傾印資料表的資料 `image_mission`
--

INSERT INTO `image_mission` (`image_id`, `mission_id`, `file_path`) VALUES
(1, 1, 'https://images.pexels.com/photos/7410722/pexels-photo-7410722.jpeg?auto=compress&cs=tinysrgb&w=1260&h=750&dpr=2'),
(2, 1, 'https://images.pexels.com/photos/954720/pexels-photo-954720.jpeg?auto=compress&cs=tinysrgb&w=1260&h=750&dpr=2'),
(3, 1, 'https://images.pexels.com/photos/6897077/pexels-photo-6897077.jpeg?auto=compress&cs=tinysrgb&w=1260&h=750&dpr=2'),
(4, 1, 'https://images.pexels.com/photos/979247/pexels-photo-979247.jpeg?auto=compress&cs=tinysrgb&w=1260&h=750&dpr=2'),
(5, 1, 'https://images.pexels.com/photos/208773/pexels-photo-208773.jpeg?auto=compress&cs=tinysrgb&w=1260&h=750&dpr=2'),
(6, 1, 'https://images.pexels.com/photos/2698519/pexels-photo-2698519.jpeg?auto=compress&cs=tinysrgb&w=1260&h=750&dpr=2'),
(7, 1, 'https://images.pexels.com/photos/979098/pexels-photo-979098.jpeg?auto=compress&cs=tinysrgb&w=1260&h=750&dpr=2'),
(8, 1, 'https://images.pexels.com/photos/979250/pexels-photo-979250.jpeg?auto=compress&cs=tinysrgb&w=1260&h=750&dpr=2'),
(9, 2, 'https://images.pexels.com/photos/977935/pexels-photo-977935.jpeg?auto=compress&cs=tinysrgb&w=1260&h=750&dpr=2'),
(10, 2, 'https://images.pexels.com/photos/3257811/pexels-photo-3257811.jpeg?auto=compress&cs=tinysrgb&w=1260&h=750&dpr=2'),
(11, 2, 'https://images.pexels.com/photos/56857/animal-cat-kitten-funny-56857.jpeg?auto=compress&cs=tinysrgb&w=1260&h=750&dpr=2'),
(12, 2, 'https://images.pexels.com/photos/1202481/pexels-photo-1202481.jpeg?auto=compress&cs=tinysrgb&w=1260&h=750&dpr=2'),
(13, 2, 'https://images.pexels.com/photos/1299518/pexels-photo-1299518.jpeg?auto=compress&cs=tinysrgb&w=1260&h=750&dpr=2'),
(14, 2, 'https://images.pexels.com/photos/1605481/pexels-photo-1605481.jpeg?auto=compress&cs=tinysrgb&w=1260&h=750&dpr=2'),
(15, 2, 'https://images.pexels.com/photos/2083940/pexels-photo-2083940.jpeg?auto=compress&cs=tinysrgb&w=1260&h=750&dpr=2'),
(16, 2, 'https://images.pexels.com/photos/1132569/pexels-photo-1132569.jpeg?auto=compress&cs=tinysrgb&w=1260&h=750&dpr=2'),
(17, 3, 'https://images.pexels.com/photos/8985189/pexels-photo-8985189.jpeg?auto=compress&cs=tinysrgb&w=1260&h=750&dpr=2'),
(18, 3, 'https://images.pexels.com/photos/2071873/pexels-photo-2071873.jpeg?auto=compress&cs=tinysrgb&w=1260&h=750&dpr=2'),
(19, 3, 'https://images.pexels.com/photos/1828875/pexels-photo-1828875.jpeg?auto=compress&cs=tinysrgb&w=1260&h=750&dpr=2'),
(20, 3, 'https://images.pexels.com/photos/256632/pexels-photo-256632.jpeg?auto=compress&cs=tinysrgb&w=1260&h=750&dpr=2'),
(21, 3, 'https://images.pexels.com/photos/1435632/pexels-photo-1435632.jpeg?auto=compress&cs=tinysrgb&w=1260&h=750&dpr=2'),
(22, 3, 'https://images.pexels.com/photos/1642227/pexels-photo-1642227.jpeg?auto=compress&cs=tinysrgb&w=1260&h=750&dpr=2'),
(23, 3, 'https://images.pexels.com/photos/2216715/pexels-photo-2216715.jpeg?auto=compress&cs=tinysrgb&w=1260&h=750&dpr=2'),
(24, 3, 'https://images.pexels.com/photos/1835010/pexels-photo-1835010.jpeg?auto=compress&cs=tinysrgb&w=1260&h=750&dpr=2'),
(25, 4, 'https://images.pexels.com/photos/57416/cat-sweet-kitty-animals-57416.jpeg?auto=compress&cs=tinysrgb&w=1260&h=750&dpr=2'),
(26, 4, 'https://images.pexels.com/photos/1741205/pexels-photo-1741205.jpeg?auto=compress&cs=tinysrgb&w=800'),
(27, 4, 'https://images.pexels.com/photos/1170986/pexels-photo-1170986.jpeg?auto=compress&cs=tinysrgb&w=1260&h=750&dpr=2'),
(28, 4, 'https://images.pexels.com/photos/1741206/pexels-photo-1741206.jpeg?auto=compress&cs=tinysrgb&w=1260&h=750&dpr=2'),
(29, 4, 'https://images.pexels.com/photos/2173872/pexels-photo-2173872.jpeg?auto=compress&cs=tinysrgb&w=1260&h=750&dpr=2'),
(30, 4, 'https://images.pexels.com/photos/736532/pexels-photo-736532.jpeg?auto=compress&cs=tinysrgb&w=1260&h=750&dpr=2'),
(31, 4, 'https://images.pexels.com/photos/2278093/pexels-photo-2278093.jpeg?auto=compress&cs=tinysrgb&w=1260&h=750&dpr=2'),
(32, 4, 'https://images.pexels.com/photos/1643461/pexels-photo-1643461.jpeg?auto=compress&cs=tinysrgb&w=1260&h=750&dpr=2'),
(33, 5, 'https://images.pexels.com/photos/13722001/pexels-photo-13722001.jpeg?auto=compress&cs=tinysrgb&w=1260&h=750&dpr=2'),
(34, 5, 'https://images.pexels.com/photos/45201/kitty-cat-kitten-pet-45201.jpeg?auto=compress&cs=tinysrgb&w=1260&h=750&dpr=2'),
(35, 5, 'https://images.pexels.com/photos/1302290/pexels-photo-1302290.jpeg?auto=compress&cs=tinysrgb&w=1260&h=750&dpr=2'),
(36, 5, 'https://images.pexels.com/photos/1287518/pexels-photo-1287518.jpeg?auto=compress&cs=tinysrgb&w=1260&h=750&dpr=2'),
(37, 5, 'https://images.pexels.com/photos/2942330/pexels-photo-2942330.jpeg?auto=compress&cs=tinysrgb&w=1260&h=750&dpr=2'),
(38, 5, 'https://images.pexels.com/photos/1485968/pexels-photo-1485968.jpeg?auto=compress&cs=tinysrgb&w=1260&h=750&dpr=2'),
(39, 5, 'https://images.pexels.com/photos/1084425/pexels-photo-1084425.jpeg?auto=compress&cs=tinysrgb&w=1260&h=750&dpr=2'),
(40, 5, 'https://images.pexels.com/photos/1653357/pexels-photo-1653357.jpeg?auto=compress&cs=tinysrgb&w=1260&h=750&dpr=2'),
(41, 6, 'https://images.pexels.com/photos/7149465/pexels-photo-7149465.jpeg?auto=compress&cs=tinysrgb&w=1260&h=750&dpr=2'),
(42, 6, 'https://images.pexels.com/photos/1404825/pexels-photo-1404825.jpeg?auto=compress&cs=tinysrgb&w=1260&h=750&dpr=2'),
(43, 6, 'https://images.pexels.com/photos/699962/pexels-photo-699962.jpeg?auto=compress&cs=tinysrgb&w=1260&h=750&dpr=2'),
(44, 6, 'https://images.pexels.com/photos/3318215/pexels-photo-3318215.jpeg?auto=compress&cs=tinysrgb&w=1260&h=750&dpr=2'),
(45, 6, 'https://images.pexels.com/photos/15435631/pexels-photo-15435631.jpeg?auto=compress&cs=tinysrgb&w=1260&h=750&dpr=2'),
(46, 6, 'https://images.pexels.com/photos/416160/pexels-photo-416160.jpeg?auto=compress&cs=tinysrgb&w=1260&h=750&dpr=2'),
(47, 6, 'https://images.pexels.com/photos/1359307/pexels-photo-1359307.jpeg?auto=compress&cs=tinysrgb&w=1260&h=750&dpr=2'),
(48, 6, 'https://images.pexels.com/photos/20787/pexels-photo.jpg?auto=compress&cs=tinysrgb&w=1260&h=750&dpr=2'),
(49, 7, 'https://images.pexels.com/photos/2361952/pexels-photo-2361952.jpeg?auto=compress&cs=tinysrgb&w=1260&h=750&dpr=2'),
(50, 7, 'https://images.pexels.com/photos/2686914/pexels-photo-2686914.jpeg?auto=compress&cs=tinysrgb&w=1260&h=750&dpr=2'),
(51, 7, 'https://images.pexels.com/photos/691583/pexels-photo-691583.jpeg?auto=compress&cs=tinysrgb&w=1260&h=750&dpr=2'),
(52, 7, 'https://images.pexels.com/photos/1056251/pexels-photo-1056251.jpeg?auto=compress&cs=tinysrgb&w=1260&h=750&dpr=2'),
(53, 7, 'https://images.pexels.com/photos/669015/pexels-photo-669015.jpeg?auto=compress&cs=tinysrgb&w=1260&h=750&dpr=2'),
(54, 7, 'https://images.pexels.com/photos/126407/pexels-photo-126407.jpeg?auto=compress&cs=tinysrgb&w=1260&h=750&dpr=2'),
(55, 7, 'https://images.pexels.com/photos/68594/pexels-photo-68594.jpeg?auto=compress&cs=tinysrgb&w=1260&h=750&dpr=2'),
(56, 7, 'https://images.pexels.com/photos/821736/pexels-photo-821736.jpeg?auto=compress&cs=tinysrgb&w=1260&h=750&dpr=2'),
(57, 8, 'https://images.pexels.com/photos/982865/pexels-photo-982865.jpeg?auto=compress&cs=tinysrgb&w=1260&h=750&dpr=2'),
(58, 8, 'https://images.pexels.com/photos/14721098/pexels-photo-14721098.jpeg?auto=compress&cs=tinysrgb&w=1260&h=750&dpr=2'),
(59, 8, 'https://images.pexels.com/photos/982300/pexels-photo-982300.jpeg?auto=compress&cs=tinysrgb&w=1260&h=750&dpr=2'),
(60, 8, 'https://images.pexels.com/photos/982299/pexels-photo-982299.jpeg?auto=compress&cs=tinysrgb&w=1260&h=750&dpr=2'),
(61, 8, 'https://images.pexels.com/photos/599492/pexels-photo-599492.jpeg?auto=compress&cs=tinysrgb&w=1260&h=750&dpr=2'),
(62, 8, 'https://images.pexels.com/photos/1358689/pexels-photo-1358689.jpeg?auto=compress&cs=tinysrgb&w=1260&h=750&dpr=2'),
(63, 8, 'https://images.pexels.com/photos/2581153/pexels-photo-2581153.jpeg?auto=compress&cs=tinysrgb&w=1260&h=750&dpr=2'),
(64, 8, 'https://images.pexels.com/photos/1900747/pexels-photo-1900747.jpeg?auto=compress&cs=tinysrgb&w=1260&h=750&dpr=2'),
(65, 9, 'https://images.pexels.com/photos/3687957/pexels-photo-3687957.jpeg?auto=compress&cs=tinysrgb&w=1260&h=750&dpr=2'),
(66, 9, 'https://images.pexels.com/photos/982314/pexels-photo-982314.jpeg?auto=compress&cs=tinysrgb&w=1260&h=750&dpr=2'),
(67, 9, 'https://images.pexels.com/photos/15445009/pexels-photo-15445009.jpeg?auto=compress&cs=tinysrgb&w=1260&h=750&dpr=2'),
(68, 9, 'https://images.pexels.com/photos/3643714/pexels-photo-3643714.jpeg?auto=compress&cs=tinysrgb&w=1260&h=750&dpr=2'),
(69, 9, 'https://images.pexels.com/photos/65006/pexels-photo-65006.jpeg?auto=compress&cs=tinysrgb&w=1260&h=750&dpr=2'),
(70, 9, 'https://images.pexels.com/photos/290164/pexels-photo-290164.jpeg?auto=compress&cs=tinysrgb&w=1260&h=750&dpr=2'),
(71, 9, 'https://images.pexels.com/photos/208805/pexels-photo-208805.jpeg?auto=compress&cs=tinysrgb&w=1260&h=750&dpr=2'),
(72, 9, 'https://images.pexels.com/photos/1440403/pexels-photo-1440403.jpeg?auto=compress&cs=tinysrgb&w=1260&h=750&dpr=2'),
(73, 10, 'https://images.pexels.com/photos/3712095/pexels-photo-3712095.jpeg?auto=compress&cs=tinysrgb&w=1260&h=750&dpr=2'),
(74, 10, 'https://images.pexels.com/photos/1543793/pexels-photo-1543793.jpeg?auto=compress&cs=tinysrgb&w=1260&h=750&dpr=2'),
(75, 10, 'https://images.pexels.com/photos/1472999/pexels-photo-1472999.jpeg?auto=compress&cs=tinysrgb&w=1260&h=750&dpr=2'),
(76, 10, 'https://images.pexels.com/photos/1543801/pexels-photo-1543801.jpeg?auto=compress&cs=tinysrgb&w=1260&h=750&dpr=2'),
(77, 10, 'https://images.pexels.com/photos/978555/pexels-photo-978555.jpeg?auto=compress&cs=tinysrgb&w=1260&h=750&dpr=2'),
(78, 10, 'https://images.pexels.com/photos/3525298/pexels-photo-3525298.jpeg?auto=compress&cs=tinysrgb&w=1260&h=750&dpr=2'),
(79, 10, 'https://images.pexels.com/photos/1383406/pexels-photo-1383406.jpeg?auto=compress&cs=tinysrgb&w=1260&h=750&dpr=2'),
(80, 10, 'https://images.pexels.com/photos/2892372/pexels-photo-2892372.jpeg?auto=compress&cs=tinysrgb&w=1260&h=750&dpr=2'),
(81, 11, 'https://images.pexels.com/photos/954720/pexels-photo-954720.jpeg?auto=compress&cs=tinysrgb&w=1260&h=750&dpr=2'),
(82, 11, 'https://images.pexels.com/photos/6897077/pexels-photo-6897077.jpeg?auto=compress&cs=tinysrgb&w=1260&h=750&dpr=2'),
(83, 11, 'https://images.pexels.com/photos/979247/pexels-photo-979247.jpeg?auto=compress&cs=tinysrgb&w=1260&h=750&dpr=2'),
(84, 11, 'https://images.pexels.com/photos/208773/pexels-photo-208773.jpeg?auto=compress&cs=tinysrgb&w=1260&h=750&dpr=2'),
(85, 11, 'https://images.pexels.com/photos/2698519/pexels-photo-2698519.jpeg?auto=compress&cs=tinysrgb&w=1260&h=750&dpr=2'),
(86, 11, 'https://images.pexels.com/photos/979098/pexels-photo-979098.jpeg?auto=compress&cs=tinysrgb&w=1260&h=750&dpr=2'),
(87, 11, 'https://images.pexels.com/photos/979250/pexels-photo-979250.jpeg?auto=compress&cs=tinysrgb&w=1260&h=750&dpr=2'),
(88, 11, 'https://images.pexels.com/photos/7410722/pexels-photo-7410722.jpeg?auto=compress&cs=tinysrgb&w=1260&h=750&dpr=2'),
(89, 12, 'https://images.pexels.com/photos/3257811/pexels-photo-3257811.jpeg?auto=compress&cs=tinysrgb&w=1260&h=750&dpr=2'),
(90, 12, 'https://images.pexels.com/photos/56857/animal-cat-kitten-funny-56857.jpeg?auto=compress&cs=tinysrgb&w=1260&h=750&dpr=2'),
(91, 12, 'https://images.pexels.com/photos/1202481/pexels-photo-1202481.jpeg?auto=compress&cs=tinysrgb&w=1260&h=750&dpr=2'),
(92, 12, 'https://images.pexels.com/photos/1299518/pexels-photo-1299518.jpeg?auto=compress&cs=tinysrgb&w=1260&h=750&dpr=2'),
(93, 12, 'https://images.pexels.com/photos/1605481/pexels-photo-1605481.jpeg?auto=compress&cs=tinysrgb&w=1260&h=750&dpr=2'),
(94, 12, 'https://images.pexels.com/photos/2083940/pexels-photo-2083940.jpeg?auto=compress&cs=tinysrgb&w=1260&h=750&dpr=2'),
(95, 12, 'https://images.pexels.com/photos/1132569/pexels-photo-1132569.jpeg?auto=compress&cs=tinysrgb&w=1260&h=750&dpr=2'),
(96, 12, 'https://images.pexels.com/photos/977935/pexels-photo-977935.jpeg?auto=compress&cs=tinysrgb&w=1260&h=750&dpr=2'),
(97, 13, 'https://images.pexels.com/photos/2071873/pexels-photo-2071873.jpeg?auto=compress&cs=tinysrgb&w=1260&h=750&dpr=2'),
(98, 13, 'https://images.pexels.com/photos/1828875/pexels-photo-1828875.jpeg?auto=compress&cs=tinysrgb&w=1260&h=750&dpr=2'),
(99, 13, 'https://images.pexels.com/photos/256632/pexels-photo-256632.jpeg?auto=compress&cs=tinysrgb&w=1260&h=750&dpr=2'),
(100, 13, 'https://images.pexels.com/photos/1435632/pexels-photo-1435632.jpeg?auto=compress&cs=tinysrgb&w=1260&h=750&dpr=2'),
(101, 13, 'https://images.pexels.com/photos/1642227/pexels-photo-1642227.jpeg?auto=compress&cs=tinysrgb&w=1260&h=750&dpr=2'),
(102, 13, 'https://images.pexels.com/photos/2216715/pexels-photo-2216715.jpeg?auto=compress&cs=tinysrgb&w=1260&h=750&dpr=2'),
(103, 13, 'https://images.pexels.com/photos/1835010/pexels-photo-1835010.jpeg?auto=compress&cs=tinysrgb&w=1260&h=750&dpr=2'),
(104, 13, 'https://images.pexels.com/photos/8985189/pexels-photo-8985189.jpeg?auto=compress&cs=tinysrgb&w=1260&h=750&dpr=2'),
(105, 14, 'https://images.pexels.com/photos/1741205/pexels-photo-1741205.jpeg?auto=compress&cs=tinysrgb&w=800'),
(106, 14, 'https://images.pexels.com/photos/1170986/pexels-photo-1170986.jpeg?auto=compress&cs=tinysrgb&w=1260&h=750&dpr=2'),
(107, 14, 'https://images.pexels.com/photos/1741206/pexels-photo-1741206.jpeg?auto=compress&cs=tinysrgb&w=1260&h=750&dpr=2'),
(108, 14, 'https://images.pexels.com/photos/2173872/pexels-photo-2173872.jpeg?auto=compress&cs=tinysrgb&w=1260&h=750&dpr=2'),
(109, 14, 'https://images.pexels.com/photos/736532/pexels-photo-736532.jpeg?auto=compress&cs=tinysrgb&w=1260&h=750&dpr=2'),
(110, 14, 'https://images.pexels.com/photos/2278093/pexels-photo-2278093.jpeg?auto=compress&cs=tinysrgb&w=1260&h=750&dpr=2'),
(111, 14, 'https://images.pexels.com/photos/1643461/pexels-photo-1643461.jpeg?auto=compress&cs=tinysrgb&w=1260&h=750&dpr=2'),
(112, 14, 'https://images.pexels.com/photos/57416/cat-sweet-kitty-animals-57416.jpeg?auto=compress&cs=tinysrgb&w=1260&h=750&dpr=2'),
(113, 15, 'https://images.pexels.com/photos/45201/kitty-cat-kitten-pet-45201.jpeg?auto=compress&cs=tinysrgb&w=1260&h=750&dpr=2'),
(114, 15, 'https://images.pexels.com/photos/1302290/pexels-photo-1302290.jpeg?auto=compress&cs=tinysrgb&w=1260&h=750&dpr=2'),
(115, 15, 'https://images.pexels.com/photos/1287518/pexels-photo-1287518.jpeg?auto=compress&cs=tinysrgb&w=1260&h=750&dpr=2'),
(116, 15, 'https://images.pexels.com/photos/2942330/pexels-photo-2942330.jpeg?auto=compress&cs=tinysrgb&w=1260&h=750&dpr=2'),
(117, 15, 'https://images.pexels.com/photos/1485968/pexels-photo-1485968.jpeg?auto=compress&cs=tinysrgb&w=1260&h=750&dpr=2'),
(118, 15, 'https://images.pexels.com/photos/1084425/pexels-photo-1084425.jpeg?auto=compress&cs=tinysrgb&w=1260&h=750&dpr=2'),
(119, 15, 'https://images.pexels.com/photos/1653357/pexels-photo-1653357.jpeg?auto=compress&cs=tinysrgb&w=1260&h=750&dpr=2'),
(120, 15, 'https://images.pexels.com/photos/13722001/pexels-photo-13722001.jpeg?auto=compress&cs=tinysrgb&w=1260&h=750&dpr=2'),
(121, 16, 'https://images.pexels.com/photos/1404825/pexels-photo-1404825.jpeg?auto=compress&cs=tinysrgb&w=1260&h=750&dpr=2'),
(122, 16, 'https://images.pexels.com/photos/699962/pexels-photo-699962.jpeg?auto=compress&cs=tinysrgb&w=1260&h=750&dpr=2'),
(123, 16, 'https://images.pexels.com/photos/3318215/pexels-photo-3318215.jpeg?auto=compress&cs=tinysrgb&w=1260&h=750&dpr=2'),
(124, 16, 'https://images.pexels.com/photos/15435631/pexels-photo-15435631.jpeg?auto=compress&cs=tinysrgb&w=1260&h=750&dpr=2'),
(125, 16, 'https://images.pexels.com/photos/416160/pexels-photo-416160.jpeg?auto=compress&cs=tinysrgb&w=1260&h=750&dpr=2'),
(126, 16, 'https://images.pexels.com/photos/1359307/pexels-photo-1359307.jpeg?auto=compress&cs=tinysrgb&w=1260&h=750&dpr=2'),
(127, 16, 'https://images.pexels.com/photos/20787/pexels-photo.jpg?auto=compress&cs=tinysrgb&w=1260&h=750&dpr=2'),
(128, 16, 'https://images.pexels.com/photos/7149465/pexels-photo-7149465.jpeg?auto=compress&cs=tinysrgb&w=1260&h=750&dpr=2'),
(129, 17, 'https://images.pexels.com/photos/2686914/pexels-photo-2686914.jpeg?auto=compress&cs=tinysrgb&w=1260&h=750&dpr=2'),
(130, 17, 'https://images.pexels.com/photos/691583/pexels-photo-691583.jpeg?auto=compress&cs=tinysrgb&w=1260&h=750&dpr=2'),
(131, 17, 'https://images.pexels.com/photos/1056251/pexels-photo-1056251.jpeg?auto=compress&cs=tinysrgb&w=1260&h=750&dpr=2'),
(132, 17, 'https://images.pexels.com/photos/669015/pexels-photo-669015.jpeg?auto=compress&cs=tinysrgb&w=1260&h=750&dpr=2'),
(133, 17, 'https://images.pexels.com/photos/126407/pexels-photo-126407.jpeg?auto=compress&cs=tinysrgb&w=1260&h=750&dpr=2'),
(134, 17, 'https://images.pexels.com/photos/68594/pexels-photo-68594.jpeg?auto=compress&cs=tinysrgb&w=1260&h=750&dpr=2'),
(135, 17, 'https://images.pexels.com/photos/821736/pexels-photo-821736.jpeg?auto=compress&cs=tinysrgb&w=1260&h=750&dpr=2'),
(136, 17, 'https://images.pexels.com/photos/2361952/pexels-photo-2361952.jpeg?auto=compress&cs=tinysrgb&w=1260&h=750&dpr=2'),
(137, 18, 'https://images.pexels.com/photos/14721098/pexels-photo-14721098.jpeg?auto=compress&cs=tinysrgb&w=1260&h=750&dpr=2'),
(138, 18, 'https://images.pexels.com/photos/982300/pexels-photo-982300.jpeg?auto=compress&cs=tinysrgb&w=1260&h=750&dpr=2'),
(139, 18, 'https://images.pexels.com/photos/982299/pexels-photo-982299.jpeg?auto=compress&cs=tinysrgb&w=1260&h=750&dpr=2'),
(140, 18, 'https://images.pexels.com/photos/599492/pexels-photo-599492.jpeg?auto=compress&cs=tinysrgb&w=1260&h=750&dpr=2'),
(141, 18, 'https://images.pexels.com/photos/1358689/pexels-photo-1358689.jpeg?auto=compress&cs=tinysrgb&w=1260&h=750&dpr=2'),
(142, 18, 'https://images.pexels.com/photos/2581153/pexels-photo-2581153.jpeg?auto=compress&cs=tinysrgb&w=1260&h=750&dpr=2'),
(143, 18, 'https://images.pexels.com/photos/1900747/pexels-photo-1900747.jpeg?auto=compress&cs=tinysrgb&w=1260&h=750&dpr=2'),
(144, 18, 'https://images.pexels.com/photos/982865/pexels-photo-982865.jpeg?auto=compress&cs=tinysrgb&w=1260&h=750&dpr=2'),
(145, 19, 'https://images.pexels.com/photos/982314/pexels-photo-982314.jpeg?auto=compress&cs=tinysrgb&w=1260&h=750&dpr=2'),
(146, 19, 'https://images.pexels.com/photos/15445009/pexels-photo-15445009.jpeg?auto=compress&cs=tinysrgb&w=1260&h=750&dpr=2'),
(147, 19, 'https://images.pexels.com/photos/3643714/pexels-photo-3643714.jpeg?auto=compress&cs=tinysrgb&w=1260&h=750&dpr=2'),
(148, 19, 'https://images.pexels.com/photos/65006/pexels-photo-65006.jpeg?auto=compress&cs=tinysrgb&w=1260&h=750&dpr=2'),
(149, 19, 'https://images.pexels.com/photos/290164/pexels-photo-290164.jpeg?auto=compress&cs=tinysrgb&w=1260&h=750&dpr=2'),
(150, 19, 'https://images.pexels.com/photos/208805/pexels-photo-208805.jpeg?auto=compress&cs=tinysrgb&w=1260&h=750&dpr=2'),
(151, 19, 'https://images.pexels.com/photos/1440403/pexels-photo-1440403.jpeg?auto=compress&cs=tinysrgb&w=1260&h=750&dpr=2'),
(152, 19, 'https://images.pexels.com/photos/3687957/pexels-photo-3687957.jpeg?auto=compress&cs=tinysrgb&w=1260&h=750&dpr=2'),
(153, 20, 'https://images.pexels.com/photos/1543793/pexels-photo-1543793.jpeg?auto=compress&cs=tinysrgb&w=1260&h=750&dpr=2'),
(154, 20, 'https://images.pexels.com/photos/1472999/pexels-photo-1472999.jpeg?auto=compress&cs=tinysrgb&w=1260&h=750&dpr=2'),
(155, 20, 'https://images.pexels.com/photos/1543801/pexels-photo-1543801.jpeg?auto=compress&cs=tinysrgb&w=1260&h=750&dpr=2'),
(156, 20, 'https://images.pexels.com/photos/978555/pexels-photo-978555.jpeg?auto=compress&cs=tinysrgb&w=1260&h=750&dpr=2'),
(157, 20, 'https://images.pexels.com/photos/3525298/pexels-photo-3525298.jpeg?auto=compress&cs=tinysrgb&w=1260&h=750&dpr=2'),
(158, 20, 'https://images.pexels.com/photos/1383406/pexels-photo-1383406.jpeg?auto=compress&cs=tinysrgb&w=1260&h=750&dpr=2'),
(159, 20, 'https://images.pexels.com/photos/2892372/pexels-photo-2892372.jpeg?auto=compress&cs=tinysrgb&w=1260&h=750&dpr=2'),
(160, 20, 'https://images.pexels.com/photos/3712095/pexels-photo-3712095.jpeg?auto=compress&cs=tinysrgb&w=1260&h=750&dpr=2'),
(161, 21, 'https://images.pexels.com/photos/6897077/pexels-photo-6897077.jpeg?auto=compress&cs=tinysrgb&w=1260&h=750&dpr=2'),
(162, 21, 'https://images.pexels.com/photos/979247/pexels-photo-979247.jpeg?auto=compress&cs=tinysrgb&w=1260&h=750&dpr=2'),
(163, 21, 'https://images.pexels.com/photos/208773/pexels-photo-208773.jpeg?auto=compress&cs=tinysrgb&w=1260&h=750&dpr=2'),
(164, 21, 'https://images.pexels.com/photos/2698519/pexels-photo-2698519.jpeg?auto=compress&cs=tinysrgb&w=1260&h=750&dpr=2'),
(165, 21, 'https://images.pexels.com/photos/979098/pexels-photo-979098.jpeg?auto=compress&cs=tinysrgb&w=1260&h=750&dpr=2'),
(166, 21, 'https://images.pexels.com/photos/979250/pexels-photo-979250.jpeg?auto=compress&cs=tinysrgb&w=1260&h=750&dpr=2'),
(167, 21, 'https://images.pexels.com/photos/7410722/pexels-photo-7410722.jpeg?auto=compress&cs=tinysrgb&w=1260&h=750&dpr=2'),
(168, 21, 'https://images.pexels.com/photos/954720/pexels-photo-954720.jpeg?auto=compress&cs=tinysrgb&w=1260&h=750&dpr=2'),
(169, 22, 'https://images.pexels.com/photos/56857/animal-cat-kitten-funny-56857.jpeg?auto=compress&cs=tinysrgb&w=1260&h=750&dpr=2'),
(170, 22, 'https://images.pexels.com/photos/1202481/pexels-photo-1202481.jpeg?auto=compress&cs=tinysrgb&w=1260&h=750&dpr=2'),
(171, 22, 'https://images.pexels.com/photos/1299518/pexels-photo-1299518.jpeg?auto=compress&cs=tinysrgb&w=1260&h=750&dpr=2'),
(172, 22, 'https://images.pexels.com/photos/1605481/pexels-photo-1605481.jpeg?auto=compress&cs=tinysrgb&w=1260&h=750&dpr=2'),
(173, 22, 'https://images.pexels.com/photos/2083940/pexels-photo-2083940.jpeg?auto=compress&cs=tinysrgb&w=1260&h=750&dpr=2'),
(174, 22, 'https://images.pexels.com/photos/1132569/pexels-photo-1132569.jpeg?auto=compress&cs=tinysrgb&w=1260&h=750&dpr=2'),
(175, 22, 'https://images.pexels.com/photos/977935/pexels-photo-977935.jpeg?auto=compress&cs=tinysrgb&w=1260&h=750&dpr=2'),
(176, 22, 'https://images.pexels.com/photos/3257811/pexels-photo-3257811.jpeg?auto=compress&cs=tinysrgb&w=1260&h=750&dpr=2'),
(177, 23, 'https://images.pexels.com/photos/1828875/pexels-photo-1828875.jpeg?auto=compress&cs=tinysrgb&w=1260&h=750&dpr=2'),
(178, 23, 'https://images.pexels.com/photos/256632/pexels-photo-256632.jpeg?auto=compress&cs=tinysrgb&w=1260&h=750&dpr=2'),
(179, 23, 'https://images.pexels.com/photos/1435632/pexels-photo-1435632.jpeg?auto=compress&cs=tinysrgb&w=1260&h=750&dpr=2'),
(180, 23, 'https://images.pexels.com/photos/1642227/pexels-photo-1642227.jpeg?auto=compress&cs=tinysrgb&w=1260&h=750&dpr=2'),
(181, 23, 'https://images.pexels.com/photos/2216715/pexels-photo-2216715.jpeg?auto=compress&cs=tinysrgb&w=1260&h=750&dpr=2'),
(182, 23, 'https://images.pexels.com/photos/1835010/pexels-photo-1835010.jpeg?auto=compress&cs=tinysrgb&w=1260&h=750&dpr=2'),
(183, 23, 'https://images.pexels.com/photos/8985189/pexels-photo-8985189.jpeg?auto=compress&cs=tinysrgb&w=1260&h=750&dpr=2'),
(184, 23, 'https://images.pexels.com/photos/2071873/pexels-photo-2071873.jpeg?auto=compress&cs=tinysrgb&w=1260&h=750&dpr=2'),
(185, 24, 'https://images.pexels.com/photos/1170986/pexels-photo-1170986.jpeg?auto=compress&cs=tinysrgb&w=1260&h=750&dpr=2'),
(186, 24, 'https://images.pexels.com/photos/1741206/pexels-photo-1741206.jpeg?auto=compress&cs=tinysrgb&w=1260&h=750&dpr=2'),
(187, 24, 'https://images.pexels.com/photos/2173872/pexels-photo-2173872.jpeg?auto=compress&cs=tinysrgb&w=1260&h=750&dpr=2'),
(188, 24, 'https://images.pexels.com/photos/736532/pexels-photo-736532.jpeg?auto=compress&cs=tinysrgb&w=1260&h=750&dpr=2'),
(189, 24, 'https://images.pexels.com/photos/2278093/pexels-photo-2278093.jpeg?auto=compress&cs=tinysrgb&w=1260&h=750&dpr=2'),
(190, 24, 'https://images.pexels.com/photos/1643461/pexels-photo-1643461.jpeg?auto=compress&cs=tinysrgb&w=1260&h=750&dpr=2'),
(191, 24, 'https://images.pexels.com/photos/57416/cat-sweet-kitty-animals-57416.jpeg?auto=compress&cs=tinysrgb&w=1260&h=750&dpr=2'),
(192, 24, 'https://images.pexels.com/photos/1741205/pexels-photo-1741205.jpeg?auto=compress&cs=tinysrgb&w=800'),
(193, 25, 'https://images.pexels.com/photos/1302290/pexels-photo-1302290.jpeg?auto=compress&cs=tinysrgb&w=1260&h=750&dpr=2'),
(194, 25, 'https://images.pexels.com/photos/1287518/pexels-photo-1287518.jpeg?auto=compress&cs=tinysrgb&w=1260&h=750&dpr=2'),
(195, 25, 'https://images.pexels.com/photos/2942330/pexels-photo-2942330.jpeg?auto=compress&cs=tinysrgb&w=1260&h=750&dpr=2'),
(196, 25, 'https://images.pexels.com/photos/1485968/pexels-photo-1485968.jpeg?auto=compress&cs=tinysrgb&w=1260&h=750&dpr=2'),
(197, 25, 'https://images.pexels.com/photos/1084425/pexels-photo-1084425.jpeg?auto=compress&cs=tinysrgb&w=1260&h=750&dpr=2'),
(198, 25, 'https://images.pexels.com/photos/1653357/pexels-photo-1653357.jpeg?auto=compress&cs=tinysrgb&w=1260&h=750&dpr=2'),
(199, 25, 'https://images.pexels.com/photos/13722001/pexels-photo-13722001.jpeg?auto=compress&cs=tinysrgb&w=1260&h=750&dpr=2'),
(200, 25, 'https://images.pexels.com/photos/45201/kitty-cat-kitten-pet-45201.jpeg?auto=compress&cs=tinysrgb&w=1260&h=750&dpr=2'),
(201, 26, 'https://images.pexels.com/photos/699962/pexels-photo-699962.jpeg?auto=compress&cs=tinysrgb&w=1260&h=750&dpr=2'),
(202, 26, 'https://images.pexels.com/photos/3318215/pexels-photo-3318215.jpeg?auto=compress&cs=tinysrgb&w=1260&h=750&dpr=2'),
(203, 26, 'https://images.pexels.com/photos/15435631/pexels-photo-15435631.jpeg?auto=compress&cs=tinysrgb&w=1260&h=750&dpr=2'),
(204, 26, 'https://images.pexels.com/photos/416160/pexels-photo-416160.jpeg?auto=compress&cs=tinysrgb&w=1260&h=750&dpr=2'),
(205, 26, 'https://images.pexels.com/photos/1359307/pexels-photo-1359307.jpeg?auto=compress&cs=tinysrgb&w=1260&h=750&dpr=2'),
(206, 26, 'https://images.pexels.com/photos/20787/pexels-photo.jpg?auto=compress&cs=tinysrgb&w=1260&h=750&dpr=2'),
(207, 26, 'https://images.pexels.com/photos/7149465/pexels-photo-7149465.jpeg?auto=compress&cs=tinysrgb&w=1260&h=750&dpr=2'),
(208, 26, 'https://images.pexels.com/photos/1404825/pexels-photo-1404825.jpeg?auto=compress&cs=tinysrgb&w=1260&h=750&dpr=2'),
(209, 27, 'https://images.pexels.com/photos/691583/pexels-photo-691583.jpeg?auto=compress&cs=tinysrgb&w=1260&h=750&dpr=2'),
(210, 27, 'https://images.pexels.com/photos/1056251/pexels-photo-1056251.jpeg?auto=compress&cs=tinysrgb&w=1260&h=750&dpr=2'),
(211, 27, 'https://images.pexels.com/photos/669015/pexels-photo-669015.jpeg?auto=compress&cs=tinysrgb&w=1260&h=750&dpr=2'),
(212, 27, 'https://images.pexels.com/photos/126407/pexels-photo-126407.jpeg?auto=compress&cs=tinysrgb&w=1260&h=750&dpr=2'),
(213, 27, 'https://images.pexels.com/photos/68594/pexels-photo-68594.jpeg?auto=compress&cs=tinysrgb&w=1260&h=750&dpr=2'),
(214, 27, 'https://images.pexels.com/photos/821736/pexels-photo-821736.jpeg?auto=compress&cs=tinysrgb&w=1260&h=750&dpr=2'),
(215, 27, 'https://images.pexels.com/photos/2361952/pexels-photo-2361952.jpeg?auto=compress&cs=tinysrgb&w=1260&h=750&dpr=2'),
(216, 27, 'https://images.pexels.com/photos/2686914/pexels-photo-2686914.jpeg?auto=compress&cs=tinysrgb&w=1260&h=750&dpr=2'),
(217, 28, 'https://images.pexels.com/photos/982300/pexels-photo-982300.jpeg?auto=compress&cs=tinysrgb&w=1260&h=750&dpr=2'),
(218, 28, 'https://images.pexels.com/photos/982299/pexels-photo-982299.jpeg?auto=compress&cs=tinysrgb&w=1260&h=750&dpr=2'),
(219, 28, 'https://images.pexels.com/photos/599492/pexels-photo-599492.jpeg?auto=compress&cs=tinysrgb&w=1260&h=750&dpr=2'),
(220, 28, 'https://images.pexels.com/photos/1358689/pexels-photo-1358689.jpeg?auto=compress&cs=tinysrgb&w=1260&h=750&dpr=2'),
(221, 28, 'https://images.pexels.com/photos/2581153/pexels-photo-2581153.jpeg?auto=compress&cs=tinysrgb&w=1260&h=750&dpr=2'),
(222, 28, 'https://images.pexels.com/photos/1900747/pexels-photo-1900747.jpeg?auto=compress&cs=tinysrgb&w=1260&h=750&dpr=2'),
(223, 28, 'https://images.pexels.com/photos/982865/pexels-photo-982865.jpeg?auto=compress&cs=tinysrgb&w=1260&h=750&dpr=2'),
(224, 28, 'https://images.pexels.com/photos/14721098/pexels-photo-14721098.jpeg?auto=compress&cs=tinysrgb&w=1260&h=750&dpr=2'),
(225, 29, 'https://images.pexels.com/photos/15445009/pexels-photo-15445009.jpeg?auto=compress&cs=tinysrgb&w=1260&h=750&dpr=2'),
(226, 29, 'https://images.pexels.com/photos/3643714/pexels-photo-3643714.jpeg?auto=compress&cs=tinysrgb&w=1260&h=750&dpr=2'),
(227, 29, 'https://images.pexels.com/photos/65006/pexels-photo-65006.jpeg?auto=compress&cs=tinysrgb&w=1260&h=750&dpr=2'),
(228, 29, 'https://images.pexels.com/photos/290164/pexels-photo-290164.jpeg?auto=compress&cs=tinysrgb&w=1260&h=750&dpr=2'),
(229, 29, 'https://images.pexels.com/photos/208805/pexels-photo-208805.jpeg?auto=compress&cs=tinysrgb&w=1260&h=750&dpr=2'),
(230, 29, 'https://images.pexels.com/photos/1440403/pexels-photo-1440403.jpeg?auto=compress&cs=tinysrgb&w=1260&h=750&dpr=2'),
(231, 29, 'https://images.pexels.com/photos/3687957/pexels-photo-3687957.jpeg?auto=compress&cs=tinysrgb&w=1260&h=750&dpr=2'),
(232, 29, 'https://images.pexels.com/photos/982314/pexels-photo-982314.jpeg?auto=compress&cs=tinysrgb&w=1260&h=750&dpr=2'),
(233, 30, 'https://images.pexels.com/photos/1472999/pexels-photo-1472999.jpeg?auto=compress&cs=tinysrgb&w=1260&h=750&dpr=2'),
(234, 30, 'https://images.pexels.com/photos/1543801/pexels-photo-1543801.jpeg?auto=compress&cs=tinysrgb&w=1260&h=750&dpr=2'),
(235, 30, 'https://images.pexels.com/photos/978555/pexels-photo-978555.jpeg?auto=compress&cs=tinysrgb&w=1260&h=750&dpr=2'),
(236, 30, 'https://images.pexels.com/photos/3525298/pexels-photo-3525298.jpeg?auto=compress&cs=tinysrgb&w=1260&h=750&dpr=2'),
(237, 30, 'https://images.pexels.com/photos/1383406/pexels-photo-1383406.jpeg?auto=compress&cs=tinysrgb&w=1260&h=750&dpr=2'),
(238, 30, 'https://images.pexels.com/photos/2892372/pexels-photo-2892372.jpeg?auto=compress&cs=tinysrgb&w=1260&h=750&dpr=2'),
(239, 30, 'https://images.pexels.com/photos/3712095/pexels-photo-3712095.jpeg?auto=compress&cs=tinysrgb&w=1260&h=750&dpr=2'),
(240, 30, 'https://images.pexels.com/photos/1543793/pexels-photo-1543793.jpeg?auto=compress&cs=tinysrgb&w=1260&h=750&dpr=2'),
(241, 31, 'https://images.pexels.com/photos/979247/pexels-photo-979247.jpeg?auto=compress&cs=tinysrgb&w=1260&h=750&dpr=2'),
(242, 31, 'https://images.pexels.com/photos/208773/pexels-photo-208773.jpeg?auto=compress&cs=tinysrgb&w=1260&h=750&dpr=2'),
(243, 31, 'https://images.pexels.com/photos/2698519/pexels-photo-2698519.jpeg?auto=compress&cs=tinysrgb&w=1260&h=750&dpr=2'),
(244, 31, 'https://images.pexels.com/photos/979098/pexels-photo-979098.jpeg?auto=compress&cs=tinysrgb&w=1260&h=750&dpr=2'),
(245, 31, 'https://images.pexels.com/photos/979250/pexels-photo-979250.jpeg?auto=compress&cs=tinysrgb&w=1260&h=750&dpr=2'),
(246, 31, 'https://images.pexels.com/photos/7410722/pexels-photo-7410722.jpeg?auto=compress&cs=tinysrgb&w=1260&h=750&dpr=2'),
(247, 31, 'https://images.pexels.com/photos/954720/pexels-photo-954720.jpeg?auto=compress&cs=tinysrgb&w=1260&h=750&dpr=2'),
(248, 31, 'https://images.pexels.com/photos/6897077/pexels-photo-6897077.jpeg?auto=compress&cs=tinysrgb&w=1260&h=750&dpr=2'),
(249, 32, 'https://images.pexels.com/photos/1202481/pexels-photo-1202481.jpeg?auto=compress&cs=tinysrgb&w=1260&h=750&dpr=2'),
(250, 32, 'https://images.pexels.com/photos/1299518/pexels-photo-1299518.jpeg?auto=compress&cs=tinysrgb&w=1260&h=750&dpr=2'),
(251, 32, 'https://images.pexels.com/photos/1605481/pexels-photo-1605481.jpeg?auto=compress&cs=tinysrgb&w=1260&h=750&dpr=2'),
(252, 32, 'https://images.pexels.com/photos/2083940/pexels-photo-2083940.jpeg?auto=compress&cs=tinysrgb&w=1260&h=750&dpr=2'),
(253, 32, 'https://images.pexels.com/photos/1132569/pexels-photo-1132569.jpeg?auto=compress&cs=tinysrgb&w=1260&h=750&dpr=2'),
(254, 32, 'https://images.pexels.com/photos/977935/pexels-photo-977935.jpeg?auto=compress&cs=tinysrgb&w=1260&h=750&dpr=2'),
(255, 32, 'https://images.pexels.com/photos/3257811/pexels-photo-3257811.jpeg?auto=compress&cs=tinysrgb&w=1260&h=750&dpr=2'),
(256, 32, 'https://images.pexels.com/photos/56857/animal-cat-kitten-funny-56857.jpeg?auto=compress&cs=tinysrgb&w=1260&h=750&dpr=2'),
(257, 33, 'https://images.pexels.com/photos/256632/pexels-photo-256632.jpeg?auto=compress&cs=tinysrgb&w=1260&h=750&dpr=2'),
(258, 33, 'https://images.pexels.com/photos/1435632/pexels-photo-1435632.jpeg?auto=compress&cs=tinysrgb&w=1260&h=750&dpr=2'),
(259, 33, 'https://images.pexels.com/photos/1642227/pexels-photo-1642227.jpeg?auto=compress&cs=tinysrgb&w=1260&h=750&dpr=2'),
(260, 33, 'https://images.pexels.com/photos/2216715/pexels-photo-2216715.jpeg?auto=compress&cs=tinysrgb&w=1260&h=750&dpr=2'),
(261, 33, 'https://images.pexels.com/photos/1835010/pexels-photo-1835010.jpeg?auto=compress&cs=tinysrgb&w=1260&h=750&dpr=2'),
(262, 33, 'https://images.pexels.com/photos/8985189/pexels-photo-8985189.jpeg?auto=compress&cs=tinysrgb&w=1260&h=750&dpr=2'),
(263, 33, 'https://images.pexels.com/photos/2071873/pexels-photo-2071873.jpeg?auto=compress&cs=tinysrgb&w=1260&h=750&dpr=2'),
(264, 33, 'https://images.pexels.com/photos/1828875/pexels-photo-1828875.jpeg?auto=compress&cs=tinysrgb&w=1260&h=750&dpr=2'),
(265, 34, 'https://images.pexels.com/photos/1741206/pexels-photo-1741206.jpeg?auto=compress&cs=tinysrgb&w=1260&h=750&dpr=2'),
(266, 34, 'https://images.pexels.com/photos/2173872/pexels-photo-2173872.jpeg?auto=compress&cs=tinysrgb&w=1260&h=750&dpr=2'),
(267, 34, 'https://images.pexels.com/photos/736532/pexels-photo-736532.jpeg?auto=compress&cs=tinysrgb&w=1260&h=750&dpr=2'),
(268, 34, 'https://images.pexels.com/photos/2278093/pexels-photo-2278093.jpeg?auto=compress&cs=tinysrgb&w=1260&h=750&dpr=2'),
(269, 34, 'https://images.pexels.com/photos/1643461/pexels-photo-1643461.jpeg?auto=compress&cs=tinysrgb&w=1260&h=750&dpr=2'),
(270, 34, 'https://images.pexels.com/photos/57416/cat-sweet-kitty-animals-57416.jpeg?auto=compress&cs=tinysrgb&w=1260&h=750&dpr=2'),
(271, 34, 'https://images.pexels.com/photos/1741205/pexels-photo-1741205.jpeg?auto=compress&cs=tinysrgb&w=800'),
(272, 34, 'https://images.pexels.com/photos/1170986/pexels-photo-1170986.jpeg?auto=compress&cs=tinysrgb&w=1260&h=750&dpr=2'),
(273, 35, 'https://images.pexels.com/photos/1287518/pexels-photo-1287518.jpeg?auto=compress&cs=tinysrgb&w=1260&h=750&dpr=2'),
(274, 35, 'https://images.pexels.com/photos/2942330/pexels-photo-2942330.jpeg?auto=compress&cs=tinysrgb&w=1260&h=750&dpr=2'),
(275, 35, 'https://images.pexels.com/photos/1485968/pexels-photo-1485968.jpeg?auto=compress&cs=tinysrgb&w=1260&h=750&dpr=2'),
(276, 35, 'https://images.pexels.com/photos/1084425/pexels-photo-1084425.jpeg?auto=compress&cs=tinysrgb&w=1260&h=750&dpr=2'),
(277, 35, 'https://images.pexels.com/photos/1653357/pexels-photo-1653357.jpeg?auto=compress&cs=tinysrgb&w=1260&h=750&dpr=2'),
(278, 35, 'https://images.pexels.com/photos/13722001/pexels-photo-13722001.jpeg?auto=compress&cs=tinysrgb&w=1260&h=750&dpr=2'),
(279, 35, 'https://images.pexels.com/photos/45201/kitty-cat-kitten-pet-45201.jpeg?auto=compress&cs=tinysrgb&w=1260&h=750&dpr=2'),
(280, 35, 'https://images.pexels.com/photos/1302290/pexels-photo-1302290.jpeg?auto=compress&cs=tinysrgb&w=1260&h=750&dpr=2'),
(281, 36, 'https://images.pexels.com/photos/3318215/pexels-photo-3318215.jpeg?auto=compress&cs=tinysrgb&w=1260&h=750&dpr=2'),
(282, 36, 'https://images.pexels.com/photos/15435631/pexels-photo-15435631.jpeg?auto=compress&cs=tinysrgb&w=1260&h=750&dpr=2'),
(283, 36, 'https://images.pexels.com/photos/416160/pexels-photo-416160.jpeg?auto=compress&cs=tinysrgb&w=1260&h=750&dpr=2'),
(284, 36, 'https://images.pexels.com/photos/1359307/pexels-photo-1359307.jpeg?auto=compress&cs=tinysrgb&w=1260&h=750&dpr=2'),
(285, 36, 'https://images.pexels.com/photos/20787/pexels-photo.jpg?auto=compress&cs=tinysrgb&w=1260&h=750&dpr=2'),
(286, 36, 'https://images.pexels.com/photos/7149465/pexels-photo-7149465.jpeg?auto=compress&cs=tinysrgb&w=1260&h=750&dpr=2'),
(287, 36, 'https://images.pexels.com/photos/1404825/pexels-photo-1404825.jpeg?auto=compress&cs=tinysrgb&w=1260&h=750&dpr=2'),
(288, 36, 'https://images.pexels.com/photos/699962/pexels-photo-699962.jpeg?auto=compress&cs=tinysrgb&w=1260&h=750&dpr=2'),
(289, 37, 'https://images.pexels.com/photos/1056251/pexels-photo-1056251.jpeg?auto=compress&cs=tinysrgb&w=1260&h=750&dpr=2'),
(290, 37, 'https://images.pexels.com/photos/669015/pexels-photo-669015.jpeg?auto=compress&cs=tinysrgb&w=1260&h=750&dpr=2'),
(291, 37, 'https://images.pexels.com/photos/126407/pexels-photo-126407.jpeg?auto=compress&cs=tinysrgb&w=1260&h=750&dpr=2'),
(292, 37, 'https://images.pexels.com/photos/68594/pexels-photo-68594.jpeg?auto=compress&cs=tinysrgb&w=1260&h=750&dpr=2'),
(293, 37, 'https://images.pexels.com/photos/821736/pexels-photo-821736.jpeg?auto=compress&cs=tinysrgb&w=1260&h=750&dpr=2'),
(294, 37, 'https://images.pexels.com/photos/2361952/pexels-photo-2361952.jpeg?auto=compress&cs=tinysrgb&w=1260&h=750&dpr=2'),
(295, 37, 'https://images.pexels.com/photos/2686914/pexels-photo-2686914.jpeg?auto=compress&cs=tinysrgb&w=1260&h=750&dpr=2'),
(296, 37, 'https://images.pexels.com/photos/691583/pexels-photo-691583.jpeg?auto=compress&cs=tinysrgb&w=1260&h=750&dpr=2'),
(297, 38, 'https://images.pexels.com/photos/982299/pexels-photo-982299.jpeg?auto=compress&cs=tinysrgb&w=1260&h=750&dpr=2'),
(298, 38, 'https://images.pexels.com/photos/599492/pexels-photo-599492.jpeg?auto=compress&cs=tinysrgb&w=1260&h=750&dpr=2'),
(299, 38, 'https://images.pexels.com/photos/1358689/pexels-photo-1358689.jpeg?auto=compress&cs=tinysrgb&w=1260&h=750&dpr=2'),
(300, 38, 'https://images.pexels.com/photos/2581153/pexels-photo-2581153.jpeg?auto=compress&cs=tinysrgb&w=1260&h=750&dpr=2'),
(301, 38, 'https://images.pexels.com/photos/1900747/pexels-photo-1900747.jpeg?auto=compress&cs=tinysrgb&w=1260&h=750&dpr=2'),
(302, 38, 'https://images.pexels.com/photos/982865/pexels-photo-982865.jpeg?auto=compress&cs=tinysrgb&w=1260&h=750&dpr=2'),
(303, 38, 'https://images.pexels.com/photos/14721098/pexels-photo-14721098.jpeg?auto=compress&cs=tinysrgb&w=1260&h=750&dpr=2'),
(304, 38, 'https://images.pexels.com/photos/982300/pexels-photo-982300.jpeg?auto=compress&cs=tinysrgb&w=1260&h=750&dpr=2'),
(305, 39, 'https://images.pexels.com/photos/3643714/pexels-photo-3643714.jpeg?auto=compress&cs=tinysrgb&w=1260&h=750&dpr=2'),
(306, 39, 'https://images.pexels.com/photos/65006/pexels-photo-65006.jpeg?auto=compress&cs=tinysrgb&w=1260&h=750&dpr=2'),
(307, 39, 'https://images.pexels.com/photos/290164/pexels-photo-290164.jpeg?auto=compress&cs=tinysrgb&w=1260&h=750&dpr=2'),
(308, 39, 'https://images.pexels.com/photos/208805/pexels-photo-208805.jpeg?auto=compress&cs=tinysrgb&w=1260&h=750&dpr=2'),
(309, 39, 'https://images.pexels.com/photos/1440403/pexels-photo-1440403.jpeg?auto=compress&cs=tinysrgb&w=1260&h=750&dpr=2'),
(310, 39, 'https://images.pexels.com/photos/3687957/pexels-photo-3687957.jpeg?auto=compress&cs=tinysrgb&w=1260&h=750&dpr=2'),
(311, 39, 'https://images.pexels.com/photos/982314/pexels-photo-982314.jpeg?auto=compress&cs=tinysrgb&w=1260&h=750&dpr=2'),
(312, 39, 'https://images.pexels.com/photos/15445009/pexels-photo-15445009.jpeg?auto=compress&cs=tinysrgb&w=1260&h=750&dpr=2'),
(313, 40, 'https://images.pexels.com/photos/1543801/pexels-photo-1543801.jpeg?auto=compress&cs=tinysrgb&w=1260&h=750&dpr=2'),
(314, 40, 'https://images.pexels.com/photos/978555/pexels-photo-978555.jpeg?auto=compress&cs=tinysrgb&w=1260&h=750&dpr=2'),
(315, 40, 'https://images.pexels.com/photos/3525298/pexels-photo-3525298.jpeg?auto=compress&cs=tinysrgb&w=1260&h=750&dpr=2'),
(316, 40, 'https://images.pexels.com/photos/1383406/pexels-photo-1383406.jpeg?auto=compress&cs=tinysrgb&w=1260&h=750&dpr=2'),
(317, 40, 'https://images.pexels.com/photos/2892372/pexels-photo-2892372.jpeg?auto=compress&cs=tinysrgb&w=1260&h=750&dpr=2'),
(318, 40, 'https://images.pexels.com/photos/3712095/pexels-photo-3712095.jpeg?auto=compress&cs=tinysrgb&w=1260&h=750&dpr=2'),
(319, 40, 'https://images.pexels.com/photos/1543793/pexels-photo-1543793.jpeg?auto=compress&cs=tinysrgb&w=1260&h=750&dpr=2'),
(320, 40, 'https://images.pexels.com/photos/1472999/pexels-photo-1472999.jpeg?auto=compress&cs=tinysrgb&w=1260&h=750&dpr=2'),
(321, 41, 'https://images.pexels.com/photos/208773/pexels-photo-208773.jpeg?auto=compress&cs=tinysrgb&w=1260&h=750&dpr=2'),
(322, 41, 'https://images.pexels.com/photos/2698519/pexels-photo-2698519.jpeg?auto=compress&cs=tinysrgb&w=1260&h=750&dpr=2'),
(323, 41, 'https://images.pexels.com/photos/979098/pexels-photo-979098.jpeg?auto=compress&cs=tinysrgb&w=1260&h=750&dpr=2'),
(324, 41, 'https://images.pexels.com/photos/979250/pexels-photo-979250.jpeg?auto=compress&cs=tinysrgb&w=1260&h=750&dpr=2'),
(325, 41, 'https://images.pexels.com/photos/7410722/pexels-photo-7410722.jpeg?auto=compress&cs=tinysrgb&w=1260&h=750&dpr=2'),
(326, 41, 'https://images.pexels.com/photos/954720/pexels-photo-954720.jpeg?auto=compress&cs=tinysrgb&w=1260&h=750&dpr=2'),
(327, 41, 'https://images.pexels.com/photos/6897077/pexels-photo-6897077.jpeg?auto=compress&cs=tinysrgb&w=1260&h=750&dpr=2'),
(328, 41, 'https://images.pexels.com/photos/979247/pexels-photo-979247.jpeg?auto=compress&cs=tinysrgb&w=1260&h=750&dpr=2'),
(329, 42, 'https://images.pexels.com/photos/1299518/pexels-photo-1299518.jpeg?auto=compress&cs=tinysrgb&w=1260&h=750&dpr=2'),
(330, 42, 'https://images.pexels.com/photos/1605481/pexels-photo-1605481.jpeg?auto=compress&cs=tinysrgb&w=1260&h=750&dpr=2'),
(331, 42, 'https://images.pexels.com/photos/2083940/pexels-photo-2083940.jpeg?auto=compress&cs=tinysrgb&w=1260&h=750&dpr=2'),
(332, 42, 'https://images.pexels.com/photos/1132569/pexels-photo-1132569.jpeg?auto=compress&cs=tinysrgb&w=1260&h=750&dpr=2'),
(333, 42, 'https://images.pexels.com/photos/977935/pexels-photo-977935.jpeg?auto=compress&cs=tinysrgb&w=1260&h=750&dpr=2'),
(334, 42, 'https://images.pexels.com/photos/3257811/pexels-photo-3257811.jpeg?auto=compress&cs=tinysrgb&w=1260&h=750&dpr=2'),
(335, 42, 'https://images.pexels.com/photos/56857/animal-cat-kitten-funny-56857.jpeg?auto=compress&cs=tinysrgb&w=1260&h=750&dpr=2'),
(336, 42, 'https://images.pexels.com/photos/1202481/pexels-photo-1202481.jpeg?auto=compress&cs=tinysrgb&w=1260&h=750&dpr=2'),
(337, 43, 'https://images.pexels.com/photos/1435632/pexels-photo-1435632.jpeg?auto=compress&cs=tinysrgb&w=1260&h=750&dpr=2'),
(338, 43, 'https://images.pexels.com/photos/1642227/pexels-photo-1642227.jpeg?auto=compress&cs=tinysrgb&w=1260&h=750&dpr=2'),
(339, 43, 'https://images.pexels.com/photos/2216715/pexels-photo-2216715.jpeg?auto=compress&cs=tinysrgb&w=1260&h=750&dpr=2'),
(340, 43, 'https://images.pexels.com/photos/1835010/pexels-photo-1835010.jpeg?auto=compress&cs=tinysrgb&w=1260&h=750&dpr=2'),
(341, 43, 'https://images.pexels.com/photos/8985189/pexels-photo-8985189.jpeg?auto=compress&cs=tinysrgb&w=1260&h=750&dpr=2'),
(342, 43, 'https://images.pexels.com/photos/2071873/pexels-photo-2071873.jpeg?auto=compress&cs=tinysrgb&w=1260&h=750&dpr=2'),
(343, 43, 'https://images.pexels.com/photos/1828875/pexels-photo-1828875.jpeg?auto=compress&cs=tinysrgb&w=1260&h=750&dpr=2'),
(344, 43, 'https://images.pexels.com/photos/256632/pexels-photo-256632.jpeg?auto=compress&cs=tinysrgb&w=1260&h=750&dpr=2'),
(345, 44, 'https://images.pexels.com/photos/2173872/pexels-photo-2173872.jpeg?auto=compress&cs=tinysrgb&w=1260&h=750&dpr=2'),
(346, 44, 'https://images.pexels.com/photos/736532/pexels-photo-736532.jpeg?auto=compress&cs=tinysrgb&w=1260&h=750&dpr=2'),
(347, 44, 'https://images.pexels.com/photos/2278093/pexels-photo-2278093.jpeg?auto=compress&cs=tinysrgb&w=1260&h=750&dpr=2'),
(348, 44, 'https://images.pexels.com/photos/1643461/pexels-photo-1643461.jpeg?auto=compress&cs=tinysrgb&w=1260&h=750&dpr=2'),
(349, 44, 'https://images.pexels.com/photos/57416/cat-sweet-kitty-animals-57416.jpeg?auto=compress&cs=tinysrgb&w=1260&h=750&dpr=2'),
(350, 44, 'https://images.pexels.com/photos/1741205/pexels-photo-1741205.jpeg?auto=compress&cs=tinysrgb&w=800'),
(351, 44, 'https://images.pexels.com/photos/1170986/pexels-photo-1170986.jpeg?auto=compress&cs=tinysrgb&w=1260&h=750&dpr=2'),
(352, 44, 'https://images.pexels.com/photos/1741206/pexels-photo-1741206.jpeg?auto=compress&cs=tinysrgb&w=1260&h=750&dpr=2'),
(353, 45, 'https://images.pexels.com/photos/2942330/pexels-photo-2942330.jpeg?auto=compress&cs=tinysrgb&w=1260&h=750&dpr=2'),
(354, 45, 'https://images.pexels.com/photos/1485968/pexels-photo-1485968.jpeg?auto=compress&cs=tinysrgb&w=1260&h=750&dpr=2'),
(355, 45, 'https://images.pexels.com/photos/1084425/pexels-photo-1084425.jpeg?auto=compress&cs=tinysrgb&w=1260&h=750&dpr=2'),
(356, 45, 'https://images.pexels.com/photos/1653357/pexels-photo-1653357.jpeg?auto=compress&cs=tinysrgb&w=1260&h=750&dpr=2'),
(357, 45, 'https://images.pexels.com/photos/13722001/pexels-photo-13722001.jpeg?auto=compress&cs=tinysrgb&w=1260&h=750&dpr=2'),
(358, 45, 'https://images.pexels.com/photos/45201/kitty-cat-kitten-pet-45201.jpeg?auto=compress&cs=tinysrgb&w=1260&h=750&dpr=2'),
(359, 45, 'https://images.pexels.com/photos/1302290/pexels-photo-1302290.jpeg?auto=compress&cs=tinysrgb&w=1260&h=750&dpr=2'),
(360, 45, 'https://images.pexels.com/photos/1287518/pexels-photo-1287518.jpeg?auto=compress&cs=tinysrgb&w=1260&h=750&dpr=2'),
(361, 46, 'https://images.pexels.com/photos/15435631/pexels-photo-15435631.jpeg?auto=compress&cs=tinysrgb&w=1260&h=750&dpr=2'),
(362, 46, 'https://images.pexels.com/photos/416160/pexels-photo-416160.jpeg?auto=compress&cs=tinysrgb&w=1260&h=750&dpr=2'),
(363, 46, 'https://images.pexels.com/photos/1359307/pexels-photo-1359307.jpeg?auto=compress&cs=tinysrgb&w=1260&h=750&dpr=2'),
(364, 46, 'https://images.pexels.com/photos/20787/pexels-photo.jpg?auto=compress&cs=tinysrgb&w=1260&h=750&dpr=2'),
(365, 46, 'https://images.pexels.com/photos/7149465/pexels-photo-7149465.jpeg?auto=compress&cs=tinysrgb&w=1260&h=750&dpr=2'),
(366, 46, 'https://images.pexels.com/photos/1404825/pexels-photo-1404825.jpeg?auto=compress&cs=tinysrgb&w=1260&h=750&dpr=2'),
(367, 46, 'https://images.pexels.com/photos/699962/pexels-photo-699962.jpeg?auto=compress&cs=tinysrgb&w=1260&h=750&dpr=2'),
(368, 46, 'https://images.pexels.com/photos/3318215/pexels-photo-3318215.jpeg?auto=compress&cs=tinysrgb&w=1260&h=750&dpr=2'),
(369, 47, 'https://images.pexels.com/photos/669015/pexels-photo-669015.jpeg?auto=compress&cs=tinysrgb&w=1260&h=750&dpr=2'),
(370, 47, 'https://images.pexels.com/photos/126407/pexels-photo-126407.jpeg?auto=compress&cs=tinysrgb&w=1260&h=750&dpr=2'),
(371, 47, 'https://images.pexels.com/photos/68594/pexels-photo-68594.jpeg?auto=compress&cs=tinysrgb&w=1260&h=750&dpr=2'),
(372, 47, 'https://images.pexels.com/photos/821736/pexels-photo-821736.jpeg?auto=compress&cs=tinysrgb&w=1260&h=750&dpr=2'),
(373, 47, 'https://images.pexels.com/photos/2361952/pexels-photo-2361952.jpeg?auto=compress&cs=tinysrgb&w=1260&h=750&dpr=2'),
(374, 47, 'https://images.pexels.com/photos/2686914/pexels-photo-2686914.jpeg?auto=compress&cs=tinysrgb&w=1260&h=750&dpr=2'),
(375, 47, 'https://images.pexels.com/photos/691583/pexels-photo-691583.jpeg?auto=compress&cs=tinysrgb&w=1260&h=750&dpr=2'),
(376, 47, 'https://images.pexels.com/photos/1056251/pexels-photo-1056251.jpeg?auto=compress&cs=tinysrgb&w=1260&h=750&dpr=2'),
(377, 48, 'https://images.pexels.com/photos/599492/pexels-photo-599492.jpeg?auto=compress&cs=tinysrgb&w=1260&h=750&dpr=2'),
(378, 48, 'https://images.pexels.com/photos/1358689/pexels-photo-1358689.jpeg?auto=compress&cs=tinysrgb&w=1260&h=750&dpr=2'),
(379, 48, 'https://images.pexels.com/photos/2581153/pexels-photo-2581153.jpeg?auto=compress&cs=tinysrgb&w=1260&h=750&dpr=2'),
(380, 48, 'https://images.pexels.com/photos/1900747/pexels-photo-1900747.jpeg?auto=compress&cs=tinysrgb&w=1260&h=750&dpr=2'),
(381, 48, 'https://images.pexels.com/photos/982865/pexels-photo-982865.jpeg?auto=compress&cs=tinysrgb&w=1260&h=750&dpr=2'),
(382, 48, 'https://images.pexels.com/photos/14721098/pexels-photo-14721098.jpeg?auto=compress&cs=tinysrgb&w=1260&h=750&dpr=2'),
(383, 48, 'https://images.pexels.com/photos/982300/pexels-photo-982300.jpeg?auto=compress&cs=tinysrgb&w=1260&h=750&dpr=2'),
(384, 48, 'https://images.pexels.com/photos/982299/pexels-photo-982299.jpeg?auto=compress&cs=tinysrgb&w=1260&h=750&dpr=2'),
(385, 49, 'https://images.pexels.com/photos/65006/pexels-photo-65006.jpeg?auto=compress&cs=tinysrgb&w=1260&h=750&dpr=2'),
(386, 49, 'https://images.pexels.com/photos/290164/pexels-photo-290164.jpeg?auto=compress&cs=tinysrgb&w=1260&h=750&dpr=2'),
(387, 49, 'https://images.pexels.com/photos/208805/pexels-photo-208805.jpeg?auto=compress&cs=tinysrgb&w=1260&h=750&dpr=2'),
(388, 49, 'https://images.pexels.com/photos/1440403/pexels-photo-1440403.jpeg?auto=compress&cs=tinysrgb&w=1260&h=750&dpr=2'),
(389, 49, 'https://images.pexels.com/photos/3687957/pexels-photo-3687957.jpeg?auto=compress&cs=tinysrgb&w=1260&h=750&dpr=2'),
(390, 49, 'https://images.pexels.com/photos/982314/pexels-photo-982314.jpeg?auto=compress&cs=tinysrgb&w=1260&h=750&dpr=2'),
(391, 49, 'https://images.pexels.com/photos/15445009/pexels-photo-15445009.jpeg?auto=compress&cs=tinysrgb&w=1260&h=750&dpr=2'),
(392, 49, 'https://images.pexels.com/photos/3643714/pexels-photo-3643714.jpeg?auto=compress&cs=tinysrgb&w=1260&h=750&dpr=2'),
(393, 50, 'https://images.pexels.com/photos/978555/pexels-photo-978555.jpeg?auto=compress&cs=tinysrgb&w=1260&h=750&dpr=2'),
(394, 50, 'https://images.pexels.com/photos/3525298/pexels-photo-3525298.jpeg?auto=compress&cs=tinysrgb&w=1260&h=750&dpr=2'),
(395, 50, 'https://images.pexels.com/photos/1383406/pexels-photo-1383406.jpeg?auto=compress&cs=tinysrgb&w=1260&h=750&dpr=2'),
(396, 50, 'https://images.pexels.com/photos/2892372/pexels-photo-2892372.jpeg?auto=compress&cs=tinysrgb&w=1260&h=750&dpr=2'),
(397, 50, 'https://images.pexels.com/photos/3712095/pexels-photo-3712095.jpeg?auto=compress&cs=tinysrgb&w=1260&h=750&dpr=2'),
(398, 50, 'https://images.pexels.com/photos/1543793/pexels-photo-1543793.jpeg?auto=compress&cs=tinysrgb&w=1260&h=750&dpr=2'),
(399, 50, 'https://images.pexels.com/photos/1472999/pexels-photo-1472999.jpeg?auto=compress&cs=tinysrgb&w=1260&h=750&dpr=2'),
(400, 50, 'https://images.pexels.com/photos/1543801/pexels-photo-1543801.jpeg?auto=compress&cs=tinysrgb&w=1260&h=750&dpr=2'),
(401, 51, 'https://images.pexels.com/photos/2698519/pexels-photo-2698519.jpeg?auto=compress&cs=tinysrgb&w=1260&h=750&dpr=2'),
(402, 51, 'https://images.pexels.com/photos/979098/pexels-photo-979098.jpeg?auto=compress&cs=tinysrgb&w=1260&h=750&dpr=2'),
(403, 51, 'https://images.pexels.com/photos/979250/pexels-photo-979250.jpeg?auto=compress&cs=tinysrgb&w=1260&h=750&dpr=2'),
(404, 51, 'https://images.pexels.com/photos/7410722/pexels-photo-7410722.jpeg?auto=compress&cs=tinysrgb&w=1260&h=750&dpr=2'),
(405, 51, 'https://images.pexels.com/photos/954720/pexels-photo-954720.jpeg?auto=compress&cs=tinysrgb&w=1260&h=750&dpr=2'),
(406, 51, 'https://images.pexels.com/photos/6897077/pexels-photo-6897077.jpeg?auto=compress&cs=tinysrgb&w=1260&h=750&dpr=2');
INSERT INTO `image_mission` (`image_id`, `mission_id`, `file_path`) VALUES
(407, 51, 'https://images.pexels.com/photos/979247/pexels-photo-979247.jpeg?auto=compress&cs=tinysrgb&w=1260&h=750&dpr=2'),
(408, 51, 'https://images.pexels.com/photos/208773/pexels-photo-208773.jpeg?auto=compress&cs=tinysrgb&w=1260&h=750&dpr=2'),
(409, 52, 'https://images.pexels.com/photos/1605481/pexels-photo-1605481.jpeg?auto=compress&cs=tinysrgb&w=1260&h=750&dpr=2'),
(410, 52, 'https://images.pexels.com/photos/2083940/pexels-photo-2083940.jpeg?auto=compress&cs=tinysrgb&w=1260&h=750&dpr=2'),
(411, 52, 'https://images.pexels.com/photos/1132569/pexels-photo-1132569.jpeg?auto=compress&cs=tinysrgb&w=1260&h=750&dpr=2'),
(412, 52, 'https://images.pexels.com/photos/977935/pexels-photo-977935.jpeg?auto=compress&cs=tinysrgb&w=1260&h=750&dpr=2'),
(413, 52, 'https://images.pexels.com/photos/3257811/pexels-photo-3257811.jpeg?auto=compress&cs=tinysrgb&w=1260&h=750&dpr=2'),
(414, 52, 'https://images.pexels.com/photos/56857/animal-cat-kitten-funny-56857.jpeg?auto=compress&cs=tinysrgb&w=1260&h=750&dpr=2'),
(415, 52, 'https://images.pexels.com/photos/1202481/pexels-photo-1202481.jpeg?auto=compress&cs=tinysrgb&w=1260&h=750&dpr=2'),
(416, 52, 'https://images.pexels.com/photos/1299518/pexels-photo-1299518.jpeg?auto=compress&cs=tinysrgb&w=1260&h=750&dpr=2'),
(417, 53, 'https://images.pexels.com/photos/1642227/pexels-photo-1642227.jpeg?auto=compress&cs=tinysrgb&w=1260&h=750&dpr=2'),
(418, 53, 'https://images.pexels.com/photos/2216715/pexels-photo-2216715.jpeg?auto=compress&cs=tinysrgb&w=1260&h=750&dpr=2'),
(419, 53, 'https://images.pexels.com/photos/1835010/pexels-photo-1835010.jpeg?auto=compress&cs=tinysrgb&w=1260&h=750&dpr=2'),
(420, 53, 'https://images.pexels.com/photos/8985189/pexels-photo-8985189.jpeg?auto=compress&cs=tinysrgb&w=1260&h=750&dpr=2'),
(421, 53, 'https://images.pexels.com/photos/2071873/pexels-photo-2071873.jpeg?auto=compress&cs=tinysrgb&w=1260&h=750&dpr=2'),
(422, 53, 'https://images.pexels.com/photos/1828875/pexels-photo-1828875.jpeg?auto=compress&cs=tinysrgb&w=1260&h=750&dpr=2'),
(423, 53, 'https://images.pexels.com/photos/256632/pexels-photo-256632.jpeg?auto=compress&cs=tinysrgb&w=1260&h=750&dpr=2'),
(424, 53, 'https://images.pexels.com/photos/1435632/pexels-photo-1435632.jpeg?auto=compress&cs=tinysrgb&w=1260&h=750&dpr=2'),
(425, 54, 'https://images.pexels.com/photos/736532/pexels-photo-736532.jpeg?auto=compress&cs=tinysrgb&w=1260&h=750&dpr=2'),
(426, 54, 'https://images.pexels.com/photos/2278093/pexels-photo-2278093.jpeg?auto=compress&cs=tinysrgb&w=1260&h=750&dpr=2'),
(427, 54, 'https://images.pexels.com/photos/1643461/pexels-photo-1643461.jpeg?auto=compress&cs=tinysrgb&w=1260&h=750&dpr=2'),
(428, 54, 'https://images.pexels.com/photos/57416/cat-sweet-kitty-animals-57416.jpeg?auto=compress&cs=tinysrgb&w=1260&h=750&dpr=2'),
(429, 54, 'https://images.pexels.com/photos/1741205/pexels-photo-1741205.jpeg?auto=compress&cs=tinysrgb&w=800'),
(430, 54, 'https://images.pexels.com/photos/1170986/pexels-photo-1170986.jpeg?auto=compress&cs=tinysrgb&w=1260&h=750&dpr=2'),
(431, 54, 'https://images.pexels.com/photos/1741206/pexels-photo-1741206.jpeg?auto=compress&cs=tinysrgb&w=1260&h=750&dpr=2'),
(432, 54, 'https://images.pexels.com/photos/2173872/pexels-photo-2173872.jpeg?auto=compress&cs=tinysrgb&w=1260&h=750&dpr=2'),
(433, 55, 'https://images.pexels.com/photos/1485968/pexels-photo-1485968.jpeg?auto=compress&cs=tinysrgb&w=1260&h=750&dpr=2'),
(434, 55, 'https://images.pexels.com/photos/1084425/pexels-photo-1084425.jpeg?auto=compress&cs=tinysrgb&w=1260&h=750&dpr=2'),
(435, 55, 'https://images.pexels.com/photos/1653357/pexels-photo-1653357.jpeg?auto=compress&cs=tinysrgb&w=1260&h=750&dpr=2'),
(436, 55, 'https://images.pexels.com/photos/13722001/pexels-photo-13722001.jpeg?auto=compress&cs=tinysrgb&w=1260&h=750&dpr=2'),
(437, 55, 'https://images.pexels.com/photos/45201/kitty-cat-kitten-pet-45201.jpeg?auto=compress&cs=tinysrgb&w=1260&h=750&dpr=2'),
(438, 55, 'https://images.pexels.com/photos/1302290/pexels-photo-1302290.jpeg?auto=compress&cs=tinysrgb&w=1260&h=750&dpr=2'),
(439, 55, 'https://images.pexels.com/photos/1287518/pexels-photo-1287518.jpeg?auto=compress&cs=tinysrgb&w=1260&h=750&dpr=2'),
(440, 55, 'https://images.pexels.com/photos/2942330/pexels-photo-2942330.jpeg?auto=compress&cs=tinysrgb&w=1260&h=750&dpr=2'),
(441, 56, 'https://images.pexels.com/photos/416160/pexels-photo-416160.jpeg?auto=compress&cs=tinysrgb&w=1260&h=750&dpr=2'),
(442, 56, 'https://images.pexels.com/photos/1359307/pexels-photo-1359307.jpeg?auto=compress&cs=tinysrgb&w=1260&h=750&dpr=2'),
(443, 56, 'https://images.pexels.com/photos/20787/pexels-photo.jpg?auto=compress&cs=tinysrgb&w=1260&h=750&dpr=2'),
(444, 56, 'https://images.pexels.com/photos/7149465/pexels-photo-7149465.jpeg?auto=compress&cs=tinysrgb&w=1260&h=750&dpr=2'),
(445, 56, 'https://images.pexels.com/photos/1404825/pexels-photo-1404825.jpeg?auto=compress&cs=tinysrgb&w=1260&h=750&dpr=2'),
(446, 56, 'https://images.pexels.com/photos/699962/pexels-photo-699962.jpeg?auto=compress&cs=tinysrgb&w=1260&h=750&dpr=2'),
(447, 56, 'https://images.pexels.com/photos/3318215/pexels-photo-3318215.jpeg?auto=compress&cs=tinysrgb&w=1260&h=750&dpr=2'),
(448, 56, 'https://images.pexels.com/photos/15435631/pexels-photo-15435631.jpeg?auto=compress&cs=tinysrgb&w=1260&h=750&dpr=2'),
(449, 57, 'https://images.pexels.com/photos/126407/pexels-photo-126407.jpeg?auto=compress&cs=tinysrgb&w=1260&h=750&dpr=2'),
(450, 57, 'https://images.pexels.com/photos/68594/pexels-photo-68594.jpeg?auto=compress&cs=tinysrgb&w=1260&h=750&dpr=2'),
(451, 57, 'https://images.pexels.com/photos/821736/pexels-photo-821736.jpeg?auto=compress&cs=tinysrgb&w=1260&h=750&dpr=2'),
(452, 57, 'https://images.pexels.com/photos/2361952/pexels-photo-2361952.jpeg?auto=compress&cs=tinysrgb&w=1260&h=750&dpr=2'),
(453, 57, 'https://images.pexels.com/photos/2686914/pexels-photo-2686914.jpeg?auto=compress&cs=tinysrgb&w=1260&h=750&dpr=2'),
(454, 57, 'https://images.pexels.com/photos/691583/pexels-photo-691583.jpeg?auto=compress&cs=tinysrgb&w=1260&h=750&dpr=2'),
(455, 57, 'https://images.pexels.com/photos/1056251/pexels-photo-1056251.jpeg?auto=compress&cs=tinysrgb&w=1260&h=750&dpr=2'),
(456, 57, 'https://images.pexels.com/photos/669015/pexels-photo-669015.jpeg?auto=compress&cs=tinysrgb&w=1260&h=750&dpr=2'),
(457, 58, 'https://images.pexels.com/photos/1358689/pexels-photo-1358689.jpeg?auto=compress&cs=tinysrgb&w=1260&h=750&dpr=2'),
(458, 58, 'https://images.pexels.com/photos/2581153/pexels-photo-2581153.jpeg?auto=compress&cs=tinysrgb&w=1260&h=750&dpr=2'),
(459, 58, 'https://images.pexels.com/photos/1900747/pexels-photo-1900747.jpeg?auto=compress&cs=tinysrgb&w=1260&h=750&dpr=2'),
(460, 58, 'https://images.pexels.com/photos/982865/pexels-photo-982865.jpeg?auto=compress&cs=tinysrgb&w=1260&h=750&dpr=2'),
(461, 58, 'https://images.pexels.com/photos/14721098/pexels-photo-14721098.jpeg?auto=compress&cs=tinysrgb&w=1260&h=750&dpr=2'),
(462, 58, 'https://images.pexels.com/photos/982300/pexels-photo-982300.jpeg?auto=compress&cs=tinysrgb&w=1260&h=750&dpr=2'),
(463, 58, 'https://images.pexels.com/photos/982299/pexels-photo-982299.jpeg?auto=compress&cs=tinysrgb&w=1260&h=750&dpr=2'),
(464, 58, 'https://images.pexels.com/photos/599492/pexels-photo-599492.jpeg?auto=compress&cs=tinysrgb&w=1260&h=750&dpr=2'),
(465, 59, 'https://images.pexels.com/photos/290164/pexels-photo-290164.jpeg?auto=compress&cs=tinysrgb&w=1260&h=750&dpr=2'),
(466, 59, 'https://images.pexels.com/photos/208805/pexels-photo-208805.jpeg?auto=compress&cs=tinysrgb&w=1260&h=750&dpr=2'),
(467, 59, 'https://images.pexels.com/photos/1440403/pexels-photo-1440403.jpeg?auto=compress&cs=tinysrgb&w=1260&h=750&dpr=2'),
(468, 59, 'https://images.pexels.com/photos/3687957/pexels-photo-3687957.jpeg?auto=compress&cs=tinysrgb&w=1260&h=750&dpr=2'),
(469, 59, 'https://images.pexels.com/photos/982314/pexels-photo-982314.jpeg?auto=compress&cs=tinysrgb&w=1260&h=750&dpr=2'),
(470, 59, 'https://images.pexels.com/photos/15445009/pexels-photo-15445009.jpeg?auto=compress&cs=tinysrgb&w=1260&h=750&dpr=2'),
(471, 59, 'https://images.pexels.com/photos/3643714/pexels-photo-3643714.jpeg?auto=compress&cs=tinysrgb&w=1260&h=750&dpr=2'),
(472, 59, 'https://images.pexels.com/photos/65006/pexels-photo-65006.jpeg?auto=compress&cs=tinysrgb&w=1260&h=750&dpr=2'),
(473, 60, 'https://images.pexels.com/photos/3525298/pexels-photo-3525298.jpeg?auto=compress&cs=tinysrgb&w=1260&h=750&dpr=2'),
(474, 60, 'https://images.pexels.com/photos/1383406/pexels-photo-1383406.jpeg?auto=compress&cs=tinysrgb&w=1260&h=750&dpr=2'),
(475, 60, 'https://images.pexels.com/photos/2892372/pexels-photo-2892372.jpeg?auto=compress&cs=tinysrgb&w=1260&h=750&dpr=2'),
(476, 60, 'https://images.pexels.com/photos/3712095/pexels-photo-3712095.jpeg?auto=compress&cs=tinysrgb&w=1260&h=750&dpr=2'),
(477, 60, 'https://images.pexels.com/photos/1543793/pexels-photo-1543793.jpeg?auto=compress&cs=tinysrgb&w=1260&h=750&dpr=2'),
(478, 60, 'https://images.pexels.com/photos/1472999/pexels-photo-1472999.jpeg?auto=compress&cs=tinysrgb&w=1260&h=750&dpr=2'),
(479, 60, 'https://images.pexels.com/photos/1543801/pexels-photo-1543801.jpeg?auto=compress&cs=tinysrgb&w=1260&h=750&dpr=2'),
(480, 60, 'https://images.pexels.com/photos/978555/pexels-photo-978555.jpeg?auto=compress&cs=tinysrgb&w=1260&h=750&dpr=2'),
(481, 61, 'https://images.pexels.com/photos/979098/pexels-photo-979098.jpeg?auto=compress&cs=tinysrgb&w=1260&h=750&dpr=2'),
(482, 61, 'https://images.pexels.com/photos/979250/pexels-photo-979250.jpeg?auto=compress&cs=tinysrgb&w=1260&h=750&dpr=2'),
(483, 61, 'https://images.pexels.com/photos/7410722/pexels-photo-7410722.jpeg?auto=compress&cs=tinysrgb&w=1260&h=750&dpr=2'),
(484, 61, 'https://images.pexels.com/photos/954720/pexels-photo-954720.jpeg?auto=compress&cs=tinysrgb&w=1260&h=750&dpr=2'),
(485, 61, 'https://images.pexels.com/photos/6897077/pexels-photo-6897077.jpeg?auto=compress&cs=tinysrgb&w=1260&h=750&dpr=2'),
(486, 61, 'https://images.pexels.com/photos/979247/pexels-photo-979247.jpeg?auto=compress&cs=tinysrgb&w=1260&h=750&dpr=2'),
(487, 61, 'https://images.pexels.com/photos/208773/pexels-photo-208773.jpeg?auto=compress&cs=tinysrgb&w=1260&h=750&dpr=2'),
(488, 61, 'https://images.pexels.com/photos/2698519/pexels-photo-2698519.jpeg?auto=compress&cs=tinysrgb&w=1260&h=750&dpr=2'),
(489, 62, 'https://images.pexels.com/photos/2083940/pexels-photo-2083940.jpeg?auto=compress&cs=tinysrgb&w=1260&h=750&dpr=2'),
(490, 62, 'https://images.pexels.com/photos/1132569/pexels-photo-1132569.jpeg?auto=compress&cs=tinysrgb&w=1260&h=750&dpr=2'),
(491, 62, 'https://images.pexels.com/photos/977935/pexels-photo-977935.jpeg?auto=compress&cs=tinysrgb&w=1260&h=750&dpr=2'),
(492, 62, 'https://images.pexels.com/photos/3257811/pexels-photo-3257811.jpeg?auto=compress&cs=tinysrgb&w=1260&h=750&dpr=2'),
(493, 62, 'https://images.pexels.com/photos/56857/animal-cat-kitten-funny-56857.jpeg?auto=compress&cs=tinysrgb&w=1260&h=750&dpr=2'),
(494, 62, 'https://images.pexels.com/photos/1202481/pexels-photo-1202481.jpeg?auto=compress&cs=tinysrgb&w=1260&h=750&dpr=2'),
(495, 62, 'https://images.pexels.com/photos/1299518/pexels-photo-1299518.jpeg?auto=compress&cs=tinysrgb&w=1260&h=750&dpr=2'),
(496, 62, 'https://images.pexels.com/photos/1605481/pexels-photo-1605481.jpeg?auto=compress&cs=tinysrgb&w=1260&h=750&dpr=2'),
(497, 63, 'https://images.pexels.com/photos/2216715/pexels-photo-2216715.jpeg?auto=compress&cs=tinysrgb&w=1260&h=750&dpr=2'),
(498, 63, 'https://images.pexels.com/photos/1835010/pexels-photo-1835010.jpeg?auto=compress&cs=tinysrgb&w=1260&h=750&dpr=2'),
(499, 63, 'https://images.pexels.com/photos/8985189/pexels-photo-8985189.jpeg?auto=compress&cs=tinysrgb&w=1260&h=750&dpr=2'),
(500, 63, 'https://images.pexels.com/photos/2071873/pexels-photo-2071873.jpeg?auto=compress&cs=tinysrgb&w=1260&h=750&dpr=2'),
(501, 63, 'https://images.pexels.com/photos/1828875/pexels-photo-1828875.jpeg?auto=compress&cs=tinysrgb&w=1260&h=750&dpr=2'),
(502, 63, 'https://images.pexels.com/photos/256632/pexels-photo-256632.jpeg?auto=compress&cs=tinysrgb&w=1260&h=750&dpr=2'),
(503, 63, 'https://images.pexels.com/photos/1435632/pexels-photo-1435632.jpeg?auto=compress&cs=tinysrgb&w=1260&h=750&dpr=2'),
(504, 63, 'https://images.pexels.com/photos/1642227/pexels-photo-1642227.jpeg?auto=compress&cs=tinysrgb&w=1260&h=750&dpr=2'),
(505, 64, 'https://images.pexels.com/photos/2278093/pexels-photo-2278093.jpeg?auto=compress&cs=tinysrgb&w=1260&h=750&dpr=2'),
(506, 64, 'https://images.pexels.com/photos/1643461/pexels-photo-1643461.jpeg?auto=compress&cs=tinysrgb&w=1260&h=750&dpr=2'),
(507, 64, 'https://images.pexels.com/photos/57416/cat-sweet-kitty-animals-57416.jpeg?auto=compress&cs=tinysrgb&w=1260&h=750&dpr=2'),
(508, 64, 'https://images.pexels.com/photos/1741205/pexels-photo-1741205.jpeg?auto=compress&cs=tinysrgb&w=800'),
(509, 64, 'https://images.pexels.com/photos/1170986/pexels-photo-1170986.jpeg?auto=compress&cs=tinysrgb&w=1260&h=750&dpr=2'),
(510, 64, 'https://images.pexels.com/photos/1741206/pexels-photo-1741206.jpeg?auto=compress&cs=tinysrgb&w=1260&h=750&dpr=2'),
(511, 64, 'https://images.pexels.com/photos/2173872/pexels-photo-2173872.jpeg?auto=compress&cs=tinysrgb&w=1260&h=750&dpr=2'),
(512, 64, 'https://images.pexels.com/photos/736532/pexels-photo-736532.jpeg?auto=compress&cs=tinysrgb&w=1260&h=750&dpr=2'),
(513, 65, 'https://images.pexels.com/photos/1084425/pexels-photo-1084425.jpeg?auto=compress&cs=tinysrgb&w=1260&h=750&dpr=2'),
(514, 65, 'https://images.pexels.com/photos/1653357/pexels-photo-1653357.jpeg?auto=compress&cs=tinysrgb&w=1260&h=750&dpr=2'),
(515, 65, 'https://images.pexels.com/photos/13722001/pexels-photo-13722001.jpeg?auto=compress&cs=tinysrgb&w=1260&h=750&dpr=2'),
(516, 65, 'https://images.pexels.com/photos/45201/kitty-cat-kitten-pet-45201.jpeg?auto=compress&cs=tinysrgb&w=1260&h=750&dpr=2'),
(517, 65, 'https://images.pexels.com/photos/1302290/pexels-photo-1302290.jpeg?auto=compress&cs=tinysrgb&w=1260&h=750&dpr=2'),
(518, 65, 'https://images.pexels.com/photos/1287518/pexels-photo-1287518.jpeg?auto=compress&cs=tinysrgb&w=1260&h=750&dpr=2'),
(519, 65, 'https://images.pexels.com/photos/2942330/pexels-photo-2942330.jpeg?auto=compress&cs=tinysrgb&w=1260&h=750&dpr=2'),
(520, 65, 'https://images.pexels.com/photos/1485968/pexels-photo-1485968.jpeg?auto=compress&cs=tinysrgb&w=1260&h=750&dpr=2'),
(521, 66, 'https://images.pexels.com/photos/1359307/pexels-photo-1359307.jpeg?auto=compress&cs=tinysrgb&w=1260&h=750&dpr=2'),
(522, 66, 'https://images.pexels.com/photos/20787/pexels-photo.jpg?auto=compress&cs=tinysrgb&w=1260&h=750&dpr=2'),
(523, 66, 'https://images.pexels.com/photos/7149465/pexels-photo-7149465.jpeg?auto=compress&cs=tinysrgb&w=1260&h=750&dpr=2'),
(524, 66, 'https://images.pexels.com/photos/1404825/pexels-photo-1404825.jpeg?auto=compress&cs=tinysrgb&w=1260&h=750&dpr=2'),
(525, 66, 'https://images.pexels.com/photos/699962/pexels-photo-699962.jpeg?auto=compress&cs=tinysrgb&w=1260&h=750&dpr=2'),
(526, 66, 'https://images.pexels.com/photos/3318215/pexels-photo-3318215.jpeg?auto=compress&cs=tinysrgb&w=1260&h=750&dpr=2'),
(527, 66, 'https://images.pexels.com/photos/15435631/pexels-photo-15435631.jpeg?auto=compress&cs=tinysrgb&w=1260&h=750&dpr=2'),
(528, 66, 'https://images.pexels.com/photos/416160/pexels-photo-416160.jpeg?auto=compress&cs=tinysrgb&w=1260&h=750&dpr=2'),
(529, 67, 'https://images.pexels.com/photos/68594/pexels-photo-68594.jpeg?auto=compress&cs=tinysrgb&w=1260&h=750&dpr=2'),
(530, 67, 'https://images.pexels.com/photos/821736/pexels-photo-821736.jpeg?auto=compress&cs=tinysrgb&w=1260&h=750&dpr=2'),
(531, 67, 'https://images.pexels.com/photos/2361952/pexels-photo-2361952.jpeg?auto=compress&cs=tinysrgb&w=1260&h=750&dpr=2'),
(532, 67, 'https://images.pexels.com/photos/2686914/pexels-photo-2686914.jpeg?auto=compress&cs=tinysrgb&w=1260&h=750&dpr=2'),
(533, 67, 'https://images.pexels.com/photos/691583/pexels-photo-691583.jpeg?auto=compress&cs=tinysrgb&w=1260&h=750&dpr=2'),
(534, 67, 'https://images.pexels.com/photos/1056251/pexels-photo-1056251.jpeg?auto=compress&cs=tinysrgb&w=1260&h=750&dpr=2'),
(535, 67, 'https://images.pexels.com/photos/669015/pexels-photo-669015.jpeg?auto=compress&cs=tinysrgb&w=1260&h=750&dpr=2'),
(536, 67, 'https://images.pexels.com/photos/126407/pexels-photo-126407.jpeg?auto=compress&cs=tinysrgb&w=1260&h=750&dpr=2'),
(537, 68, 'https://images.pexels.com/photos/2581153/pexels-photo-2581153.jpeg?auto=compress&cs=tinysrgb&w=1260&h=750&dpr=2'),
(538, 68, 'https://images.pexels.com/photos/1900747/pexels-photo-1900747.jpeg?auto=compress&cs=tinysrgb&w=1260&h=750&dpr=2'),
(539, 68, 'https://images.pexels.com/photos/982865/pexels-photo-982865.jpeg?auto=compress&cs=tinysrgb&w=1260&h=750&dpr=2'),
(540, 68, 'https://images.pexels.com/photos/14721098/pexels-photo-14721098.jpeg?auto=compress&cs=tinysrgb&w=1260&h=750&dpr=2'),
(541, 68, 'https://images.pexels.com/photos/982300/pexels-photo-982300.jpeg?auto=compress&cs=tinysrgb&w=1260&h=750&dpr=2'),
(542, 68, 'https://images.pexels.com/photos/982299/pexels-photo-982299.jpeg?auto=compress&cs=tinysrgb&w=1260&h=750&dpr=2'),
(543, 68, 'https://images.pexels.com/photos/599492/pexels-photo-599492.jpeg?auto=compress&cs=tinysrgb&w=1260&h=750&dpr=2'),
(544, 68, 'https://images.pexels.com/photos/1358689/pexels-photo-1358689.jpeg?auto=compress&cs=tinysrgb&w=1260&h=750&dpr=2'),
(545, 69, 'https://images.pexels.com/photos/208805/pexels-photo-208805.jpeg?auto=compress&cs=tinysrgb&w=1260&h=750&dpr=2'),
(546, 69, 'https://images.pexels.com/photos/1440403/pexels-photo-1440403.jpeg?auto=compress&cs=tinysrgb&w=1260&h=750&dpr=2'),
(547, 69, 'https://images.pexels.com/photos/3687957/pexels-photo-3687957.jpeg?auto=compress&cs=tinysrgb&w=1260&h=750&dpr=2'),
(548, 69, 'https://images.pexels.com/photos/982314/pexels-photo-982314.jpeg?auto=compress&cs=tinysrgb&w=1260&h=750&dpr=2'),
(549, 69, 'https://images.pexels.com/photos/15445009/pexels-photo-15445009.jpeg?auto=compress&cs=tinysrgb&w=1260&h=750&dpr=2'),
(550, 69, 'https://images.pexels.com/photos/3643714/pexels-photo-3643714.jpeg?auto=compress&cs=tinysrgb&w=1260&h=750&dpr=2'),
(551, 69, 'https://images.pexels.com/photos/65006/pexels-photo-65006.jpeg?auto=compress&cs=tinysrgb&w=1260&h=750&dpr=2'),
(552, 69, 'https://images.pexels.com/photos/290164/pexels-photo-290164.jpeg?auto=compress&cs=tinysrgb&w=1260&h=750&dpr=2'),
(553, 70, 'https://images.pexels.com/photos/1383406/pexels-photo-1383406.jpeg?auto=compress&cs=tinysrgb&w=1260&h=750&dpr=2'),
(554, 70, 'https://images.pexels.com/photos/2892372/pexels-photo-2892372.jpeg?auto=compress&cs=tinysrgb&w=1260&h=750&dpr=2'),
(555, 70, 'https://images.pexels.com/photos/3712095/pexels-photo-3712095.jpeg?auto=compress&cs=tinysrgb&w=1260&h=750&dpr=2'),
(556, 70, 'https://images.pexels.com/photos/1543793/pexels-photo-1543793.jpeg?auto=compress&cs=tinysrgb&w=1260&h=750&dpr=2'),
(557, 70, 'https://images.pexels.com/photos/1472999/pexels-photo-1472999.jpeg?auto=compress&cs=tinysrgb&w=1260&h=750&dpr=2'),
(558, 70, 'https://images.pexels.com/photos/1543801/pexels-photo-1543801.jpeg?auto=compress&cs=tinysrgb&w=1260&h=750&dpr=2'),
(559, 70, 'https://images.pexels.com/photos/978555/pexels-photo-978555.jpeg?auto=compress&cs=tinysrgb&w=1260&h=750&dpr=2'),
(560, 70, 'https://images.pexels.com/photos/3525298/pexels-photo-3525298.jpeg?auto=compress&cs=tinysrgb&w=1260&h=750&dpr=2'),
(561, 71, 'https://images.pexels.com/photos/979250/pexels-photo-979250.jpeg?auto=compress&cs=tinysrgb&w=1260&h=750&dpr=2'),
(562, 71, 'https://images.pexels.com/photos/7410722/pexels-photo-7410722.jpeg?auto=compress&cs=tinysrgb&w=1260&h=750&dpr=2'),
(563, 71, 'https://images.pexels.com/photos/954720/pexels-photo-954720.jpeg?auto=compress&cs=tinysrgb&w=1260&h=750&dpr=2'),
(564, 71, 'https://images.pexels.com/photos/6897077/pexels-photo-6897077.jpeg?auto=compress&cs=tinysrgb&w=1260&h=750&dpr=2'),
(565, 71, 'https://images.pexels.com/photos/979247/pexels-photo-979247.jpeg?auto=compress&cs=tinysrgb&w=1260&h=750&dpr=2'),
(566, 71, 'https://images.pexels.com/photos/208773/pexels-photo-208773.jpeg?auto=compress&cs=tinysrgb&w=1260&h=750&dpr=2'),
(567, 71, 'https://images.pexels.com/photos/2698519/pexels-photo-2698519.jpeg?auto=compress&cs=tinysrgb&w=1260&h=750&dpr=2'),
(568, 71, 'https://images.pexels.com/photos/979098/pexels-photo-979098.jpeg?auto=compress&cs=tinysrgb&w=1260&h=750&dpr=2'),
(569, 72, 'https://images.pexels.com/photos/1132569/pexels-photo-1132569.jpeg?auto=compress&cs=tinysrgb&w=1260&h=750&dpr=2'),
(570, 72, 'https://images.pexels.com/photos/977935/pexels-photo-977935.jpeg?auto=compress&cs=tinysrgb&w=1260&h=750&dpr=2'),
(571, 72, 'https://images.pexels.com/photos/3257811/pexels-photo-3257811.jpeg?auto=compress&cs=tinysrgb&w=1260&h=750&dpr=2'),
(572, 72, 'https://images.pexels.com/photos/56857/animal-cat-kitten-funny-56857.jpeg?auto=compress&cs=tinysrgb&w=1260&h=750&dpr=2'),
(573, 72, 'https://images.pexels.com/photos/1202481/pexels-photo-1202481.jpeg?auto=compress&cs=tinysrgb&w=1260&h=750&dpr=2'),
(574, 72, 'https://images.pexels.com/photos/1299518/pexels-photo-1299518.jpeg?auto=compress&cs=tinysrgb&w=1260&h=750&dpr=2'),
(575, 72, 'https://images.pexels.com/photos/1605481/pexels-photo-1605481.jpeg?auto=compress&cs=tinysrgb&w=1260&h=750&dpr=2'),
(576, 72, 'https://images.pexels.com/photos/2083940/pexels-photo-2083940.jpeg?auto=compress&cs=tinysrgb&w=1260&h=750&dpr=2'),
(577, 73, 'https://images.pexels.com/photos/1835010/pexels-photo-1835010.jpeg?auto=compress&cs=tinysrgb&w=1260&h=750&dpr=2'),
(578, 73, 'https://images.pexels.com/photos/8985189/pexels-photo-8985189.jpeg?auto=compress&cs=tinysrgb&w=1260&h=750&dpr=2'),
(579, 73, 'https://images.pexels.com/photos/2071873/pexels-photo-2071873.jpeg?auto=compress&cs=tinysrgb&w=1260&h=750&dpr=2'),
(580, 73, 'https://images.pexels.com/photos/1828875/pexels-photo-1828875.jpeg?auto=compress&cs=tinysrgb&w=1260&h=750&dpr=2'),
(581, 73, 'https://images.pexels.com/photos/256632/pexels-photo-256632.jpeg?auto=compress&cs=tinysrgb&w=1260&h=750&dpr=2'),
(582, 73, 'https://images.pexels.com/photos/1435632/pexels-photo-1435632.jpeg?auto=compress&cs=tinysrgb&w=1260&h=750&dpr=2'),
(583, 73, 'https://images.pexels.com/photos/1642227/pexels-photo-1642227.jpeg?auto=compress&cs=tinysrgb&w=1260&h=750&dpr=2'),
(584, 73, 'https://images.pexels.com/photos/2216715/pexels-photo-2216715.jpeg?auto=compress&cs=tinysrgb&w=1260&h=750&dpr=2'),
(585, 74, 'https://images.pexels.com/photos/1643461/pexels-photo-1643461.jpeg?auto=compress&cs=tinysrgb&w=1260&h=750&dpr=2'),
(586, 74, 'https://images.pexels.com/photos/57416/cat-sweet-kitty-animals-57416.jpeg?auto=compress&cs=tinysrgb&w=1260&h=750&dpr=2'),
(587, 74, 'https://images.pexels.com/photos/1741205/pexels-photo-1741205.jpeg?auto=compress&cs=tinysrgb&w=800'),
(588, 74, 'https://images.pexels.com/photos/1170986/pexels-photo-1170986.jpeg?auto=compress&cs=tinysrgb&w=1260&h=750&dpr=2'),
(589, 74, 'https://images.pexels.com/photos/1741206/pexels-photo-1741206.jpeg?auto=compress&cs=tinysrgb&w=1260&h=750&dpr=2'),
(590, 74, 'https://images.pexels.com/photos/2173872/pexels-photo-2173872.jpeg?auto=compress&cs=tinysrgb&w=1260&h=750&dpr=2'),
(591, 74, 'https://images.pexels.com/photos/736532/pexels-photo-736532.jpeg?auto=compress&cs=tinysrgb&w=1260&h=750&dpr=2'),
(592, 74, 'https://images.pexels.com/photos/2278093/pexels-photo-2278093.jpeg?auto=compress&cs=tinysrgb&w=1260&h=750&dpr=2'),
(593, 75, 'https://images.pexels.com/photos/1653357/pexels-photo-1653357.jpeg?auto=compress&cs=tinysrgb&w=1260&h=750&dpr=2'),
(594, 75, 'https://images.pexels.com/photos/13722001/pexels-photo-13722001.jpeg?auto=compress&cs=tinysrgb&w=1260&h=750&dpr=2'),
(595, 75, 'https://images.pexels.com/photos/45201/kitty-cat-kitten-pet-45201.jpeg?auto=compress&cs=tinysrgb&w=1260&h=750&dpr=2'),
(596, 75, 'https://images.pexels.com/photos/1302290/pexels-photo-1302290.jpeg?auto=compress&cs=tinysrgb&w=1260&h=750&dpr=2'),
(597, 75, 'https://images.pexels.com/photos/1287518/pexels-photo-1287518.jpeg?auto=compress&cs=tinysrgb&w=1260&h=750&dpr=2'),
(598, 75, 'https://images.pexels.com/photos/2942330/pexels-photo-2942330.jpeg?auto=compress&cs=tinysrgb&w=1260&h=750&dpr=2'),
(599, 75, 'https://images.pexels.com/photos/1485968/pexels-photo-1485968.jpeg?auto=compress&cs=tinysrgb&w=1260&h=750&dpr=2'),
(600, 75, 'https://images.pexels.com/photos/1084425/pexels-photo-1084425.jpeg?auto=compress&cs=tinysrgb&w=1260&h=750&dpr=2'),
(601, 76, 'https://images.pexels.com/photos/20787/pexels-photo.jpg?auto=compress&cs=tinysrgb&w=1260&h=750&dpr=2'),
(602, 76, 'https://images.pexels.com/photos/7149465/pexels-photo-7149465.jpeg?auto=compress&cs=tinysrgb&w=1260&h=750&dpr=2'),
(603, 76, 'https://images.pexels.com/photos/1404825/pexels-photo-1404825.jpeg?auto=compress&cs=tinysrgb&w=1260&h=750&dpr=2'),
(604, 76, 'https://images.pexels.com/photos/699962/pexels-photo-699962.jpeg?auto=compress&cs=tinysrgb&w=1260&h=750&dpr=2'),
(605, 76, 'https://images.pexels.com/photos/3318215/pexels-photo-3318215.jpeg?auto=compress&cs=tinysrgb&w=1260&h=750&dpr=2'),
(606, 76, 'https://images.pexels.com/photos/15435631/pexels-photo-15435631.jpeg?auto=compress&cs=tinysrgb&w=1260&h=750&dpr=2'),
(607, 76, 'https://images.pexels.com/photos/416160/pexels-photo-416160.jpeg?auto=compress&cs=tinysrgb&w=1260&h=750&dpr=2'),
(608, 76, 'https://images.pexels.com/photos/1359307/pexels-photo-1359307.jpeg?auto=compress&cs=tinysrgb&w=1260&h=750&dpr=2'),
(609, 77, 'https://images.pexels.com/photos/821736/pexels-photo-821736.jpeg?auto=compress&cs=tinysrgb&w=1260&h=750&dpr=2'),
(610, 77, 'https://images.pexels.com/photos/2361952/pexels-photo-2361952.jpeg?auto=compress&cs=tinysrgb&w=1260&h=750&dpr=2'),
(611, 77, 'https://images.pexels.com/photos/2686914/pexels-photo-2686914.jpeg?auto=compress&cs=tinysrgb&w=1260&h=750&dpr=2'),
(612, 77, 'https://images.pexels.com/photos/691583/pexels-photo-691583.jpeg?auto=compress&cs=tinysrgb&w=1260&h=750&dpr=2'),
(613, 77, 'https://images.pexels.com/photos/1056251/pexels-photo-1056251.jpeg?auto=compress&cs=tinysrgb&w=1260&h=750&dpr=2'),
(614, 77, 'https://images.pexels.com/photos/669015/pexels-photo-669015.jpeg?auto=compress&cs=tinysrgb&w=1260&h=750&dpr=2'),
(615, 77, 'https://images.pexels.com/photos/126407/pexels-photo-126407.jpeg?auto=compress&cs=tinysrgb&w=1260&h=750&dpr=2'),
(616, 77, 'https://images.pexels.com/photos/68594/pexels-photo-68594.jpeg?auto=compress&cs=tinysrgb&w=1260&h=750&dpr=2'),
(617, 78, 'https://images.pexels.com/photos/1900747/pexels-photo-1900747.jpeg?auto=compress&cs=tinysrgb&w=1260&h=750&dpr=2'),
(618, 78, 'https://images.pexels.com/photos/982865/pexels-photo-982865.jpeg?auto=compress&cs=tinysrgb&w=1260&h=750&dpr=2'),
(619, 78, 'https://images.pexels.com/photos/14721098/pexels-photo-14721098.jpeg?auto=compress&cs=tinysrgb&w=1260&h=750&dpr=2'),
(620, 78, 'https://images.pexels.com/photos/982300/pexels-photo-982300.jpeg?auto=compress&cs=tinysrgb&w=1260&h=750&dpr=2'),
(621, 78, 'https://images.pexels.com/photos/982299/pexels-photo-982299.jpeg?auto=compress&cs=tinysrgb&w=1260&h=750&dpr=2'),
(622, 78, 'https://images.pexels.com/photos/599492/pexels-photo-599492.jpeg?auto=compress&cs=tinysrgb&w=1260&h=750&dpr=2'),
(623, 78, 'https://images.pexels.com/photos/1358689/pexels-photo-1358689.jpeg?auto=compress&cs=tinysrgb&w=1260&h=750&dpr=2'),
(624, 78, 'https://images.pexels.com/photos/2581153/pexels-photo-2581153.jpeg?auto=compress&cs=tinysrgb&w=1260&h=750&dpr=2'),
(625, 79, 'https://images.pexels.com/photos/1440403/pexels-photo-1440403.jpeg?auto=compress&cs=tinysrgb&w=1260&h=750&dpr=2'),
(626, 79, 'https://images.pexels.com/photos/3687957/pexels-photo-3687957.jpeg?auto=compress&cs=tinysrgb&w=1260&h=750&dpr=2'),
(627, 79, 'https://images.pexels.com/photos/982314/pexels-photo-982314.jpeg?auto=compress&cs=tinysrgb&w=1260&h=750&dpr=2'),
(628, 79, 'https://images.pexels.com/photos/15445009/pexels-photo-15445009.jpeg?auto=compress&cs=tinysrgb&w=1260&h=750&dpr=2'),
(629, 79, 'https://images.pexels.com/photos/3643714/pexels-photo-3643714.jpeg?auto=compress&cs=tinysrgb&w=1260&h=750&dpr=2'),
(630, 79, 'https://images.pexels.com/photos/65006/pexels-photo-65006.jpeg?auto=compress&cs=tinysrgb&w=1260&h=750&dpr=2'),
(631, 79, 'https://images.pexels.com/photos/290164/pexels-photo-290164.jpeg?auto=compress&cs=tinysrgb&w=1260&h=750&dpr=2'),
(632, 79, 'https://images.pexels.com/photos/208805/pexels-photo-208805.jpeg?auto=compress&cs=tinysrgb&w=1260&h=750&dpr=2'),
(633, 80, 'https://images.pexels.com/photos/2892372/pexels-photo-2892372.jpeg?auto=compress&cs=tinysrgb&w=1260&h=750&dpr=2'),
(634, 80, 'https://images.pexels.com/photos/3712095/pexels-photo-3712095.jpeg?auto=compress&cs=tinysrgb&w=1260&h=750&dpr=2'),
(635, 80, 'https://images.pexels.com/photos/1543793/pexels-photo-1543793.jpeg?auto=compress&cs=tinysrgb&w=1260&h=750&dpr=2'),
(636, 80, 'https://images.pexels.com/photos/1472999/pexels-photo-1472999.jpeg?auto=compress&cs=tinysrgb&w=1260&h=750&dpr=2'),
(637, 80, 'https://images.pexels.com/photos/1543801/pexels-photo-1543801.jpeg?auto=compress&cs=tinysrgb&w=1260&h=750&dpr=2'),
(638, 80, 'https://images.pexels.com/photos/978555/pexels-photo-978555.jpeg?auto=compress&cs=tinysrgb&w=1260&h=750&dpr=2'),
(639, 80, 'https://images.pexels.com/photos/3525298/pexels-photo-3525298.jpeg?auto=compress&cs=tinysrgb&w=1260&h=750&dpr=2'),
(640, 80, 'https://images.pexels.com/photos/1383406/pexels-photo-1383406.jpeg?auto=compress&cs=tinysrgb&w=1260&h=750&dpr=2'),
(641, 81, 'https://images.pexels.com/photos/674570/pexels-photo-674570.jpeg?auto=compress&cs=tinysrgb&w=1260&h=750&dpr=2'),
(642, 81, 'https://images.pexels.com/photos/1359300/pexels-photo-1359300.jpeg?auto=compress&cs=tinysrgb&w=1260&h=750&dpr=2'),
(643, 81, 'https://images.pexels.com/photos/1025111/pexels-photo-1025111.jpeg?auto=compress&cs=tinysrgb&w=1260&h=750&dpr=2'),
(644, 81, 'https://images.pexels.com/photos/951336/pexels-photo-951336.jpeg?auto=compress&cs=tinysrgb&w=1260&h=750&dpr=2'),
(645, 81, 'https://images.pexels.com/photos/1103905/pexels-photo-1103905.jpeg?auto=compress&cs=tinysrgb&w=1260&h=750&dpr=2'),
(646, 81, 'https://images.pexels.com/photos/1492219/pexels-photo-1492219.jpeg?auto=compress&cs=tinysrgb&w=1260&h=750&dpr=2'),
(647, 81, 'https://images.pexels.com/photos/2759566/pexels-photo-2759566.jpeg?auto=compress&cs=tinysrgb&w=1260&h=750&dpr=2'),
(648, 81, 'https://images.pexels.com/photos/1540327/pexels-photo-1540327.jpeg?auto=compress&cs=tinysrgb&w=1260&h=750&dpr=2'),
(649, 82, 'https://images.pexels.com/photos/156934/pexels-photo-156934.jpeg?auto=compress&cs=tinysrgb&w=1260&h=750&dpr=2'),
(650, 82, 'https://images.pexels.com/photos/3448443/pexels-photo-3448443.jpeg?auto=compress&cs=tinysrgb&w=1260&h=750&dpr=1'),
(651, 82, 'https://images.pexels.com/photos/2558605/pexels-photo-2558605.jpeg?auto=compress&cs=tinysrgb&w=1260&h=750&dpr=2'),
(652, 82, 'https://images.pexels.com/photos/2194261/pexels-photo-2194261.jpeg?auto=compress&cs=tinysrgb&w=1260&h=750&dpr=2'),
(653, 82, 'https://images.pexels.com/photos/2061057/pexels-photo-2061057.jpeg?auto=compress&cs=tinysrgb&w=1260&h=750&dpr=2'),
(654, 82, 'https://images.pexels.com/photos/2286016/pexels-photo-2286016.jpeg?auto=compress&cs=tinysrgb&w=1260&h=750&dpr=2'),
(655, 82, 'https://images.pexels.com/photos/2279202/pexels-photo-2279202.jpeg?auto=compress&cs=tinysrgb&w=1260&h=750&dpr=2'),
(656, 82, 'https://images.pexels.com/photos/2194260/pexels-photo-2194260.jpeg?auto=compress&cs=tinysrgb&w=1260&h=750&dpr=2'),
(657, 83, 'https://images.pexels.com/photos/1461622/pexels-photo-1461622.jpeg?auto=compress&cs=tinysrgb&w=1260&h=750&dpr=1'),
(658, 83, 'https://images.pexels.com/photos/1422770/pexels-photo-1422770.png?auto=compress&cs=tinysrgb&w=1260&h=750&dpr=1'),
(659, 83, 'https://images.pexels.com/photos/969147/pexels-photo-969147.jpeg?auto=compress&cs=tinysrgb&w=1260&h=750&dpr=1'),
(660, 83, 'https://images.pexels.com/photos/3155894/pexels-photo-3155894.jpeg?auto=compress&cs=tinysrgb&w=1260&h=750&dpr=2'),
(661, 83, 'https://images.pexels.com/photos/7584249/pexels-photo-7584249.jpeg?auto=compress&cs=tinysrgb&w=1260&h=750&dpr=1'),
(662, 83, 'https://images.pexels.com/photos/1383402/pexels-photo-1383402.jpeg?auto=compress&cs=tinysrgb&w=1260&h=750&dpr=2'),
(663, 83, 'https://images.pexels.com/photos/1643748/pexels-photo-1643748.jpeg?auto=compress&cs=tinysrgb&w=1260&h=750&dpr=2'),
(664, 83, 'https://images.pexels.com/photos/1476254/pexels-photo-1476254.png?auto=compress&cs=tinysrgb&w=1260&h=750&dpr=1'),
(665, 84, 'https://images.pexels.com/photos/1540327/pexels-photo-1540327.jpeg?auto=compress&cs=tinysrgb&w=1260&h=750&dpr=2'),
(666, 84, 'https://images.pexels.com/photos/674570/pexels-photo-674570.jpeg?auto=compress&cs=tinysrgb&w=1260&h=750&dpr=2'),
(667, 84, 'https://images.pexels.com/photos/1359300/pexels-photo-1359300.jpeg?auto=compress&cs=tinysrgb&w=1260&h=750&dpr=2'),
(668, 84, 'https://images.pexels.com/photos/1025111/pexels-photo-1025111.jpeg?auto=compress&cs=tinysrgb&w=1260&h=750&dpr=2'),
(669, 84, 'https://images.pexels.com/photos/951336/pexels-photo-951336.jpeg?auto=compress&cs=tinysrgb&w=1260&h=750&dpr=2'),
(670, 84, 'https://images.pexels.com/photos/1103905/pexels-photo-1103905.jpeg?auto=compress&cs=tinysrgb&w=1260&h=750&dpr=2'),
(671, 84, 'https://images.pexels.com/photos/1492219/pexels-photo-1492219.jpeg?auto=compress&cs=tinysrgb&w=1260&h=750&dpr=2'),
(672, 84, 'https://images.pexels.com/photos/2759566/pexels-photo-2759566.jpeg?auto=compress&cs=tinysrgb&w=1260&h=750&dpr=2'),
(673, 85, 'https://images.pexels.com/photos/2194260/pexels-photo-2194260.jpeg?auto=compress&cs=tinysrgb&w=1260&h=750&dpr=2'),
(674, 85, 'https://images.pexels.com/photos/156934/pexels-photo-156934.jpeg?auto=compress&cs=tinysrgb&w=1260&h=750&dpr=2'),
(675, 85, 'https://images.pexels.com/photos/3448443/pexels-photo-3448443.jpeg?auto=compress&cs=tinysrgb&w=1260&h=750&dpr=1'),
(676, 85, 'https://images.pexels.com/photos/2558605/pexels-photo-2558605.jpeg?auto=compress&cs=tinysrgb&w=1260&h=750&dpr=2'),
(677, 85, 'https://images.pexels.com/photos/2194261/pexels-photo-2194261.jpeg?auto=compress&cs=tinysrgb&w=1260&h=750&dpr=2'),
(678, 85, 'https://images.pexels.com/photos/2061057/pexels-photo-2061057.jpeg?auto=compress&cs=tinysrgb&w=1260&h=750&dpr=2'),
(679, 85, 'https://images.pexels.com/photos/2286016/pexels-photo-2286016.jpeg?auto=compress&cs=tinysrgb&w=1260&h=750&dpr=2'),
(680, 85, 'https://images.pexels.com/photos/2279202/pexels-photo-2279202.jpeg?auto=compress&cs=tinysrgb&w=1260&h=750&dpr=2'),
(681, 86, 'https://images.pexels.com/photos/1476254/pexels-photo-1476254.png?auto=compress&cs=tinysrgb&w=1260&h=750&dpr=1'),
(682, 86, 'https://images.pexels.com/photos/1461622/pexels-photo-1461622.jpeg?auto=compress&cs=tinysrgb&w=1260&h=750&dpr=1'),
(683, 86, 'https://images.pexels.com/photos/1422770/pexels-photo-1422770.png?auto=compress&cs=tinysrgb&w=1260&h=750&dpr=1'),
(684, 86, 'https://images.pexels.com/photos/969147/pexels-photo-969147.jpeg?auto=compress&cs=tinysrgb&w=1260&h=750&dpr=1'),
(685, 86, 'https://images.pexels.com/photos/3155894/pexels-photo-3155894.jpeg?auto=compress&cs=tinysrgb&w=1260&h=750&dpr=2'),
(686, 86, 'https://images.pexels.com/photos/7584249/pexels-photo-7584249.jpeg?auto=compress&cs=tinysrgb&w=1260&h=750&dpr=1'),
(687, 86, 'https://images.pexels.com/photos/1383402/pexels-photo-1383402.jpeg?auto=compress&cs=tinysrgb&w=1260&h=750&dpr=2'),
(688, 86, 'https://images.pexels.com/photos/1643748/pexels-photo-1643748.jpeg?auto=compress&cs=tinysrgb&w=1260&h=750&dpr=2'),
(689, 87, 'https://images.pexels.com/photos/2759566/pexels-photo-2759566.jpeg?auto=compress&cs=tinysrgb&w=1260&h=750&dpr=2'),
(690, 87, 'https://images.pexels.com/photos/1540327/pexels-photo-1540327.jpeg?auto=compress&cs=tinysrgb&w=1260&h=750&dpr=2'),
(691, 87, 'https://images.pexels.com/photos/674570/pexels-photo-674570.jpeg?auto=compress&cs=tinysrgb&w=1260&h=750&dpr=2'),
(692, 87, 'https://images.pexels.com/photos/1359300/pexels-photo-1359300.jpeg?auto=compress&cs=tinysrgb&w=1260&h=750&dpr=2'),
(693, 87, 'https://images.pexels.com/photos/1025111/pexels-photo-1025111.jpeg?auto=compress&cs=tinysrgb&w=1260&h=750&dpr=2'),
(694, 87, 'https://images.pexels.com/photos/951336/pexels-photo-951336.jpeg?auto=compress&cs=tinysrgb&w=1260&h=750&dpr=2'),
(695, 87, 'https://images.pexels.com/photos/1103905/pexels-photo-1103905.jpeg?auto=compress&cs=tinysrgb&w=1260&h=750&dpr=2'),
(696, 87, 'https://images.pexels.com/photos/1492219/pexels-photo-1492219.jpeg?auto=compress&cs=tinysrgb&w=1260&h=750&dpr=2'),
(697, 88, 'https://images.pexels.com/photos/2279202/pexels-photo-2279202.jpeg?auto=compress&cs=tinysrgb&w=1260&h=750&dpr=2'),
(698, 88, 'https://images.pexels.com/photos/2194260/pexels-photo-2194260.jpeg?auto=compress&cs=tinysrgb&w=1260&h=750&dpr=2'),
(699, 88, 'https://images.pexels.com/photos/156934/pexels-photo-156934.jpeg?auto=compress&cs=tinysrgb&w=1260&h=750&dpr=2'),
(700, 88, 'https://images.pexels.com/photos/3448443/pexels-photo-3448443.jpeg?auto=compress&cs=tinysrgb&w=1260&h=750&dpr=1'),
(701, 88, 'https://images.pexels.com/photos/2558605/pexels-photo-2558605.jpeg?auto=compress&cs=tinysrgb&w=1260&h=750&dpr=2'),
(702, 88, 'https://images.pexels.com/photos/2194261/pexels-photo-2194261.jpeg?auto=compress&cs=tinysrgb&w=1260&h=750&dpr=2'),
(703, 88, 'https://images.pexels.com/photos/2061057/pexels-photo-2061057.jpeg?auto=compress&cs=tinysrgb&w=1260&h=750&dpr=2'),
(704, 88, 'https://images.pexels.com/photos/2286016/pexels-photo-2286016.jpeg?auto=compress&cs=tinysrgb&w=1260&h=750&dpr=2'),
(705, 89, 'https://images.pexels.com/photos/1643748/pexels-photo-1643748.jpeg?auto=compress&cs=tinysrgb&w=1260&h=750&dpr=2'),
(706, 89, 'https://images.pexels.com/photos/1476254/pexels-photo-1476254.png?auto=compress&cs=tinysrgb&w=1260&h=750&dpr=1'),
(707, 89, 'https://images.pexels.com/photos/1461622/pexels-photo-1461622.jpeg?auto=compress&cs=tinysrgb&w=1260&h=750&dpr=1'),
(708, 89, 'https://images.pexels.com/photos/1422770/pexels-photo-1422770.png?auto=compress&cs=tinysrgb&w=1260&h=750&dpr=1'),
(709, 89, 'https://images.pexels.com/photos/969147/pexels-photo-969147.jpeg?auto=compress&cs=tinysrgb&w=1260&h=750&dpr=1'),
(710, 89, 'https://images.pexels.com/photos/3155894/pexels-photo-3155894.jpeg?auto=compress&cs=tinysrgb&w=1260&h=750&dpr=2'),
(711, 89, 'https://images.pexels.com/photos/7584249/pexels-photo-7584249.jpeg?auto=compress&cs=tinysrgb&w=1260&h=750&dpr=1'),
(712, 89, 'https://images.pexels.com/photos/1383402/pexels-photo-1383402.jpeg?auto=compress&cs=tinysrgb&w=1260&h=750&dpr=2'),
(713, 90, 'https://images.pexels.com/photos/1492219/pexels-photo-1492219.jpeg?auto=compress&cs=tinysrgb&w=1260&h=750&dpr=2'),
(714, 90, 'https://images.pexels.com/photos/2759566/pexels-photo-2759566.jpeg?auto=compress&cs=tinysrgb&w=1260&h=750&dpr=2'),
(715, 90, 'https://images.pexels.com/photos/1540327/pexels-photo-1540327.jpeg?auto=compress&cs=tinysrgb&w=1260&h=750&dpr=2'),
(716, 90, 'https://images.pexels.com/photos/674570/pexels-photo-674570.jpeg?auto=compress&cs=tinysrgb&w=1260&h=750&dpr=2'),
(717, 90, 'https://images.pexels.com/photos/1359300/pexels-photo-1359300.jpeg?auto=compress&cs=tinysrgb&w=1260&h=750&dpr=2'),
(718, 90, 'https://images.pexels.com/photos/1025111/pexels-photo-1025111.jpeg?auto=compress&cs=tinysrgb&w=1260&h=750&dpr=2'),
(719, 90, 'https://images.pexels.com/photos/951336/pexels-photo-951336.jpeg?auto=compress&cs=tinysrgb&w=1260&h=750&dpr=2'),
(720, 90, 'https://images.pexels.com/photos/1103905/pexels-photo-1103905.jpeg?auto=compress&cs=tinysrgb&w=1260&h=750&dpr=2'),
(721, 91, 'https://images.pexels.com/photos/2286016/pexels-photo-2286016.jpeg?auto=compress&cs=tinysrgb&w=1260&h=750&dpr=2'),
(722, 91, 'https://images.pexels.com/photos/2279202/pexels-photo-2279202.jpeg?auto=compress&cs=tinysrgb&w=1260&h=750&dpr=2'),
(723, 91, 'https://images.pexels.com/photos/2194260/pexels-photo-2194260.jpeg?auto=compress&cs=tinysrgb&w=1260&h=750&dpr=2'),
(724, 91, 'https://images.pexels.com/photos/156934/pexels-photo-156934.jpeg?auto=compress&cs=tinysrgb&w=1260&h=750&dpr=2'),
(725, 91, 'https://images.pexels.com/photos/3448443/pexels-photo-3448443.jpeg?auto=compress&cs=tinysrgb&w=1260&h=750&dpr=1'),
(726, 91, 'https://images.pexels.com/photos/2558605/pexels-photo-2558605.jpeg?auto=compress&cs=tinysrgb&w=1260&h=750&dpr=2'),
(727, 91, 'https://images.pexels.com/photos/2194261/pexels-photo-2194261.jpeg?auto=compress&cs=tinysrgb&w=1260&h=750&dpr=2'),
(728, 91, 'https://images.pexels.com/photos/2061057/pexels-photo-2061057.jpeg?auto=compress&cs=tinysrgb&w=1260&h=750&dpr=2'),
(729, 92, 'https://images.pexels.com/photos/1383402/pexels-photo-1383402.jpeg?auto=compress&cs=tinysrgb&w=1260&h=750&dpr=2'),
(730, 92, 'https://images.pexels.com/photos/1643748/pexels-photo-1643748.jpeg?auto=compress&cs=tinysrgb&w=1260&h=750&dpr=2'),
(731, 92, 'https://images.pexels.com/photos/1476254/pexels-photo-1476254.png?auto=compress&cs=tinysrgb&w=1260&h=750&dpr=1'),
(732, 92, 'https://images.pexels.com/photos/1461622/pexels-photo-1461622.jpeg?auto=compress&cs=tinysrgb&w=1260&h=750&dpr=1'),
(733, 92, 'https://images.pexels.com/photos/1422770/pexels-photo-1422770.png?auto=compress&cs=tinysrgb&w=1260&h=750&dpr=1'),
(734, 92, 'https://images.pexels.com/photos/969147/pexels-photo-969147.jpeg?auto=compress&cs=tinysrgb&w=1260&h=750&dpr=1'),
(735, 92, 'https://images.pexels.com/photos/3155894/pexels-photo-3155894.jpeg?auto=compress&cs=tinysrgb&w=1260&h=750&dpr=2'),
(736, 92, 'https://images.pexels.com/photos/7584249/pexels-photo-7584249.jpeg?auto=compress&cs=tinysrgb&w=1260&h=750&dpr=1'),
(737, 93, 'https://images.pexels.com/photos/1103905/pexels-photo-1103905.jpeg?auto=compress&cs=tinysrgb&w=1260&h=750&dpr=2'),
(738, 93, 'https://images.pexels.com/photos/1492219/pexels-photo-1492219.jpeg?auto=compress&cs=tinysrgb&w=1260&h=750&dpr=2'),
(739, 93, 'https://images.pexels.com/photos/2759566/pexels-photo-2759566.jpeg?auto=compress&cs=tinysrgb&w=1260&h=750&dpr=2'),
(740, 93, 'https://images.pexels.com/photos/1540327/pexels-photo-1540327.jpeg?auto=compress&cs=tinysrgb&w=1260&h=750&dpr=2'),
(741, 93, 'https://images.pexels.com/photos/674570/pexels-photo-674570.jpeg?auto=compress&cs=tinysrgb&w=1260&h=750&dpr=2'),
(742, 93, 'https://images.pexels.com/photos/1359300/pexels-photo-1359300.jpeg?auto=compress&cs=tinysrgb&w=1260&h=750&dpr=2'),
(743, 93, 'https://images.pexels.com/photos/1025111/pexels-photo-1025111.jpeg?auto=compress&cs=tinysrgb&w=1260&h=750&dpr=2'),
(744, 93, 'https://images.pexels.com/photos/951336/pexels-photo-951336.jpeg?auto=compress&cs=tinysrgb&w=1260&h=750&dpr=2'),
(745, 94, 'https://images.pexels.com/photos/2061057/pexels-photo-2061057.jpeg?auto=compress&cs=tinysrgb&w=1260&h=750&dpr=2'),
(746, 94, 'https://images.pexels.com/photos/2286016/pexels-photo-2286016.jpeg?auto=compress&cs=tinysrgb&w=1260&h=750&dpr=2'),
(747, 94, 'https://images.pexels.com/photos/2279202/pexels-photo-2279202.jpeg?auto=compress&cs=tinysrgb&w=1260&h=750&dpr=2'),
(748, 94, 'https://images.pexels.com/photos/2194260/pexels-photo-2194260.jpeg?auto=compress&cs=tinysrgb&w=1260&h=750&dpr=2'),
(749, 94, 'https://images.pexels.com/photos/156934/pexels-photo-156934.jpeg?auto=compress&cs=tinysrgb&w=1260&h=750&dpr=2'),
(750, 94, 'https://images.pexels.com/photos/3448443/pexels-photo-3448443.jpeg?auto=compress&cs=tinysrgb&w=1260&h=750&dpr=1'),
(751, 94, 'https://images.pexels.com/photos/2558605/pexels-photo-2558605.jpeg?auto=compress&cs=tinysrgb&w=1260&h=750&dpr=2'),
(752, 94, 'https://images.pexels.com/photos/2194261/pexels-photo-2194261.jpeg?auto=compress&cs=tinysrgb&w=1260&h=750&dpr=2'),
(753, 95, 'https://images.pexels.com/photos/7584249/pexels-photo-7584249.jpeg?auto=compress&cs=tinysrgb&w=1260&h=750&dpr=1'),
(754, 95, 'https://images.pexels.com/photos/1383402/pexels-photo-1383402.jpeg?auto=compress&cs=tinysrgb&w=1260&h=750&dpr=2'),
(755, 95, 'https://images.pexels.com/photos/1643748/pexels-photo-1643748.jpeg?auto=compress&cs=tinysrgb&w=1260&h=750&dpr=2'),
(756, 95, 'https://images.pexels.com/photos/1476254/pexels-photo-1476254.png?auto=compress&cs=tinysrgb&w=1260&h=750&dpr=1'),
(757, 95, 'https://images.pexels.com/photos/1461622/pexels-photo-1461622.jpeg?auto=compress&cs=tinysrgb&w=1260&h=750&dpr=1'),
(758, 95, 'https://images.pexels.com/photos/1422770/pexels-photo-1422770.png?auto=compress&cs=tinysrgb&w=1260&h=750&dpr=1'),
(759, 95, 'https://images.pexels.com/photos/969147/pexels-photo-969147.jpeg?auto=compress&cs=tinysrgb&w=1260&h=750&dpr=1'),
(760, 95, 'https://images.pexels.com/photos/3155894/pexels-photo-3155894.jpeg?auto=compress&cs=tinysrgb&w=1260&h=750&dpr=2'),
(761, 96, 'https://images.pexels.com/photos/951336/pexels-photo-951336.jpeg?auto=compress&cs=tinysrgb&w=1260&h=750&dpr=2'),
(762, 96, 'https://images.pexels.com/photos/1103905/pexels-photo-1103905.jpeg?auto=compress&cs=tinysrgb&w=1260&h=750&dpr=2'),
(763, 96, 'https://images.pexels.com/photos/1492219/pexels-photo-1492219.jpeg?auto=compress&cs=tinysrgb&w=1260&h=750&dpr=2'),
(764, 96, 'https://images.pexels.com/photos/2759566/pexels-photo-2759566.jpeg?auto=compress&cs=tinysrgb&w=1260&h=750&dpr=2'),
(765, 96, 'https://images.pexels.com/photos/1540327/pexels-photo-1540327.jpeg?auto=compress&cs=tinysrgb&w=1260&h=750&dpr=2'),
(766, 96, 'https://images.pexels.com/photos/674570/pexels-photo-674570.jpeg?auto=compress&cs=tinysrgb&w=1260&h=750&dpr=2'),
(767, 96, 'https://images.pexels.com/photos/1359300/pexels-photo-1359300.jpeg?auto=compress&cs=tinysrgb&w=1260&h=750&dpr=2'),
(768, 96, 'https://images.pexels.com/photos/1025111/pexels-photo-1025111.jpeg?auto=compress&cs=tinysrgb&w=1260&h=750&dpr=2'),
(769, 97, 'https://images.pexels.com/photos/2194261/pexels-photo-2194261.jpeg?auto=compress&cs=tinysrgb&w=1260&h=750&dpr=2'),
(770, 97, 'https://images.pexels.com/photos/2061057/pexels-photo-2061057.jpeg?auto=compress&cs=tinysrgb&w=1260&h=750&dpr=2'),
(771, 97, 'https://images.pexels.com/photos/2286016/pexels-photo-2286016.jpeg?auto=compress&cs=tinysrgb&w=1260&h=750&dpr=2'),
(772, 97, 'https://images.pexels.com/photos/2279202/pexels-photo-2279202.jpeg?auto=compress&cs=tinysrgb&w=1260&h=750&dpr=2'),
(773, 97, 'https://images.pexels.com/photos/2194260/pexels-photo-2194260.jpeg?auto=compress&cs=tinysrgb&w=1260&h=750&dpr=2'),
(774, 97, 'https://images.pexels.com/photos/156934/pexels-photo-156934.jpeg?auto=compress&cs=tinysrgb&w=1260&h=750&dpr=2'),
(775, 97, 'https://images.pexels.com/photos/3448443/pexels-photo-3448443.jpeg?auto=compress&cs=tinysrgb&w=1260&h=750&dpr=1'),
(776, 97, 'https://images.pexels.com/photos/2558605/pexels-photo-2558605.jpeg?auto=compress&cs=tinysrgb&w=1260&h=750&dpr=2'),
(777, 98, 'https://images.pexels.com/photos/3155894/pexels-photo-3155894.jpeg?auto=compress&cs=tinysrgb&w=1260&h=750&dpr=2'),
(778, 98, 'https://images.pexels.com/photos/7584249/pexels-photo-7584249.jpeg?auto=compress&cs=tinysrgb&w=1260&h=750&dpr=1'),
(779, 98, 'https://images.pexels.com/photos/1383402/pexels-photo-1383402.jpeg?auto=compress&cs=tinysrgb&w=1260&h=750&dpr=2'),
(780, 98, 'https://images.pexels.com/photos/1643748/pexels-photo-1643748.jpeg?auto=compress&cs=tinysrgb&w=1260&h=750&dpr=2'),
(781, 98, 'https://images.pexels.com/photos/1476254/pexels-photo-1476254.png?auto=compress&cs=tinysrgb&w=1260&h=750&dpr=1'),
(782, 98, 'https://images.pexels.com/photos/1461622/pexels-photo-1461622.jpeg?auto=compress&cs=tinysrgb&w=1260&h=750&dpr=1'),
(783, 98, 'https://images.pexels.com/photos/1422770/pexels-photo-1422770.png?auto=compress&cs=tinysrgb&w=1260&h=750&dpr=1'),
(784, 98, 'https://images.pexels.com/photos/969147/pexels-photo-969147.jpeg?auto=compress&cs=tinysrgb&w=1260&h=750&dpr=1'),
(785, 99, 'https://images.pexels.com/photos/1025111/pexels-photo-1025111.jpeg?auto=compress&cs=tinysrgb&w=1260&h=750&dpr=2'),
(786, 99, 'https://images.pexels.com/photos/951336/pexels-photo-951336.jpeg?auto=compress&cs=tinysrgb&w=1260&h=750&dpr=2'),
(787, 99, 'https://images.pexels.com/photos/1103905/pexels-photo-1103905.jpeg?auto=compress&cs=tinysrgb&w=1260&h=750&dpr=2'),
(788, 99, 'https://images.pexels.com/photos/1492219/pexels-photo-1492219.jpeg?auto=compress&cs=tinysrgb&w=1260&h=750&dpr=2'),
(789, 99, 'https://images.pexels.com/photos/2759566/pexels-photo-2759566.jpeg?auto=compress&cs=tinysrgb&w=1260&h=750&dpr=2'),
(790, 99, 'https://images.pexels.com/photos/1540327/pexels-photo-1540327.jpeg?auto=compress&cs=tinysrgb&w=1260&h=750&dpr=2'),
(791, 99, 'https://images.pexels.com/photos/674570/pexels-photo-674570.jpeg?auto=compress&cs=tinysrgb&w=1260&h=750&dpr=2'),
(792, 99, 'https://images.pexels.com/photos/1359300/pexels-photo-1359300.jpeg?auto=compress&cs=tinysrgb&w=1260&h=750&dpr=2'),
(793, 100, 'https://images.pexels.com/photos/2558605/pexels-photo-2558605.jpeg?auto=compress&cs=tinysrgb&w=1260&h=750&dpr=2'),
(794, 100, 'https://images.pexels.com/photos/2194261/pexels-photo-2194261.jpeg?auto=compress&cs=tinysrgb&w=1260&h=750&dpr=2'),
(795, 100, 'https://images.pexels.com/photos/2061057/pexels-photo-2061057.jpeg?auto=compress&cs=tinysrgb&w=1260&h=750&dpr=2'),
(796, 100, 'https://images.pexels.com/photos/2286016/pexels-photo-2286016.jpeg?auto=compress&cs=tinysrgb&w=1260&h=750&dpr=2'),
(797, 100, 'https://images.pexels.com/photos/2279202/pexels-photo-2279202.jpeg?auto=compress&cs=tinysrgb&w=1260&h=750&dpr=2'),
(798, 100, 'https://images.pexels.com/photos/2194260/pexels-photo-2194260.jpeg?auto=compress&cs=tinysrgb&w=1260&h=750&dpr=2'),
(799, 100, 'https://images.pexels.com/photos/156934/pexels-photo-156934.jpeg?auto=compress&cs=tinysrgb&w=1260&h=750&dpr=2'),
(800, 100, 'https://images.pexels.com/photos/3448443/pexels-photo-3448443.jpeg?auto=compress&cs=tinysrgb&w=1260&h=750&dpr=1'),
(1028, 107, 'http://localhost:3005/mission-image/1696787229197-150334140-42032931511_edcbf242ee_b.jpg'),
(1029, 108, 'http://localhost:3005/mission-image/1696787306366-268401102-42032931511_edcbf242ee_b.jpg'),
(1030, 108, 'http://localhost:3005/mission-image/1696787306367-577398508-mh_All-you-need-is-cat-002.jpg'),
(1031, 108, 'http://localhost:3005/mission-image/1696787306369-516060034-This Online Community Documents Photos Of âSupermodel Catsâ That Certainly Know How To Strike A Pose (50 Pics).png'),
(1032, 109, 'http://localhost:3005/mission-image/1696787643443-39628323-42032931511_edcbf242ee_b.jpg'),
(1033, 109, 'http://localhost:3005/mission-image/1696787643444-499268559-mh_All-you-need-is-cat-002.jpg'),
(1034, 109, 'http://localhost:3005/mission-image/1696787643445-715689273-This Online Community Documents Photos Of âSupermodel Catsâ That Certainly Know How To Strike A Pose (50 Pics).png'),
(1035, 110, 'http://localhost:3005/mission-image/1696787750112-897491527-42032931511_edcbf242ee_b.jpg'),
(1036, 110, 'http://localhost:3005/mission-image/1696787750113-718662799-mh_All-you-need-is-cat-002.jpg');
INSERT INTO `image_mission` (`image_id`, `mission_id`, `file_path`) VALUES
(1037, 110, 'http://localhost:3005/mission-image/1696787750115-671752331-This Online Community Documents Photos Of âSupermodel Catsâ That Certainly Know How To Strike A Pose (50 Pics).png'),
(1038, 111, 'http://localhost:3005/mission-image/1696788224040-199424189-42032931511_edcbf242ee_b.jpg'),
(1039, 111, 'http://localhost:3005/mission-image/1696788224040-907283448-mh_All-you-need-is-cat-002.jpg'),
(1040, 111, 'http://localhost:3005/mission-image/1696788224041-811902890-This Online Community Documents Photos Of âSupermodel Catsâ That Certainly Know How To Strike A Pose (50 Pics).png');

-- --------------------------------------------------------

--
-- 資料表結構 `memberlevels`
--

CREATE TABLE `memberlevels` (
  `level_id` int(30) NOT NULL,
  `level_name` varchar(30) NOT NULL,
  `description` varchar(100) NOT NULL
) ENGINE=InnoDB DEFAULT CHARSET=utf8mb4 COLLATE=utf8mb4_general_ci;

--
-- 傾印資料表的資料 `memberlevels`
--

INSERT INTO `memberlevels` (`level_id`, `level_name`, `description`) VALUES
(1, '奶貓', '會員等級1'),
(2, '幼貓', '會員等級2'),
(3, '成貓', '會員等級3');

-- --------------------------------------------------------

--
-- 資料表結構 `mission_detail`
--

CREATE TABLE `mission_detail` (
  `mission_id` int(11) NOT NULL COMMENT '等於mission_post_id',
  `pid` varchar(255) NOT NULL,
  `title` varchar(255) NOT NULL,
  `price` int(10) NOT NULL,
  `start_date` date NOT NULL,
  `end_date` date NOT NULL,
  `city` varchar(50) NOT NULL,
  `area` varchar(50) NOT NULL,
  `location_detail` varchar(255) NOT NULL,
  `description` varchar(255) NOT NULL,
  `mission_type` int(10) NOT NULL COMMENT '1=到府照顧 2=安親寄宿 3=到府美容 4=行為訓練 5=醫療護理',
  `payment_type` int(10) NOT NULL COMMENT '1=現金 2=轉帳匯款',
  `post_user_id` int(30) NOT NULL COMMENT '此為刊登者',
  `post_date` date NOT NULL DEFAULT current_timestamp(),
  `update_date` date NOT NULL DEFAULT current_timestamp(),
  `mission_status` tinyint(1) NOT NULL COMMENT '0=下架 1=刊登中',
  `contact_morning` tinyint(3) NOT NULL COMMENT '聯絡時段（早）0=不可 1=可 09:00-12:00',
  `contact_noon` tinyint(3) NOT NULL COMMENT '13:00-18:00',
  `contact_night` tinyint(3) NOT NULL COMMENT '19:00-21:00'
) ENGINE=InnoDB DEFAULT CHARSET=utf8mb4 COLLATE=utf8mb4_general_ci;

--
-- 傾印資料表的資料 `mission_detail`
--

INSERT INTO `mission_detail` (`mission_id`, `pid`, `title`, `price`, `start_date`, `end_date`, `city`, `area`, `location_detail`, `description`, `mission_type`, `payment_type`, `post_user_id`, `post_date`, `update_date`, `mission_status`, `contact_morning`, `contact_noon`, `contact_night`) VALUES
(1, 'df1254', '桃園10/30~11/02貓咪代餵', 800, '2023-10-30', '2023-11-02', '桃園市', '中壢區', '新生路', '<li>幫我照顧兩隻貓咪</li><li><p>你需要：</p><p>打掃貓咪弄髒的地方（貓咪有嘔吐的話要幫我撿）</p><p>清理貓砂</p><p>清洗貓咪的飲水機</p><p>需幫我餵罐頭</p><p>確認網路是否正常（如果斷線要幫我重新插插頭）</p></li><li>一次約20分鐘內可以完成</li><li>家中有監視器不介意再應徵</li><li>希望你家中也有寵物，絕對不能使用任何帶有強迫或暴力的動作對貓咪，喜歡貓咪佳</li>', 1, 1, 5, '2023-09-02', '2023-09-02', 1, 0, 1, 1),
(2, '2685xy', '10/28到府清貓砂、餵貓、陪貓玩', 320, '2023-10-28', '2023-10-28', '臺中市', '大甲區', '蔣公路', '<li>【寵物介紹】：品種 布偶乙隻英短乙隻/ 年齡不滿一歲 / 體型 小型</li><li>【照顧需求】：清理貓砂、吸地板、陪貓玩、餵罐頭</li><li>【注意事項】：<p>貓砂是水溶性，需要分批沖入馬桶。</p><p>吸塵器在廁所，需要把貓房的地板吸乾淨。</p><p>罐頭需要加入挖嘎莫逗，讓貓一起吃。</p><p>吃飽後可以拿逗貓棒陪貓玩半小時。</p></li>', 1, 2, 71, '2023-09-03', '2023-09-04', 1, 0, 1, 1),
(3, 'h6s42e', '苗栗縣10/28-10/31寄宿貓咪', 570, '2023-10-28', '2023-10-31', '苗栗縣', '頭份市', '仁愛路', '<li>我家有一隻貓咪需要寄宿，期間約4天</li><li>你需要：每天餵貓咪兩次、清理貓砂、陪貓玩、照顧貓咪的飲食習慣</li><li>家中有貓咪玩具可供使用</li>', 2, 1, 17, '2023-09-04', '2023-09-04', 1, 0, 1, 1),
(4, 'b7f93d', '新北市11/6貓咪到府美容', 490, '2023-11-06', '2023-11-06', '新北市', '三重區', '大同北路', '<li>我需要一位專業的貓咪美容師，為我的貓進行到府美容服務。</li><li><p>你需要：</p><p>給貓咪洗澡</p><p>修剪貓咪的毛髮 </p><p>修剪爪子</p><p>檢查貓咪的耳朵和眼睛</p><p>確保貓咪的美容過程舒適愉快</p></li>', 3, 1, 3, '2023-09-04', '2023-09-05', 1, 0, 1, 1),
(5, '3t7pfe', '桃園市11/28貓咪代餵', 530, '2023-11-28', '2023-11-28', '桃園市', '平鎮區', '環南路三段', '<li>幫我照顧兩隻貓咪</li> <li>你需要：每天清理貓砂、餵貓罐頭和乾貓糧、確保貓咪有足夠的飲水、陪貓咪玩</li>  <li>家中有監視器，可隨時觀看貓咪的情況</li>', 1, 2, 2, '2023-09-05', '2023-09-07', 1, 0, 1, 1),
(6, 'jf29r8', '餵貓貓吃飯', 290, '2023-11-14', '2023-11-14', '臺北市', '大同區', '承德路二段', '<li>【寵物介紹】：兩隻12歲貓貓</li><li>【照顧需求】：餵食罐頭與注射胰島素</li><li>【注意事項】：需要養貓5年以上的經驗。虎斑，公貓，YoYo，糖尿病老貓一枚，個性欺善怕惡。橘貓，母貓，夏夏，膀胱結石老貓一枚，膽小愛撒嬌。</li>', 1, 1, 1, '2023-09-05', '2023-09-05', 1, 0, 1, 1),
(7, 'k1d5r7', '10/28幫我餵貓吃飯', 680, '2023-10-28', '2023-10-28', '臺中市', '南區', '興大路', '<li>需要有貓咪經驗的人士，幫忙餵食我的貓咪。</li> <li>食物和碗都已經準備好，只需要確保貓咪吃飽。</li>', 1, 2, 76, '2023-09-06', '2023-09-06', 1, 0, 1, 1),
(8, 'p9a6q2', '10/29-11/02家中貓咪寄宿', 1200, '2023-10-29', '2023-11-02', '新竹市', '東區', '中央路', '<li>我需要有貓咪經驗的寵物愛好者，能夠在我外出期間照顧我的貓咪。</li> <li>你需要：每天至少兩次餵食、清理貓砂、陪伴貓咪，提供溫馨的環境。</li>', 2, 1, 73, '2023-09-06', '2023-09-06', 1, 0, 1, 1),
(9, 'y2f7w1', '貓咪美容護理', 730, '2023-11-19', '2023-11-19', '基隆市', '安樂區', '安樂路二段', '<li>我需要一位專業的貓咪美容師，為我的貓進行到府美容服務。</li> <li>你需要：給貓咪洗澡、修剪貓咪的毛髮、修剪爪子、檢查貓咪的耳朵和眼睛、確保貓咪的美容過程舒適愉快。</li>', 3, 2, 1, '2023-09-07', '2023-09-11', 1, 0, 1, 1),
(10, 'n8m3z4', '11/11下午四點餵貓、整理貓砂', 360, '2023-11-11', '2023-11-11', '新竹縣', '竹北市', '中正西路', '<li>【寵物介紹】：白色金吉拉/5歲多/體型小</li><li>【照顧需求】：需細心/需愛貓人士/需耐心</li><li>【注意事項】：有養貓經驗佳/無經驗可但不能欺負貓咪。</li>', 1, 1, 65, '2023-09-08', '2023-09-08', 1, 0, 1, 1),
(11, 'g5e1v6', '療癒貓咪陪伴', 520, '2023-11-18', '2023-11-20', '彰化縣', '彰化市', '大埔路', '<li>我需要有愛心的人士，每天來我家陪伴我的貓咪，提供溫暖和關懷。</li> <li>貓咪需要特別的關注和陪伴，讓他感到安心和快樂。</li>', 1, 1, 33, '2023-09-08', '2023-09-08', 1, 0, 1, 1),
(12, 'x7u9i8', '11/26-11/30貓咪行為訓練', 5000, '2023-11-26', '2023-11-30', '苗栗縣', '苑裡鎮', '中山路', '<li>我需要一位有經驗的貓咪訓練師，幫助我的貓咪克服一些不良行為。</li> <li>訓練目標包括解決抓家具、喜歡尿在床上等問題。</li>', 4, 2, 9, '2023-09-08', '2023-09-12', 1, 0, 1, 1),
(13, '4b6c3d', '貓咪健康飲食計劃', 1020, '2023-11-22', '2023-11-22', '臺北市', '信義區', '福德街', '<li>我需要一位寵物營養師，為我的貓咪制定健康的飲食計劃。</li> <li>計劃包括建議的食物種類、食量和餵食時間，以確保貓咪保持健康。</li>', 5, 1, 38, '2023-09-08', '2023-09-08', 1, 0, 1, 1),
(14, 'r8k5j7', '新北11/5貓咪到府美容', 540, '2023-11-05', '2023-11-05', '新北市', '淡水區', '中山路', '<li>我需要一位有經驗的貓咪美容師，前來為我的貓咪進行到府美容服務。</li> <li>美容包括給貓咪洗澡、修剪毛髮、修剪爪子、檢查耳朵和眼睛，確保貓咪外表整潔。</li>', 3, 1, 11, '2023-09-09', '2023-09-09', 1, 0, 1, 1),
(15, '7s2t8e', '四天貓咪探訪和餵食', 850, '2023-11-27', '2023-11-30', '桃園市', '楊梅區', '校前路', '<li>我需要一位探訪者，每天前來餵食我的貓咪，並確保他們的飲食和水源都充足。</li> <li>這是一項簡單的任務，但需要可信賴的人士提供照顧。</li>', 1, 2, 22, '2023-09-10', '2023-09-11', 1, 0, 1, 1),
(16, 'w4q9o2', '貓咪假日安親寄宿', 790, '2023-11-04', '2023-11-04', '臺中市', '南屯區', '永春東路', '<li>我需要一位貓咪寄宿提供者，為我的貓咪提供一個愉快的假日住宿體驗。</li> <li>你需要給貓咪提供舒適的住宿、每天餵食、清理貓砂，並陪伴貓咪享受假日。</li>', 2, 2, 59, '2023-09-10', '2023-09-10', 1, 0, 1, 1),
(17, 'z3y7f1', '徵鏟屎官，到府時間09:00-21:00', 750, '2023-11-23', '2023-11-23', '高雄市', '前鎮區', '康定路', '<li>【寵物介紹】：美短，長毛*2</li><li>【照顧需求】：鏟屎（4個盆），餵食食物*3，換水*3，巡視家裡是否有貓咪嘔吐物，有的話，濕紙巾清理，貓房、客廳貓毛掃地，貓咪產生垃圾丟棄，碗旁邊掉飼料清理，工作結束後，拍照上傳，家裡有監視器，確認完成工作後，匯款</li><li>【注意事項】：必須是愛貓人士，希望住前鎮</li>', 1, 2, 35, '2023-09-10', '2023-09-10', 1, 0, 1, 1),
(18, '6n8m4z', '陪伴可愛的貓咪', 660, '2023-10-27', '2023-10-27', '基隆市', '七堵區', '光明路', '<li>我有一隻名叫橘子的橘色虎斑貓，需要一位愛貓的人士來陪伴他，每天餵食、玩耍，並在我不在家時照顧他。</li> <li>橘子是一隻活潑好動的貓，喜歡追逐紅點和抓貓抓板。</li>', 1, 1, 29, '2023-09-11', '2023-09-12', 1, 0, 1, 1),
(19, 'v2g6t8', '新竹縣10/21-10/22寄宿貓咪', 460, '2023-10-21', '2023-10-22', '新竹縣', '芎林鄉', '文山路', '<li>我家有一隻貓咪需要寄宿，期間約2天</li><li>你需要：每天餵貓咪兩次、清理貓砂、陪貓玩、照顧貓咪的飲食習慣</li><li>家中有貓咪玩具可供使用</li>', 2, 1, 1, '2023-09-12', '2023-09-12', 0, 0, 1, 1),
(20, '9p1o7a', '特殊需求貓咪美容', 750, '2023-11-04', '2023-11-04', '臺南市', '安平區', '育平路', '<li>我需要一位有經驗的貓咪美容師，能夠處理我的特殊需求貓咪的美容。</li> <li>特殊需求包括應對貓咪的焦慮或其他行為問題，確保美容過程平順。</li>', 3, 1, 25, '2023-09-13', '2023-09-13', 1, 0, 1, 1),
(21, '5x3w2q', '我計畫度假，需要貓咪假日寄宿', 850, '2023-11-02', '2023-11-05', '高雄市', '鹽埕區', '大智路', '<li>我計畫度假，需要一位可信賴的安親提供者，為我的貓咪提供假日寄宿服務。</li> <li>我的貓名叫小花，是一隻活潑好奇的貓，喜歡玩耍和探索新環境。</li>', 2, 2, 58, '2023-09-13', '2023-09-17', 1, 0, 1, 1),
(22, 'e7i9u8', '11/8到府幫貓咪健康檢查', 2500, '2023-11-08', '2023-11-08', '臺北市', '中山區', '中山北路二段', '<li>我需要一位寵物醫生，到府幫忙進行定期的貓咪健康檢查。</li> <li>檢查項目包括疫苗接種、身體狀況評估、建議的照顧和營養。</li>', 5, 2, 68, '2023-09-15', '2023-09-15', 1, 0, 1, 1),
(23, '2h8g3s', '我的貓咪需要餵食和陪伴', 750, '2023-11-15', '2023-11-16', '新北市', '板橋區', '民權路', '<li>我有一位名叫貓貓的長毛貓，需要餵食和陪伴，因為我需要外出工作。</li> <li>貓貓是一隻溫馴的貓，喜歡躺在窗臺上觀察外面的世界。</li>', 1, 2, 70, '2023-09-15', '2023-09-15', 1, 0, 1, 1),
(24, 'o4n6b3', '照顧活潑的貓咪家庭', 300, '2023-11-12', '2023-11-12', '宜蘭縣', '羅東鎮', '興東路', '<li>我有兩隻名叫米奇和莉莉的貓咪，需要找一位照顧者，每天前來照顧他們，包括餵食、玩耍和清理貓砂。</li> <li>米奇是一隻好奇的貓，莉莉則是一隻懶洋洋的貓，需要不同的照顧。</li>', 1, 1, 1, '2023-09-16', '2023-09-16', 1, 0, 1, 1),
(25, 'u8x5y7', '11/17-11/18需要貓咪安親寄宿家庭', 530, '2023-11-17', '2023-11-18', '臺中市', '南區', '平順街', '<li>我需要一位寵物愛好者提供安親寄宿，讓我的貓咪在你的家中度過一段愉快的時間。</li> <li>你需要提供安全的環境，每天餵食、清理貓砂，並給予貓咪愛和陪伴。</li>', 2, 1, 66, '2023-09-17', '2023-09-17', 1, 0, 1, 1),
(26, 'a3f1j6', '寄宿可愛的三花貓', 260, '2023-11-19', '2023-11-19', '南投縣', '鹿谷鄉', '中正路一段', '<li>我有一隻名叫米蘭達的三花貓，需要找一位可信賴的寄宿家庭，讓她在你家中度過一段時間。</li> <li>米蘭達是一隻親人的貓，喜歡躺在陪伴者旁邊，享受撫摸和關愛。</li>', 2, 2, 42, '2023-09-17', '2023-09-20', 1, 1, 1, 0),
(27, '1e9s7d', '11/7嘉義市貓咪美容體驗', 750, '2023-11-07', '2023-11-07', '嘉義市', '東區', '民權路', '<li>我需要一位貓咪美容師，為我的貓咪提供一次美容體驗，包括洗澡、修剪、檢查耳朵和爪子。</li> <li>這次體驗將幫助我的貓咪熟悉美容過程，以便日後更容易進行美容。</li>', 3, 1, 18, '2023-09-17', '2023-09-17', 1, 1, 1, 0),
(28, 'c2v8t4', '貓咪緊急照顧', 670, '2023-11-09', '2023-11-10', '新竹縣', '竹東鎮', '沿河街', '<li>我有一隻名叫貝貝的貓咪，突然生病了，需要一位有經驗的照顧者前來緊急照顧。</li> <li>貝貝需要服藥，並定期監控她的健康狀況，確保她康復。</li>', 5, 2, 4, '2023-09-18', '2023-09-18', 1, 1, 1, 0),
(29, 'l5z4r7', '美容寵愛我的波斯貓', 890, '2023-11-16', '2023-11-16', '臺南市', '安南區', '海中街', '<li>我的波斯貓名叫奧斯卡，需要一位有經驗的美容師，為他提供到府美容服務。</li> <li>奧斯卡有長長的絨毛，需要特別的護理和修剪。</li>', 3, 1, 69, '2023-09-18', '2023-09-18', 1, 1, 1, 0),
(30, 't8k7p9', '10/1-10/5下午四點餵貓、整理貓砂', 840, '2023-10-01', '2023-10-05', '高雄市', '三民區', '哈爾濱街', '<li>【寵物介紹】：金吉拉/3歲多/體型小</li><li>【照顧需求】：需細心/需愛貓人士/需耐心</li><li>【注意事項】：有養貓經驗佳/無經驗可但不能欺負貓咪。</li>', 1, 2, 1, '2023-09-19', '2023-09-19', 0, 1, 1, 0),
(31, '4q2j6d', '貓咪寄宿度假村', 950, '2023-11-25', '2023-11-25', '屏東縣', '屏東市', '勝利東路', '<li>我需要一家可信賴的寄宿度假村，讓我的貓咪度過一個奢華的寄宿假期。</li> <li>度假村需要提供舒適的住宿、美味的食物、貓咪活動和護理，讓貓咪度過難忘的假期。</li>', 2, 1, 5, '2023-09-20', '2023-09-20', 1, 1, 1, 0),
(32, 'm3s9g8', '11/10貓咪到府美容', 430, '2023-11-10', '2023-11-10', '新北市', '中和區', '景平路', '<li>我有一隻名叫小黑的貓，需要一位到府美容師，為他提供美容護理。</li> <li>小黑是一隻活潑的貓，需要定期修剪毛髮和爪子。</li>', 3, 2, 7, '2023-09-20', '2023-09-22', 1, 1, 1, 0),
(33, 'y7b5n1', '貓咪陪伴和按摩', 450, '2023-11-30', '2023-11-30', '桃園市', '龜山區', '中山街', '<li>我需要一位照顧者，能夠來我家陪伴我的貓咪，並提供輕柔的按摩。</li> <li>我的貓咪叫做小米，是一隻愛撒嬌的貓，特別享受按摩和搔癢。</li>', 1, 1, 46, '2023-09-20', '2023-09-20', 1, 1, 1, 0),
(34, 'g8w2o4', '寵愛我的灰貓', 450, '2023-12-01', '2023-12-02', '臺中市', '清水區', '民有路', '<li>我的貓叫做灰灰，需要一位照顧者前來餵食、陪伴和清理貓砂。</li> <li>灰灰是一隻文靜的貓，特別喜歡午後的陽光。</li>', 1, 1, 19, '2023-09-21', '2023-09-21', 1, 1, 1, 0),
(35, 'f6r4x9', '10/31貓咪特別照顧', 800, '2023-10-31', '2023-10-31', '臺中市', '西區', '中美街', '<li>我需要一位有經驗的寵物照顧者，照顧我的特別需求貓咪，包括醫療護理和餵食。</li> <li>你需要有醫療知識，確保貓咪得到適當的護理和藥物管理。</li>', 5, 1, 37, '2023-09-22', '2023-09-25', 1, 1, 1, 0),
(36, 'u9a6i8', '10/27貓咪鏟屎官，到府時間17:00-21:00', 220, '2023-10-27', '2023-10-27', '屏東縣', '林邊鄉', '和平路53號', '<li>我需要一位探訪者，每天前來餵食我的貓咪，並確保他們的飲食和水源都充足。</li> <li>這是一項簡單的任務，但需要可信賴的人士提供照顧。</li>', 1, 1, 20, '2023-09-22', '2023-09-22', 1, 1, 1, 0),
(37, '3d7c4e', '陪伴可愛的貓貓', 500, '2023-11-29', '2023-11-30', '新竹縣', '湖口鄉', '新湖路', '<li>我有一隻名叫米克的貓，需要一位愛貓的人士來陪伴他，每天餵食、玩耍，並在我不在家時照顧他。</li> <li>米克是一隻熱情好動的貓，喜歡追逐紅線和玩耍。</li>', 1, 2, 2, '2023-09-23', '2023-09-23', 1, 1, 1, 0),
(38, '2s8t5k7', '10/30臺南貓咪度假寄宿', 960, '2023-10-30', '2023-10-30', '臺南市', '東區', '東寧路', '<li>我需要一位安親寄宿提供者，讓我的貓咪在度假期間享受悠閒的時光。</li> <li>你需要提供愛和關懷，並確保貓咪在度假期間有足夠的食物、水和娛樂。</li>', 2, 2, 15, '2023-09-25', '2023-09-29', 1, 1, 1, 0),
(39, 'z1r7n8', '貓咪美容體驗', 280, '2023-11-24', '2023-11-24', '高雄市', '鳳山區', '曹公路', '<li>我有一隻名叫小花的貓，需要一位有經驗的美容師，為她提供到府美容體驗。</li> <li>小花是一隻活潑好奇的貓，毛髮需要修剪和美容。</li>', 3, 1, 79, '2023-09-25', '2023-09-25', 1, 1, 1, 0),
(40, 'o2w9x7', '徵求愛貓者陪伴貓貓', 480, '2023-11-06', '2023-11-07', '臺北市', '萬華區', '和平西路', '<li>我有一隻名叫悠悠的貓，需要一位照顧者來陪伴她，並提供輕鬆的休閒時間。</li> <li>悠悠是一隻文靜的貓，特別喜歡靜靜地躺在陪伴者身邊。</li>', 1, 2, 41, '2023-09-26', '2023-09-26', 1, 1, 1, 0),
(41, 'v3j4e6', '請幫我的貓咪制定健康飲食計劃', 680, '2023-11-13', '2023-11-13', '南投縣', '魚池鄉', '魚池街', '<li>我需要一位寵物營養師，為我的貓咪制定健康的飲食計劃。</li> <li>計劃包括建議的食物種類、食量和餵食時間，以確保貓咪保持健康。</li>', 5, 1, 2, '2023-09-27', '2023-09-27', 1, 1, 1, 0),
(42, 'p6t8k9', '11/14鹿港貓咪寄宿', 300, '2023-11-14', '2023-11-14', '彰化縣', '鹿港鎮', '頂草路', '<li>我正在尋找一位寵愛貓咪的寄宿提供者，能夠打開他們的家，讓我的貓咪在一個溫暖的環境中渡過幾天。</li> <li>我的貓咪名叫奇奇，是一隻親人的貓，愛躺在人的懷裡。</li>', 2, 2, 75, '2023-09-27', '2023-09-27', 1, 1, 1, 0),
(43, 'h5g3f2', '請來幫我照顧我的多比', 660, '2023-11-28', '2023-11-29', '臺中市', '外埔區', '大馬路', '<li>我的貓咪叫多比，他很可愛也很乖，可以摸肚子也不會咬人，你可以放心。</li><li>需要找一位照顧者，提供日間安親服務，陪伴他玩耍和餵食。</li> <li>多比是一隻愛玩耍的貓，喜歡追逐紙球和逗貓棒。請陪他玩逗貓棒</li>', 1, 1, 16, '2023-09-28', '2023-09-30', 1, 1, 1, 0),
(44, 'x8y7z6', '10/28幫我餵貓吃飯', 370, '2023-10-28', '2023-10-28', '新竹市', '北區', '西大路', '<li>需要有貓咪經驗的人士，幫忙餵食我的貓咪。</li> <li>食物和碗都已經準備好，只需要確保貓咪吃飽。</li>', 1, 2, 4, '2023-09-28', '2023-09-28', 1, 0, 1, 1),
(45, 'b4n6m8', '讓我的貓咪變漂亮', 310, '2023-10-29', '2023-10-29', '基隆市', '暖暖區', '暖暖街', '<li>我有一隻名叫奶昔的貓咪，需要一位專業的美容師，為她提供到府美容和護理服務。</li> <li>護理包括給貓咪洗澡、修剪毛髮、修剪爪子、檢查耳朵和眼睛，確保奶昔保持健康和美麗。</li>', 3, 1, 63, '2023-09-29', '2023-09-29', 1, 0, 1, 1),
(46, '6q9i7s3', '11/21-11/23貓咪行為訓練', 3000, '2023-11-21', '2023-11-23', '新竹縣', '關西鎮', '光復路', '<li>我需要一位有經驗的貓咪訓練師，幫助我的貓咪克服一些不良行為。</li> <li>訓練目標包括解決抓家具、喜歡尿在床上等問題。</li>', 4, 1, 26, '2023-09-30', '2023-09-30', 1, 0, 1, 1),
(47, 'j8r6w2', '11/11陪伴可愛的拉拉', 230, '2023-11-11', '2023-11-11', '臺南市', '中西區', '新美街', '<li>我有一隻名叫拉拉的橘色虎斑貓，需要一位愛貓的人士來陪伴他、餵食、玩耍。</li> <li>拉拉是一隻活潑好動的貓，喜歡追逐紅點和抓貓抓板，請陪他玩逗貓棒。</li>', 1, 1, 61, '2023-10-01', '2023-10-01', 1, 0, 1, 1),
(48, '5u7o1v9', '11/18貓咪陪伴和按摩', 340, '2023-11-18', '2023-11-18', '高雄市', '小港區', '高松路', '<li>我需要一位照顧者，能夠來我家陪伴我的貓咪，並提供輕柔的按摩。</li> <li>我的貓咪叫做拉拉，是一隻愛撒嬌的貓，特別享受按摩和搔癢。</li>', 1, 1, 32, '2023-10-01', '2023-10-03', 1, 0, 1, 1),
(49, 'e3d2f4', '臺北大安11/26到府貓咪美容服務', 800, '2023-11-26', '2023-11-26', '臺北市', '大安區', '新生南路二段', '<li>我需要一位專業的貓咪美容師，為我的貓提供到府的美容服務。</li> <li>我的貓咪名叫奶茶，是一隻長毛的波斯貓，需要修剪毛髮、洗澡和檢查耳朵眼睛。</li> <li>請確保她的美容過程舒適愉快。</li>', 3, 1, 55, '2023-10-01', '2023-10-01', 1, 0, 1, 1),
(50, 'l4z6x8', '幫我照顧兩隻貓咪', 820, '2023-10-22', '2023-10-22', '新北市', '汐止區', '忠孝東路', '<li>我需要找一位照顧者，來幫我照顧我的兩隻貓咪，分別是橘子和蘋果。</li> <li>你需要餵食、清理貓砂，並陪他們玩耍。</li> <li>橘子和蘋果都是親人的貓，喜歡被寵愛。</li>', 1, 2, 1, '2023-10-02', '2023-10-02', 0, 0, 1, 1),
(51, '9a1b7c5', '幫貓咪洗澡', 500, '2023-11-05', '2023-11-05', '桃園市', '龍潭區', '中興路', '<li>我需要一位有經驗的寵物美容師來幫我的貓咪洗澡。</li> <li>我的貓咪叫巧克力，是一隻中型長毛貓，毛量較多，需要溫和的洗澡和吹乾。</li> <li>請確保使用適合貓咪的洗澡產品，並在整個過程中保持溫和且耐心。</li> <li>如果巧克力在洗澡過程中感到不適，請立即停止並給予適當的休息時間。</li> <li>我希望貓咪在洗澡後能夠感受到舒適和清潔，所以需要您的專業技能和細心呵護。</li>', 3, 1, 60, '2023-10-02', '2023-10-05', 1, 0, 1, 1),
(52, 'n8w6t4', '療癒貓咪陪伴', 830, '2023-11-27', '2023-11-27', '雲林縣', '斗六市', '文化路', '<li>我需要有愛心的人士，來我家陪伴我的貓咪，提供溫暖和關懷。</li> <li>貓咪需要特別的關注和陪伴，讓他感到安心和快樂。</li>', 1, 2, 31, '2023-10-02', '2023-10-02', 1, 0, 1, 1),
(53, 't2k7q3', '11/3到府清貓砂、餵貓、陪貓玩', 480, '2023-11-03', '2023-11-03', '新竹市', '東區', '中華路二段', '<li>【寵物介紹】：品種 波斯貓一隻/ 年齡二歲 </li><li>【照顧需求】：清理貓砂、吸地板、陪貓玩、餵罐頭</li><li>【注意事項】：<p>貓砂是水溶性，需要分批沖入馬桶。</p><p>吸塵器在廁所，需要把貓房的地板吸乾淨。</p><p>罐頭需要加入挖嘎莫逗，讓貓一起吃。</p><p>吃飽後可以拿逗貓棒陪貓玩半小時。</p></li>', 1, 2, 67, '2023-10-03', '2023-10-03', 1, 0, 1, 1),
(54, '8s4g6d5', '11/23貓咪寄宿度假村', 1380, '2023-11-23', '2023-11-23', '臺北市', '大同區', '迪化街一段', '<li>我需要一家可信賴的寄宿度假村，讓我的貓咪度過一個奢華的寄宿假期。</li> <li>度假村需要提供舒適的住宿、美味的食物、貓咪活動和護理，讓貓咪度過難忘的假期。</li>', 2, 2, 44, '2023-10-03', '2023-10-03', 1, 0, 1, 1),
(55, 'y7f3r2', '特殊需求貓咪美容', 640, '2023-10-09', '2023-10-09', '臺北市', '大同區', '迪化街一段', '<li>我需要一位有經驗的貓咪美容師，能夠處理我的特殊需求貓咪的美容。</li> <li>特殊需求包括應對貓咪的焦慮或其他行為問題，確保美容過程平順。</li>', 3, 2, 1, '2023-10-05', '2023-10-05', 0, 0, 1, 1),
(56, 'w2o6m8', '11/20到府照顧寵物貓咪', 250, '2023-11-20', '2023-11-20', '臺南市', '永康區', '文化路', '<li>我需要一位寵物照顧者來到我家，照顧我的貓咪，包括餵食、清理貓砂、陪伴玩耍，並確保他們的健康和幸福。</li> <li>我的貓名叫米奇，他是一隻愛玩耍的貓，喜歡追逐紙球和逗貓棒。</li> <li>請確保提供給米奇足夠的愛和關心，並確保他在您的照顧下感到安心和開心。</li>', 1, 1, 36, '2023-10-06', '2023-10-06', 1, 0, 1, 1),
(57, 'c1v9p5', '貓咪診所接送', 350, '2023-11-04', '2023-11-04', '高雄市', '前金區', '自強二路', '<li>我需要一位可信賴的貓咪診所接送人員，能夠將我的貓咪帶到獸醫診所接受治療。</li> <li>我的貓咪名叫小蓮，她需要定期的醫療檢查和治療，但我無法親自帶她前往診所。</li> <li>請確保小蓮在診所接送過程中安全和舒適，她的健康對我非常重要。</li>', 5, 2, 49, '2023-10-06', '2023-10-06', 1, 0, 1, 1),
(58, 'k9j3x7', '11/2-11/6貓咪社交化訓練', 4500, '2023-11-02', '2023-11-06', '臺北市', '南港區', '南港路一段', '<li>我需要一位寵物行為專家，幫助我的貓咪進行社交化訓練。</li><li>訓練目標包括使貓咪更友善、減少恐懼反應，並改善其與其他寵物和人的相處。</li>', 4, 1, 58, '2023-10-07', '2023-10-07', 1, 0, 1, 1),
(59, 'q8z5n1', '11/8照顧天使貓咪', 550, '2023-11-08', '2023-11-08', '新北市', '新店區', '北新路一段', '<li>我需要一位有愛心的人來照顧我的特別貓咪，他名叫天使。</li> <li>天使需要特別關注和餵食，並確保他的環境保持整潔和安靜。</li> <li>請確保提供給天使愛和關懷，讓他感受到特別的照顧。</li>', 1, 1, 53, '2023-10-07', '2023-10-11', 1, 0, 1, 1),
(60, 'i6e4u8', '幫我餵貓吃飯', 390, '2023-10-13', '2023-10-16', '桃園市', '桃園區', '縣府路', '<li>需要有貓咪經驗的人士，幫忙餵食我的貓咪。</li> <li>食物和碗都已經準備好，只需要確保貓咪吃飽。</li>', 1, 1, 1, '2023-10-07', '2023-10-07', 0, 0, 1, 1),
(61, 'd5r7a9', '妙妙的療癒時間', 580, '2023-11-12', '2023-11-12', '臺北市', '中正區', '重慶南路三段', '<li>我正在尋找一位貓咪療癒師，能夠在我們家提供貓咪療癒時間。</li> <li>我們的貓咪名叫妙妙，她需要溫柔的按摩、撫摸和靈活的互動，以減壓和放鬆。</li> <li>請確保提供給妙妙溫暖和舒適的療癒體驗，她會非常感謝您的關心。</li>', 1, 2, 54, '2023-10-08', '2023-10-08', 1, 0, 1, 1),
(62, '7f1v6x8', '貓咪藝術攝影', 500, '2023-11-17', '2023-11-17', '新竹市', '香山區', '中華路五段', '<li>我需要一位貓咪藝術攝影師，能夠捕捉我的貓咪的美麗瞬間並創作藝術照片。</li> <li>我的貓咪名叫小花，她是一隻優雅的貓，我希望有一些特別的照片來紀念她。</li> <li>請使用您的攝影技巧來捕捉小花的美麗，創造出讓人驚艷的貓咪藝術作品。</li>', 3, 2, 78, '2023-10-09', '2023-10-20', 1, 1, 1, 0),
(63, 's3g2b4', '我要出國，尋求貓咪家庭度假', 1500, '2023-11-19', '2023-11-22', '雲林縣', '斗南鎮', '大同路', '<li>我要出國度假，需要找一位可信賴的安親提供者，為我的貓咪提供家庭度假服務，期間約4天。</li> <li>我的貓叫做小虎，是一隻熱情好動的貓，喜歡追逐紙球和爬高架。</li>', 2, 1, 4, '2023-10-09', '2023-10-09', 1, 1, 1, 0),
(64, '3y7w9t8', '兩隻可愛貓咪到府照顧服務', 400, '2023-11-07', '2023-11-07', '臺北市', '松山區', '八德路四段', '<li>我需要一位貓咪照顧者到我家，照顧我的貓咪，包括餵食、清理貓砂、陪伴玩耍，並確保它們的快樂和舒適。</li> <li>我的貓咪名叫奶茶和麻花，它們都非常親人，喜歡被撫摸和玩弄貓玩具。</li> <li>請確保提供給它們足夠的食物、水、玩耍時間，並確保它們的環境保持整潔。</li>', 1, 2, 12, '2023-10-11', '2023-10-11', 1, 1, 1, 0),
(65, 'r2k4q6', '彰化11/9貓咪創意玩耍時間', 520, '2023-11-09', '2023-11-09', '彰化縣', '伸港鄉', '中正路', '<li>我正在尋找一位有創意的貓咪陪伴者，能夠為我的貓咪創造有趣的遊戲和玩耍時間。</li> <li>我的貓咪名叫寶貝，她喜歡挑戰和追逐玩具，需要精彩的遊戲和玩耍。</li> <li>請準備一些創意的遊戲，讓寶貝度過有趣的時光，她會愛上您的遊戲。</li>', 1, 1, 57, '2023-10-11', '2023-10-12', 1, 1, 1, 0),
(66, 'o8n5z1', '貓咪寄宿，尋找愛貓的家庭', 370, '2023-11-16', '2023-11-19', '臺北市', '大同區', '迪化街一段', '<li>我要前往另一城市，需要找一位貓咪愛好者的寄宿家庭，讓我的貓咪在他們的家中度過幾天。</li> <li>我的貓咪名叫橘橘，是一隻好奇的貓，喜歡獵捕小昆蟲。</li>', 2, 1, 47, '2023-10-12', '2023-10-12', 1, 1, 1, 0),
(67, 'v6j9u7', '我需要到府貓咪美容！', 740, '2023-11-01', '2023-11-01', '臺北市', '大同區', '迪化街一段', '<li>我需要一位寵物美容師來到我家，照顧我的貓咪，包括洗澡、修剪毛髮、修剪爪子、檢查耳朵和眼睛。</li> <li>我的貓咪名叫奶茶，他需要專業的美容護理，以確保他的外表和健康都保持最佳狀態。</li> <li>請使用溫和的洗澡產品，並確保在整個美容過程中讓奶茶感到舒適和安心。</li>', 3, 2, 27, '2023-10-12', '2023-10-12', 1, 1, 1, 0),
(68, 'u4x2h8', '11/25美容寵愛我的布偶貓', 1000, '2023-11-25', '2023-11-25', '新北市', '板橋區', '縣民大道二段', '<li>我的布偶貓叫娃娃，需要一位有經驗的美容師，為他提供到府美容服務。</li> <li>娃娃有長長的絨毛，需要特別的護理和修剪。</li>', 3, 2, 30, '2023-10-12', '2023-10-18', 1, 1, 1, 0),
(69, 'p5t3w7', '行為訓練專家到府指導', 2280, '2023-11-10', '2023-11-13', '新北市', '板橋區', '縣民大道二段', '<li>我正在尋找一位行為訓練專家，能夠到我家來指導我的貓咪如何改善他的行為問題，如壓迫性的攻擊和噴尿。</li> <li>我的貓咪名叫奇奇，他需要專業的行為訓練，以幫助他變得更穩定和友善。</li> <li>請使用科學證實的訓練方法，並給予奇奇足夠的關愛和支持。</li>', 4, 2, 48, '2023-10-13', '2023-10-13', 1, 1, 1, 0),
(70, 'n1l9c6', '溫馨寵物寄宿', 450, '2023-11-30', '2023-11-30', '新北市', '板橋區', '縣民大道二段', '<li>我需要一位負責任的寵物寄宿家庭，能夠提供我的貓咪愉快的寄宿體驗。</li> <li>我的貓咪名叫米奇，他需要每日定時餵食、清理貓砂，並提供溫暖的床鋪和陪伴。</li> <li>請確保米奇在您的家中感到溫馨和被愛，他會成為您的寵物寄宿的忠實客人。</li>', 2, 2, 43, '2023-10-13', '2023-10-13', 1, 1, 0, 1),
(71, 'b8d7g5', '貓咪品味試食家', 360, '2023-12-01', '2023-12-01', '新北市', '板橋區', '縣民大道二段', '<li>我需要一位對貓咪食品有高品味的專家，能夠幫我測試不同品牌的貓咪食物。</li> <li>我的貓咪名叫布丁，他需要品嚐各種不同口味的貓咪食物，並評估它們的口感和味道。</li> <li>請記錄您的食物評估和布丁的反應，以幫助我找到最適合他的食品。</li>', 1, 1, 8, '2023-10-14', '2023-10-14', 1, 1, 0, 1),
(72, 'm2f6r4', '貓咪訓練和愛心照顧', 600, '2023-10-31', '2023-10-31', '新北市', '板橋區', '縣民大道二段', '<li>我正在尋找一位貓咪訓練師，能夠為我的貓咪提供行為訓練和愛心照顧。</li> <li>我的貓咪名叫小虎，他需要一些基本的行為訓練，以幫助他更守規矩。</li> <li>請使用正向訓練方法，並提供給小虎您的關心和照顧，他會感謝您的支持。</li>', 4, 1, 62, '2023-10-15', '2023-10-15', 1, 1, 0, 1),
(73, 'a9i5o7', '貓咪到府行為訓練', 700, '2023-10-17', '2023-10-18', '臺北市', '中正區', '重慶南路三段', '<li>我需要一位寵物行為訓練師到我家，幫助我的貓咪克服壓力和焦慮問題。</li> <li>我的貓咪名叫小白，他在陌生環境下容易感到不安，需要一些行為訓練來幫助他適應。</li> <li>請使用正向訓練方法，並與小白建立信任和聯繫，以改善他的行為問題。</li>', 4, 1, 1, '2023-10-15', '2023-10-19', 0, 1, 0, 1),
(74, 'z1e8s4', '11/29貓咪診所接送', 800, '2023-11-29', '2023-11-29', '苗栗縣', '竹南鎮', '中正路', '<li>我需要一位可信賴的貓咪診所接送人員，能夠將我的貓咪帶到獸醫診所接受治療。</li> <li>我的貓咪名叫小蓮，她需要定期的醫療檢查和治療，但我無法親自帶她前往診所。</li> <li>請確保小蓮在診所接送過程中安全和舒適，她的健康對我非常重要。</li>', 5, 1, 40, '2023-10-15', '2023-10-15', 1, 1, 0, 1),
(75, 'h7t8w3', '10/30到府幫我的貓咪健康檢查', 3000, '2023-10-30', '2023-10-30', '臺北市', '中正區', '重慶南路三段', '<li>我需要一位寵物醫生，到府幫忙進行定期的貓咪健康檢查，因為我的貓咪比較怕生，不敢出門。</li> <li>檢查項目包括疫苗接種、身體狀況評估、建議的照顧和營養。</li>', 5, 2, 34, '2023-10-15', '2023-10-15', 1, 1, 0, 1),
(76, '6k9y2v4', '11/24士林貓咪寄宿', 300, '2023-11-24', '2023-11-24', '臺北市', '士林區', '中正路', '<li>我正在尋找一位寵愛貓咪的寄宿提供者，能夠打開他們的家，讓我的貓咪在一個溫暖的環境中渡過幾天。</li> <li>我的貓咪名叫米奇，是一隻親人的貓，愛躺在人的懷裡。</li>', 2, 1, 10, '2023-10-16', '2023-10-19', 1, 1, 0, 1),
(77, 'l8q4p5', '貓咪到府玩耍和寵愛', 480, '2023-11-06', '2023-11-07', '新北市', '鶯歌區', '仁愛路', '<li>我正在尋找一位貓咪愛好者，能夠到我家陪伴我的貓咪一段時間，並提供寵愛和玩耍。</li> <li>我的貓咪名叫嘟嘟，他是一隻非常活潑的貓，喜歡玩逗貓棒和追逐紙球。</li> <li>請確保給予嘟嘟足夠的玩耍時間和關愛，讓他度過一個快樂的時光。</li>', 1, 2, 2, '2023-10-16', '2023-10-16', 1, 1, 0, 1),
(78, '5s3u7x1', '貓咪心靈按摩療癒', 670, '2023-11-13', '2023-11-13', '臺北市', '中正區', '重慶南路三段', '<li>我正在尋找一位寵物療癒師，能夠提供我的貓咪心靈按摩療癒服務。</li> <li>我的貓咪名叫寶寶，她需要柔和的按摩、冥想和能量療法，以幫助她放鬆和平靜。</li> <li>請確保寶寶在您的療癒下獲得心靈的寧靜，她將對這種療癒體驗感到愉快。</li>', 1, 1, 74, '2023-10-17', '2023-10-17', 1, 1, 0, 1),
(79, '4r2n8c6', '10/28貓咪藝術攝影', 780, '2023-10-28', '2023-10-28', '臺北市', '中正區', '重慶南路三段', '<li>我需要一位貓咪藝術攝影師，能夠捕捉我的貓咪的美麗瞬間並創作藝術照片。</li> <li>我的貓咪名叫小花，她是一隻優雅的貓，我希望有一些特別的照片來紀念她。</li> <li>請使用您的攝影技巧來捕捉小花的美麗，創造出讓人驚艷的貓咪藝術作品。</li>', 3, 2, 28, '2023-10-17', '2023-10-21', 1, 1, 0, 1),
(80, 'g8z7j3', '小糖行為訓練挑戰', 1450, '2023-11-06', '2023-11-08', '臺北市', '中正區', '牯嶺街', '<li>我需要一位有經驗的貓咪行為訓練師，來幫助我的貓咪克服壓力和行為問題。</li> <li>我的貓咪叫做小糖，她需要一些訓練，以幫助她適應新環境和改進她的行為。</li> <li>請使用正向訓練方法，與小糖建立信任，並協助她成為更守規矩的貓咪。</li>', 4, 1, 39, '2023-10-17', '2023-10-17', 1, 0, 1, 1),
(81, 't4d5b6', '咪咪需要陪伴和按摩', 470, '2023-11-05', '2023-11-06', '宜蘭縣', '三星鄉', '集義路', '<li>我需要一位照顧者，能夠來我家陪伴我的貓咪，並提供輕柔的按摩。</li> <li>我的貓咪叫做咪咪，是一隻愛撒嬌的貓，特別享受按摩和搔癢。</li>', 1, 1, 80, '2023-10-17', '2023-10-17', 1, 0, 1, 1),
(82, 'x9w7q3', '貓咪創意玩耍時間', 480, '2023-10-29', '2023-10-29', '臺北市', '大同區', '迪化街一段', '<li>我正在尋找一位有創意的貓咪陪伴者，能夠為我的貓咪創造有趣的遊戲和玩耍時間。</li> <li>我的貓咪名叫寶貝，她喜歡挑戰和追逐玩具，需要精彩的遊戲和玩耍。</li> <li>請準備一些創意的遊戲，讓寶貝度過有趣的時光，她會愛上您的遊戲。</li>', 1, 1, 14, '2023-10-18', '2023-10-18', 1, 0, 1, 1),
(83, 'f3v6o8', '10/28-11/2到府寵物行為訓練', 6000, '2023-10-28', '2023-11-02', '臺北市', '大同區', '迪化街一段', '<li>我需要一位有經驗的寵物專業人士，能夠提供到府的照顧和行為訓練給我的貓貓。</li> <li>我的貓貓叫布丁，他需要基本的服從訓練，如跟隨指令、不亂咬東西等。</li> <li>請確保訓練過程中使用正向訓練方法，給予布丁足夠的激勵和獎勵。</li> <li>同時，請照顧他的基本需求，如餵食、散步和玩耍。</li>', 4, 2, 56, '2023-10-18', '2023-10-18', 1, 0, 1, 1),
(84, 'c2i5m7', '照顧天使貓咪', 370, '2023-11-30', '2023-11-30', '臺北市', '大同區', '迪化街一段', '<li>我需要一位有愛心的人來照顧我的特別貓咪，他名叫天使。</li> <li>天使需要特別關注和餵食，並確保他的環境保持整潔和安靜。</li> <li>請確保提供給天使愛和關懷，讓他感受到特別的照顧。</li>', 1, 2, 52, '2023-10-19', '2023-10-19', 1, 0, 1, 1),
(85, '9a6n8s4', '10/31肥貓健康巡迴檢查', 2500, '2023-10-31', '2023-10-31', '臺北市', '北投區', '石牌路一段', '<li>我需要一位專業的貓咪獸醫，來我家為我的貓咪做定期健康巡迴檢查。</li> <li>我的貓咪名字是肥貓，他需要全面的健康檢查，包括體重、牙齒、耳朵和血壓。</li> <li>請確保肥貓在檢查過程中感到舒適和安心，以確保他的健康狀況良好。</li>', 5, 1, 68, '2023-10-20', '2023-10-21', 1, 0, 1, 1),
(86, 'p3y7r2', '貓咪療癒時間', 610, '2023-11-27', '2023-11-27', '新北市', '新莊區', '中正路', '<li>我正在尋找一位貓咪療癒師，能夠在我們家提供貓咪療癒時間。</li> <li>我們的貓咪名叫妙妙，她需要溫柔的按摩、撫摸和靈活的互動，以減壓和放鬆。</li> <li>請確保提供給妙妙溫暖和舒適的療癒體驗，她會非常感謝您的關心。</li>', 1, 1, 51, '2023-10-20', '2023-10-20', 1, 0, 1, 1),
(87, 'b5h6g8', '幫我照顧三花貓寶貝 位於臺中', 840, '2023-11-29', '2023-11-29', '臺中市', '大雅區', '中清東路', '<li>我需要有愛心的人來照顧我的可愛橘貓，他名叫奶茶。</li> <li>奶茶需要每日餵食、清理貓砂，並給予他足夠的關懷和陪伴。</li> <li>請確保奶茶在您的照顧下快樂舒適，您也可以享受與他互動的時光。</li>', 1, 2, 72, '2023-10-21', '2023-10-21', 1, 0, 1, 1),
(88, 'e4x8w3', '10/30-11/3寄宿家庭寵物安親', 1020, '2023-10-30', '2023-11-03', '臺中市', '西屯區', '中清路二段', '<li>我正在尋找一個可信任的寄宿家庭，能夠照顧我的貓咪一段時間。</li> <li>我的貓咪名叫奶茶，他是一隻中型的虎斑貓，需要每日餵食、清理貓砂和陪伴。</li> <li>請確保提供給奶茶足夠的愛和關心，並確保他在您的家中感到安全和舒適。</li>', 2, 2, 23, '2023-10-21', '2023-10-21', 1, 0, 1, 1),
(89, 's7l9t1', '兩隻姐妹貓咪需要安親寄宿', 510, '2023-11-02', '2023-11-02', '新北市', '樹林區', '鎮前街', '<li>我正在尋找一位可信任的寵物安親家庭，能夠寄宿我的兩隻可愛貓咪，並提供關愛和照顧。</li> <li>我的貓咪們分別叫做小花和大毛，它們都非常親人，喜歡撒嬌和玩耍。</li> <li>請確保提供給它們足夠的食物、清潔的貓砂、並陪伴它們玩耍，讓它們在您家中度過快樂的時光。</li>', 2, 2, 77, '2023-10-21', '2023-10-22', 1, 0, 1, 1),
(90, 'w2q3o6', '11/5貓咪鏟屎官，到府時間09:00-21:00', 600, '2023-11-05', '2023-11-05', '南投縣', '集集鎮', '民生路', '<li>【寵物介紹】：一隻4歲的波斯貓</li><li>【照顧需求】：鏟屎（4個盆），餵食食物*3，換水*3，巡視家裡是否有貓咪嘔吐物，有的話，濕紙巾清理，貓房、客廳貓毛掃地，貓咪產生垃圾丟棄，碗旁邊掉飼料清理，工作結束後，拍照上傳，家裡有監視器，確認完成工作後，匯款</li><li>【注意事項】：必須是愛貓人士，希望住前鎮</li>', 1, 1, 3, '2023-10-21', '2023-10-22', 1, 0, 1, 1),
(91, 'j4n8u6', '特殊需求貓咪美容，預計二小時', 670, '2023-10-29', '2023-10-29', '南投縣', '信義鄉', '玉山路', '<li>我需要一位有經驗的貓咪美容師，能夠處理我的特殊需求貓咪的美容。</li> <li>特殊需求包括應對貓咪的焦慮或其他行為問題，確保美容過程平順。</li>', 3, 1, 16, '2023-10-22', '2023-10-23', 1, 0, 1, 1),
(92, 'u5z1r7', '臺南11/6-11/8找人幫忙代餵貓咪', 750, '2023-11-06', '2023-11-08', '臺南市', '佳里區', '忠孝路', '<li>幫我照顧兩隻貓咪</li><li><p>你需要：</p><p>打掃貓咪弄髒的地方（貓咪有嘔吐的話要幫我撿）</p><p>清理貓砂</p><p>清洗貓咪的飲水機</p><p>需幫我餵罐頭</p><p>確認網路是否正常（如果斷線要幫我重新插插頭）</p></li><li>一次約20分鐘內可以完成</li><li>家中有監視器不介意再應徵</li><li>希望你家中也有寵物，絕對不能使用任何帶有強迫或暴力的動作對貓咪，喜歡貓咪佳</li>', 1, 2, 2, '2023-10-23', '2023-10-23', 1, 0, 1, 1),
(93, 'v7p3f2', '11/2徵美容師！讓我的貓咪變漂亮', 480, '2023-11-02', '2023-11-02', '高雄市', '左營區', '自由四路', '<li>我有一隻名叫牛奶的貓咪，需要一位專業的美容師，為她提供到府美容和護理服務。</li> <li>護理包括給貓咪洗澡、修剪毛髮、修剪爪子、檢查耳朵和眼睛，確保牛奶保持健康和美麗。</li>', 3, 1, 50, '2023-10-23', '2023-10-23', 1, 0, 1, 1),
(94, 't8k4s6', '嗨起來！貓咪創意玩耍時間', 450, '2023-11-15', '2023-11-15', '臺北市', '內湖區', '瑞光路', '<li>我正在尋找一位有創意的貓咪陪伴者，能夠為我的貓咪創造有趣的遊戲和玩耍時間。</li> <li>我的貓咪名叫寶貝，她喜歡挑戰和追逐玩具，需要精彩的遊戲和玩耍。</li> <li>請準備一些創意的遊戲，讓寶貝度過有趣的時光，她會愛上您的遊戲。</li>', 1, 2, 1, '2023-10-23', '2023-10-23', 1, 0, 1, 1),
(95, 'o6a9i7', '請幫貓咪制定健康飲食計劃', 790, '2023-11-10', '2023-11-10', '臺中市', '后里區', '甲后路一段', '<li>我需要一位寵物營養師，為我的貓咪制定健康的飲食計劃。</li> <li>計劃包括建議的食物種類、食量和餵食時間，以確保貓咪保持健康。</li>', 5, 1, 12, '2023-10-24', '2023-10-24', 1, 0, 1, 1),
(96, 'i5x3g2', '12/3嘉義新港協助貓咪藝術攝影', 960, '2023-12-03', '2023-12-03', '嘉義縣', '新港鄉', '中山路', '<li>我需要一位貓咪藝術攝影師，能夠捕捉我的貓咪的美麗瞬間並創作藝術照片。</li> <li>我的貓咪名叫小花，她是一隻優雅的貓，我希望有一些特別的照片來紀念她。</li> <li>請使用您的攝影技巧來捕捉小花的美麗，創造出讓人驚艷的貓咪藝術作品。</li>', 3, 1, 24, '2023-10-24', '2023-10-25', 1, 0, 1, 1),
(97, 'c7w9e8', '11/18陪伴又乖又可愛的芋圓', 370, '2023-11-18', '2023-11-18', '宜蘭縣', '礁溪鄉', '礁溪路四段', '<li>我有一隻名叫芋圓的橘色虎斑貓，需要一位愛貓的人士來陪伴他、餵食、玩耍。</li> <li>芋圓是一隻活潑好動的貓，喜歡追逐紅點和抓貓抓板，請陪他玩逗貓棒。</li>', 1, 1, 45, '2023-10-24', '2023-10-25', 1, 0, 1, 1),
(98, 'r4m8d6', '10/28-10/29幫忙顧我的胖白貓', 680, '2023-10-28', '2023-10-29', '雲林縣', '古坑鄉', '中山路', '<li>我的貓叫做胖白，需要一位照顧者前來餵食、陪伴和清理貓砂。</li> <li>胖白是一隻文靜的貓，特別喜歡午後的陽光。</li>', 1, 2, 3, '2023-10-24', '2023-10-25', 1, 0, 1, 1),
(99, '1h2v5n3', '幫怕水的小虎洗澡！大概一至二小時', 560, '2023-11-06', '2023-11-06', '臺中市', '南區', '國光路', '<li>我需要一位有經驗的寵物美容師來幫我的貓咪洗澡。</li> <li>我的貓咪叫小虎，是一隻中型長毛貓，毛量較多，需要溫和的洗澡和吹乾。</li> <li>請確保使用適合貓咪的洗澡產品，並在整個過程中保持溫和且耐心。</li> <li>如果巧克力在洗澡過程中感到不適，請立即停止並給予適當的休息時間。</li> <li>我希望貓咪在洗澡後能夠感受到舒適和清潔，所以需要您的專業技能和細心呵護。</li>', 3, 2, 64, '2023-10-25', '2023-10-25', 1, 0, 1, 1),
(100, 'y6b7k9', '11/13-11/15到府照顧貓咪多比', 1090, '2023-11-13', '2023-11-15', '臺北市', '信義區', '忠孝東路五段', '<li>幫我照顧貓咪多比</li><li><p>你需要：</p><p>打掃貓咪弄髒的地方（貓咪有嘔吐的話要幫我撿）</p><p>清理貓砂</p><p>清洗貓咪的飲水機</p><p>需幫我餵罐頭</p><p>確認網路是否正常（如果斷線要幫我重新插插頭）</p></li><li>一次約20分鐘內可以完成</li><li>家中有監視器不介意再應徵</li><li>希望你家中也有寵物，絕對不能使用任何帶有強迫或暴力的動作對貓咪，喜歡貓咪佳</li>', 1, 2, 2, '2023-10-25', '2023-10-25', 1, 0, 1, 1);

-- --------------------------------------------------------

--
-- 資料表結構 `mission_fav`
--

CREATE TABLE `mission_fav` (
  `mission_fav_id` int(30) NOT NULL,
  `mission_id` int(30) NOT NULL,
  `user_id` int(30) NOT NULL
) ENGINE=InnoDB DEFAULT CHARSET=utf8mb4 COLLATE=utf8mb4_unicode_ci;

--
-- 傾印資料表的資料 `mission_fav`
--

INSERT INTO `mission_fav` (`mission_fav_id`, `mission_id`, `user_id`) VALUES
(1, 76, 60),
(2, 11, 42),
(3, 47, 24),
(4, 81, 71),
(5, 62, 35),
(6, 20, 53),
(7, 99, 17),
(8, 72, 1),
(9, 39, 68),
(10, 14, 49),
(11, 68, 78),
(12, 54, 3),
(13, 27, 67),
(14, 60, 33),
(15, 23, 20),
(16, 41, 5),
(17, 83, 1),
(18, 30, 58),
(19, 5, 55),
(20, 37, 16),
(21, 64, 73),
(22, 19, 11),
(23, 58, 75),
(24, 2, 6),
(25, 93, 27),
(26, 50, 1),
(27, 75, 1),
(28, 87, 77),
(29, 35, 2),
(30, 98, 39),
(31, 67, 22),
(32, 10, 51),
(33, 6, 64),
(34, 79, 12),
(35, 84, 2),
(36, 25, 47),
(37, 18, 30),
(38, 70, 54),
(39, 96, 70),
(40, 88, 1),
(41, 17, 37),
(42, 29, 2),
(43, 46, 32),
(44, 16, 29),
(45, 28, 50),
(46, 38, 61),
(47, 44, 44),
(48, 3, 66),
(49, 91, 1),
(50, 97, 4),
(51, 15, 79),
(52, 80, 26),
(53, 78, 21),
(54, 49, 72),
(55, 71, 69),
(56, 31, 1),
(57, 12, 9),
(58, 24, 56),
(59, 63, 63),
(60, 73, 76),
(61, 85, 23),
(62, 66, 65),
(63, 74, 38),
(64, 9, 8),
(65, 32, 2),
(66, 1, 15),
(67, 86, 18),
(68, 33, 40),
(69, 65, 28),
(70, 59, 45),
(71, 77, 7),
(72, 92, 2),
(73, 94, 31),
(74, 42, 34),
(75, 7, 59),
(76, 53, 52),
(77, 90, 10),
(78, 8, 43),
(79, 89, 62),
(81, 100, 48),
(82, 45, 57),
(83, 34, 14),
(84, 22, 74),
(85, 82, 46),
(86, 69, 2),
(87, 48, 2),
(88, 36, 25),
(89, 61, 19),
(90, 26, 41),
(91, 95, 80),
(92, 21, 3),
(93, 55, 1),
(94, 40, 36),
(95, 51, 13),
(96, 43, 3),
(97, 52, 5),
(98, 57, 12),
(99, 58, 16),
(100, 22, 4),
(101, 8, 64),
(102, 29, 20),
(103, 76, 15),
(104, 33, 75),
(105, 16, 29),
(106, 23, 71),
(107, 12, 38),
(108, 37, 67),
(109, 12, 19),
(110, 28, 33),
(111, 17, 26),
(112, 14, 44),
(113, 9, 52),
(114, 90, 30),
(115, 17, 74),
(116, 21, 65),
(117, 39, 48),
(118, 50, 54),
(119, 38, 11),
(120, 77, 43),
(121, 94, 1),
(122, 94, 2);

-- --------------------------------------------------------

--
-- 資料表結構 `mission_helper_info`
--

CREATE TABLE `mission_helper_info` (
  `user_id` int(50) NOT NULL,
  `name` varchar(11) NOT NULL,
  `Introduction` varchar(255) NOT NULL,
  `email` varchar(50) NOT NULL,
  `phone` varchar(20) NOT NULL,
  `job_description` mediumtext NOT NULL,
  `service_county` varchar(11) NOT NULL,
  `feed_service` tinyint(1) NOT NULL DEFAULT 0,
  `house_service` tinyint(1) NOT NULL DEFAULT 0,
  `beauty_service` tinyint(1) NOT NULL DEFAULT 0,
  `feed_price` int(10) NOT NULL,
  `house_price` int(10) NOT NULL,
  `beauty_price` int(10) NOT NULL
) ENGINE=InnoDB DEFAULT CHARSET=utf8mb4 COLLATE=utf8mb4_general_ci;

--
-- 傾印資料表的資料 `mission_helper_info`
--

INSERT INTO `mission_helper_info` (`user_id`, `name`, `Introduction`, `email`, `phone`, `job_description`, `service_county`, `feed_service`, `house_service`, `beauty_service`, `feed_price`, `house_price`, `beauty_price`) VALUES
(1, '朴蘿菠', '10多年的養貓經驗，很喜歡小動物們，從小時候開始就養過貓咪、孔雀魚、烏龜、白文鳥，喜歡陪伴、照顧他們，一起玩耍，看著他們健康成長。\n毛孩都有他自己的個性，也需要被尊重，好好對待。\n毛小孩的單純，摸摸他們就能感受到美好，是一種難以言喻的愛～有他們的陪伴很幸福❤️', 'user1@example.com', '0952487632', '<div class=\"d-flex flex-column gap-2\">\n                  <p class=\"size-7\">&#128205; 住宿部分預約須知：</p>\n                  <p>1.需有按時吃驅蟲藥以及心絲蟲</p>\n                  <p>2.需自備碗、飼料（鮮食）、牽繩、自家小被被（可有可無）</p>\n                  <p>\n                    3.需誠實告知狗狗習性，如：護食、不喜歡公狗、比較敏感、有嚴重區域，不喜歡被摸屁屁、耳朵等等\n                  </p>\n                  <p>4.信任彼此 ⚠️毛孩如有任何過敏體質或是食物請告知</p>\n\n                  <p class=\"size-7 mt-2\">&#128205; 家中環境介紹：</p>\n                  <p>\n                    家裡有廣大的空地（有安排防護）以及24小時過濾水提供（不是自來水或地下水）陽光充足\n                  </p>\n                  <p>\n                    住宿不關籠（如有關籠需求提前告知）、睡覺睡室內玩耍再室外，環境不是最乾淨但絕對不無聊，安排多項供貓咪玩耍的玩具及高空環境\n                  </p>\n                  <p>\n                    老寶貝也可來住宿，有獨立空間感不受打擾，清幽住宿，安心養老。\n                  </p>\n                  <p>✅全職的保姆，寶貝24小時陪伴照顧</p>\n                  <p>✅有照顧奶貓7年以上經驗</p>\n                  <p>✅曾在中途之家擔任志工多年</p>\n                  <p class=\"size-7 mt-3\">&#128205; 到府照顧服務說明：</p>\n                  <p>🕍毛孩活動環境整潔（大小便狀況皆會說明）</p>\n                  <p>\n                    🍖餵食、換水補水（寶貝的罐罐需要秤重可以提前告知我喔～）\n                  </p>\n                  <p>💡毛孩狀況照實回報，主人安心出門</p>\n                  <p>🤹🏼‍♀️陪伴娛樂玩耍🎢</p>\n                  <p>📸隨時側拍毛孩給家長看，讓家長身歷其中🥰</p>\n                  <p>✅✅進門前皆會消毒雙手並且告訴家長已抵達家中服務</p>\n                  <p>\n                    ⭐️⭐️第一次預約可找時間安排一個免費家訪，與毛孩彼此互相了解、熟悉。也讓家長更認識我，在出遊期間能更安心❤️❤️如果服務日期接近，家訪時間碰不上，會詳細詢問毛孩狀況以及在家中習慣…等等🐶🐱\n                  </p>\n                </div>', '台北市', 0, 0, 1, 300, 900, 400),
(2, '康孔郎', '⚠️已接種完成3劑疫苗及定期篩檢，請家長放心⚠️\n🐱🐶有3年個人中途經驗\n🐶從小就非常喜歡小動物對他們也很有耐心的\n家中養的布偶貓是朋友因為家庭因素沒辦法飼養，加上我第一次遇見她就覺得特別有眼緣，所以直接帶回家照顧😍', 'user2@example.com', '0952487633', '<div class=\"d-flex flex-column gap-2\">\n                  <p class=\"size-7\">&#128205; 住宿部分預約須知：</p>\n                  <p>1.需有按時吃驅蟲藥以及心絲蟲</p>\n                  <p>2.需自備碗、飼料（鮮食）、牽繩、自家小被被（可有可無）</p>\n                  <p>\n                    3.需誠實告知狗狗習性，如：護食、不喜歡公狗、比較敏感、有嚴重區域，不喜歡被摸屁屁、耳朵等等\n                  </p>\n                  <p>4.信任彼此 ⚠️毛孩如有任何過敏體質或是食物請告知</p>\n\n                  <p class=\"size-7 mt-2\">&#128205; 家中環境介紹：</p>\n                  <p>\n                    家裡有廣大的空地（有安排防護）以及24小時過濾水提供（不是自來水或地下水）陽光充足\n                  </p>\n                  <p>\n                    住宿不關籠（如有關籠需求提前告知）、睡覺睡室內玩耍再室外，環境不是最乾淨但絕對不無聊，安排多項供貓咪玩耍的玩具及高空環境\n                  </p>\n                  <p>\n                    老寶貝也可來住宿，有獨立空間感不受打擾，清幽住宿，安心養老。\n                  </p>\n                  <p>✅全職的保姆，寶貝24小時陪伴照顧</p>\n                  <p>✅有照顧奶貓7年以上經驗</p>\n                  <p>✅曾在中途之家擔任志工多年</p>\n                  <p class=\"size-7 mt-3\">&#128205; 到府照顧服務說明：</p>\n                  <p>🕍毛孩活動環境整潔（大小便狀況皆會說明）</p>\n                  <p>\n                    🍖餵食、換水補水（寶貝的罐罐需要秤重可以提前告知我喔～）\n                  </p>\n                  <p>💡毛孩狀況照實回報，主人安心出門</p>\n                  <p>🤹🏼‍♀️陪伴娛樂玩耍🎢</p>\n                  <p>📸隨時側拍毛孩給家長看，讓家長身歷其中🥰</p>\n                  <p>✅✅進門前皆會消毒雙手並且告訴家長已抵達家中服務</p>\n                  <p>\n                    ⭐️⭐️第一次預約可找時間安排一個免費家訪，與毛孩彼此互相了解、熟悉。也讓家長更認識我，在出遊期間能更安心❤️❤️如果服務日期接近，家訪時間碰不上，會詳細詢問毛孩狀況以及在家中習慣…等等🐶🐱\n                  </p>\n                </div>', '新北市', 0, 1, 0, 300, 700, 400),
(3, '博偉大幫手', '⚠️已接種完成3劑疫苗及定期篩檢，請家長放心⚠️\n🐱🐶有3年個人中途經驗\n🐶從小就非常喜歡小動物對他們也很有耐心的\n家中養的布偶貓是朋友因為家庭因素沒辦法飼養，加上我第一次遇見她就覺得特別有眼緣，所以直接帶回家照顧😍', 'user3@example.com', '0952487634', '<div class=\"d-flex flex-column gap-2\">\n                  <p class=\"size-7\">&#128205; 住宿部分預約須知：</p>\n                  <p>1.需有按時吃驅蟲藥以及心絲蟲</p>\n                  <p>2.需自備碗、飼料（鮮食）、牽繩、自家小被被（可有可無）</p>\n                  <p>\n                    3.需誠實告知狗狗習性，如：護食、不喜歡公狗、比較敏感、有嚴重區域，不喜歡被摸屁屁、耳朵等等\n                  </p>\n                  <p>4.信任彼此 ⚠️毛孩如有任何過敏體質或是食物請告知</p>\n\n                  <p class=\"size-7 mt-2\">&#128205; 家中環境介紹：</p>\n                  <p>\n                    家裡有廣大的空地（有安排防護）以及24小時過濾水提供（不是自來水或地下水）陽光充足\n                  </p>\n                  <p>\n                    住宿不關籠（如有關籠需求提前告知）、睡覺睡室內玩耍再室外，環境不是最乾淨但絕對不無聊，安排多項供貓咪玩耍的玩具及高空環境\n                  </p>\n                  <p>\n                    老寶貝也可來住宿，有獨立空間感不受打擾，清幽住宿，安心養老。\n                  </p>\n                  <p>✅全職的保姆，寶貝24小時陪伴照顧</p>\n                  <p>✅有照顧奶貓7年以上經驗</p>\n                  <p>✅曾在中途之家擔任志工多年</p>\n                  <p class=\"size-7 mt-3\">&#128205; 到府照顧服務說明：</p>\n                  <p>🕍毛孩活動環境整潔（大小便狀況皆會說明）</p>\n                  <p>\n                    🍖餵食、換水補水（寶貝的罐罐需要秤重可以提前告知我喔～）\n                  </p>\n                  <p>💡毛孩狀況照實回報，主人安心出門</p>\n                  <p>🤹🏼‍♀️陪伴娛樂玩耍🎢</p>\n                  <p>📸隨時側拍毛孩給家長看，讓家長身歷其中🥰</p>\n                  <p>✅✅進門前皆會消毒雙手並且告訴家長已抵達家中服務</p>\n                  <p>\n                    ⭐️⭐️第一次預約可找時間安排一個免費家訪，與毛孩彼此互相了解、熟悉。也讓家長更認識我，在出遊期間能更安心❤️❤️如果服務日期接近，家訪時間碰不上，會詳細詢問毛孩狀況以及在家中習慣…等等🐶🐱\n                  </p>\n                </div>', '高雄市', 1, 0, 0, 300, 500, 400),
(4, '甜甜圈', '⚠️已接種完成3劑疫苗及定期篩檢，請家長放心⚠️\n🐱🐶有3年個人中途經驗\n🐶從小就非常喜歡小動物對他們也很有耐心的\n家中養的布偶貓是朋友因為家庭因素沒辦法飼養，加上我第一次遇見她就覺得特別有眼緣，所以直接帶回家照顧😍', 'user4@example.com', '0952487635', '<div class=\"d-flex flex-column gap-2\">\n                  <p class=\"size-7\">&#128205; 住宿部分預約須知：</p>\n                  <p>1.需有按時吃驅蟲藥以及心絲蟲</p>\n                  <p>2.需自備碗、飼料（鮮食）、牽繩、自家小被被（可有可無）</p>\n                  <p>\n                    3.需誠實告知狗狗習性，如：護食、不喜歡公狗、比較敏感、有嚴重區域，不喜歡被摸屁屁、耳朵等等\n                  </p>\n                  <p>4.信任彼此 ⚠️毛孩如有任何過敏體質或是食物請告知</p>\n\n                  <p class=\"size-7 mt-2\">&#128205; 家中環境介紹：</p>\n                  <p>\n                    家裡有廣大的空地（有安排防護）以及24小時過濾水提供（不是自來水或地下水）陽光充足\n                  </p>\n                  <p>\n                    住宿不關籠（如有關籠需求提前告知）、睡覺睡室內玩耍再室外，環境不是最乾淨但絕對不無聊，安排多項供貓咪玩耍的玩具及高空環境\n                  </p>\n                  <p>\n                    老寶貝也可來住宿，有獨立空間感不受打擾，清幽住宿，安心養老。\n                  </p>\n                  <p>✅全職的保姆，寶貝24小時陪伴照顧</p>\n                  <p>✅有照顧奶貓7年以上經驗</p>\n                  <p>✅曾在中途之家擔任志工多年</p>\n                  <p class=\"size-7 mt-3\">&#128205; 到府照顧服務說明：</p>\n                  <p>🕍毛孩活動環境整潔（大小便狀況皆會說明）</p>\n                  <p>\n                    🍖餵食、換水補水（寶貝的罐罐需要秤重可以提前告知我喔～）\n                  </p>\n                  <p>💡毛孩狀況照實回報，主人安心出門</p>\n                  <p>🤹🏼‍♀️陪伴娛樂玩耍🎢</p>\n                  <p>📸隨時側拍毛孩給家長看，讓家長身歷其中🥰</p>\n                  <p>✅✅進門前皆會消毒雙手並且告訴家長已抵達家中服務</p>\n                  <p>\n                    ⭐️⭐️第一次預約可找時間安排一個免費家訪，與毛孩彼此互相了解、熟悉。也讓家長更認識我，在出遊期間能更安心❤️❤️如果服務日期接近，家訪時間碰不上，會詳細詢問毛孩狀況以及在家中習慣…等等🐶🐱\n                  </p>\n                </div>', '台中市', 1, 0, 1, 450, 500, 450),
(5, '暴走小豬', '⚠️已接種完成3劑疫苗及定期篩檢，請家長放心⚠️\n🐱🐶有3年個人中途經驗\n🐶從小就非常喜歡小動物對他們也很有耐心的\n家中養的布偶貓是朋友因為家庭因素沒辦法飼養，加上我第一次遇見她就覺得特別有眼緣，所以直接帶回家照顧😍', 'user5@example.com', '0952487636', '<div class=\"d-flex flex-column gap-2\">\n                  <p class=\"size-7\">&#128205; 住宿部分預約須知：</p>\n                  <p>1.需有按時吃驅蟲藥以及心絲蟲</p>\n                  <p>2.需自備碗、飼料（鮮食）、牽繩、自家小被被（可有可無）</p>\n                  <p>\n                    3.需誠實告知狗狗習性，如：護食、不喜歡公狗、比較敏感、有嚴重區域，不喜歡被摸屁屁、耳朵等等\n                  </p>\n                  <p>4.信任彼此 ⚠️毛孩如有任何過敏體質或是食物請告知</p>\n\n                  <p class=\"size-7 mt-2\">&#128205; 家中環境介紹：</p>\n                  <p>\n                    家裡有廣大的空地（有安排防護）以及24小時過濾水提供（不是自來水或地下水）陽光充足\n                  </p>\n                  <p>\n                    住宿不關籠（如有關籠需求提前告知）、睡覺睡室內玩耍再室外，環境不是最乾淨但絕對不無聊，安排多項供貓咪玩耍的玩具及高空環境\n                  </p>\n                  <p>\n                    老寶貝也可來住宿，有獨立空間感不受打擾，清幽住宿，安心養老。\n                  </p>\n                  <p>✅全職的保姆，寶貝24小時陪伴照顧</p>\n                  <p>✅有照顧奶貓7年以上經驗</p>\n                  <p>✅曾在中途之家擔任志工多年</p>\n                  <p class=\"size-7 mt-3\">&#128205; 到府照顧服務說明：</p>\n                  <p>🕍毛孩活動環境整潔（大小便狀況皆會說明）</p>\n                  <p>\n                    🍖餵食、換水補水（寶貝的罐罐需要秤重可以提前告知我喔～）\n                  </p>\n                  <p>💡毛孩狀況照實回報，主人安心出門</p>\n                  <p>🤹🏼‍♀️陪伴娛樂玩耍🎢</p>\n                  <p>📸隨時側拍毛孩給家長看，讓家長身歷其中🥰</p>\n                  <p>✅✅進門前皆會消毒雙手並且告訴家長已抵達家中服務</p>\n                  <p>\n                    ⭐️⭐️第一次預約可找時間安排一個免費家訪，與毛孩彼此互相了解、熟悉。也讓家長更認識我，在出遊期間能更安心❤️❤️如果服務日期接近，家訪時間碰不上，會詳細詢問毛孩狀況以及在家中習慣…等等🐶🐱\n                  </p>\n                </div>', '台南市', 0, 1, 1, 450, 900, 450),
(6, '泓宇', '⚠️已接種完成3劑疫苗及定期篩檢，請家長放心⚠️\n🐱🐶有3年個人中途經驗\n🐶從小就非常喜歡小動物對他們也很有耐心的\n家中養的布偶貓是朋友因為家庭因素沒辦法飼養，加上我第一次遇見她就覺得特別有眼緣，所以直接帶回家照顧😍', 'user6@example.com', '0952487637', '<div class=\"d-flex flex-column gap-2\">\n                  <p class=\"size-7\">&#128205; 住宿部分預約須知：</p>\n                  <p>1.需有按時吃驅蟲藥以及心絲蟲</p>\n                  <p>2.需自備碗、飼料（鮮食）、牽繩、自家小被被（可有可無）</p>\n                  <p>\n                    3.需誠實告知狗狗習性，如：護食、不喜歡公狗、比較敏感、有嚴重區域，不喜歡被摸屁屁、耳朵等等\n                  </p>\n                  <p>4.信任彼此 ⚠️毛孩如有任何過敏體質或是食物請告知</p>\n\n                  <p class=\"size-7 mt-2\">&#128205; 家中環境介紹：</p>\n                  <p>\n                    家裡有廣大的空地（有安排防護）以及24小時過濾水提供（不是自來水或地下水）陽光充足\n                  </p>\n                  <p>\n                    住宿不關籠（如有關籠需求提前告知）、睡覺睡室內玩耍再室外，環境不是最乾淨但絕對不無聊，安排多項供貓咪玩耍的玩具及高空環境\n                  </p>\n                  <p>\n                    老寶貝也可來住宿，有獨立空間感不受打擾，清幽住宿，安心養老。\n                  </p>\n                  <p>✅全職的保姆，寶貝24小時陪伴照顧</p>\n                  <p>✅有照顧奶貓7年以上經驗</p>\n                  <p>✅曾在中途之家擔任志工多年</p>\n                  <p class=\"size-7 mt-3\">&#128205; 到府照顧服務說明：</p>\n                  <p>🕍毛孩活動環境整潔（大小便狀況皆會說明）</p>\n                  <p>\n                    🍖餵食、換水補水（寶貝的罐罐需要秤重可以提前告知我喔～）\n                  </p>\n                  <p>💡毛孩狀況照實回報，主人安心出門</p>\n                  <p>🤹🏼‍♀️陪伴娛樂玩耍🎢</p>\n                  <p>📸隨時側拍毛孩給家長看，讓家長身歷其中🥰</p>\n                  <p>✅✅進門前皆會消毒雙手並且告訴家長已抵達家中服務</p>\n                  <p>\n                    ⭐️⭐️第一次預約可找時間安排一個免費家訪，與毛孩彼此互相了解、熟悉。也讓家長更認識我，在出遊期間能更安心❤️❤️如果服務日期接近，家訪時間碰不上，會詳細詢問毛孩狀況以及在家中習慣…等等🐶🐱\n                  </p>\n                </div>', '桃園市', 1, 0, 0, 450, 900, 450),
(7, '羿晴', '⚠️已接種完成3劑疫苗及定期篩檢，請家長放心⚠️\n🐱🐶有3年個人中途經驗\n🐶從小就非常喜歡小動物對他們也很有耐心的\n家中養的布偶貓是朋友因為家庭因素沒辦法飼養，加上我第一次遇見她就覺得特別有眼緣，所以直接帶回家照顧😍', 'user7@example.com', '0952487638', '<div class=\"d-flex flex-column gap-2\">\n                  <p class=\"size-7\">&#128205; 住宿部分預約須知：</p>\n                  <p>1.需有按時吃驅蟲藥以及心絲蟲</p>\n                  <p>2.需自備碗、飼料（鮮食）、牽繩、自家小被被（可有可無）</p>\n                  <p>\n                    3.需誠實告知狗狗習性，如：護食、不喜歡公狗、比較敏感、有嚴重區域，不喜歡被摸屁屁、耳朵等等\n                  </p>\n                  <p>4.信任彼此 ⚠️毛孩如有任何過敏體質或是食物請告知</p>\n\n                  <p class=\"size-7 mt-2\">&#128205; 家中環境介紹：</p>\n                  <p>\n                    家裡有廣大的空地（有安排防護）以及24小時過濾水提供（不是自來水或地下水）陽光充足\n                  </p>\n                  <p>\n                    住宿不關籠（如有關籠需求提前告知）、睡覺睡室內玩耍再室外，環境不是最乾淨但絕對不無聊，安排多項供貓咪玩耍的玩具及高空環境\n                  </p>\n                  <p>\n                    老寶貝也可來住宿，有獨立空間感不受打擾，清幽住宿，安心養老。\n                  </p>\n                  <p>✅全職的保姆，寶貝24小時陪伴照顧</p>\n                  <p>✅有照顧奶貓7年以上經驗</p>\n                  <p>✅曾在中途之家擔任志工多年</p>\n                  <p class=\"size-7 mt-3\">&#128205; 到府照顧服務說明：</p>\n                  <p>🕍毛孩活動環境整潔（大小便狀況皆會說明）</p>\n                  <p>\n                    🍖餵食、換水補水（寶貝的罐罐需要秤重可以提前告知我喔～）\n                  </p>\n                  <p>💡毛孩狀況照實回報，主人安心出門</p>\n                  <p>🤹🏼‍♀️陪伴娛樂玩耍🎢</p>\n                  <p>📸隨時側拍毛孩給家長看，讓家長身歷其中🥰</p>\n                  <p>✅✅進門前皆會消毒雙手並且告訴家長已抵達家中服務</p>\n                  <p>\n                    ⭐️⭐️第一次預約可找時間安排一個免費家訪，與毛孩彼此互相了解、熟悉。也讓家長更認識我，在出遊期間能更安心❤️❤️如果服務日期接近，家訪時間碰不上，會詳細詢問毛孩狀況以及在家中習慣…等等🐶🐱\n                  </p>\n                </div>', '基隆市', 1, 1, 0, 300, 700, 600),
(8, '子軒', '⚠️已接種完成3劑疫苗及定期篩檢，請家長放心⚠️\n🐱🐶有3年個人中途經驗\n🐶從小就非常喜歡小動物對他們也很有耐心的\n家中養的布偶貓是朋友因為家庭因素沒辦法飼養，加上我第一次遇見她就覺得特別有眼緣，所以直接帶回家照顧😍', 'user8@example.com', '0952487639', '<div class=\"d-flex flex-column gap-2\">\n                  <p class=\"size-7\">&#128205; 住宿部分預約須知：</p>\n                  <p>1.需有按時吃驅蟲藥以及心絲蟲</p>\n                  <p>2.需自備碗、飼料（鮮食）、牽繩、自家小被被（可有可無）</p>\n                  <p>\n                    3.需誠實告知狗狗習性，如：護食、不喜歡公狗、比較敏感、有嚴重區域，不喜歡被摸屁屁、耳朵等等\n                  </p>\n                  <p>4.信任彼此 ⚠️毛孩如有任何過敏體質或是食物請告知</p>\n\n                  <p class=\"size-7 mt-2\">&#128205; 家中環境介紹：</p>\n                  <p>\n                    家裡有廣大的空地（有安排防護）以及24小時過濾水提供（不是自來水或地下水）陽光充足\n                  </p>\n                  <p>\n                    住宿不關籠（如有關籠需求提前告知）、睡覺睡室內玩耍再室外，環境不是最乾淨但絕對不無聊，安排多項供貓咪玩耍的玩具及高空環境\n                  </p>\n                  <p>\n                    老寶貝也可來住宿，有獨立空間感不受打擾，清幽住宿，安心養老。\n                  </p>\n                  <p>✅全職的保姆，寶貝24小時陪伴照顧</p>\n                  <p>✅有照顧奶貓7年以上經驗</p>\n                  <p>✅曾在中途之家擔任志工多年</p>\n                  <p class=\"size-7 mt-3\">&#128205; 到府照顧服務說明：</p>\n                  <p>🕍毛孩活動環境整潔（大小便狀況皆會說明）</p>\n                  <p>\n                    🍖餵食、換水補水（寶貝的罐罐需要秤重可以提前告知我喔～）\n                  </p>\n                  <p>💡毛孩狀況照實回報，主人安心出門</p>\n                  <p>🤹🏼‍♀️陪伴娛樂玩耍🎢</p>\n                  <p>📸隨時側拍毛孩給家長看，讓家長身歷其中🥰</p>\n                  <p>✅✅進門前皆會消毒雙手並且告訴家長已抵達家中服務</p>\n                  <p>\n                    ⭐️⭐️第一次預約可找時間安排一個免費家訪，與毛孩彼此互相了解、熟悉。也讓家長更認識我，在出遊期間能更安心❤️❤️如果服務日期接近，家訪時間碰不上，會詳細詢問毛孩狀況以及在家中習慣…等等🐶🐱\n                  </p>\n                </div>', '新竹市', 0, 1, 1, 300, 700, 800),
(9, '靖雯', '⚠️已接種完成3劑疫苗及定期篩檢，請家長放心⚠️\n🐱🐶有3年個人中途經驗\n🐶從小就非常喜歡小動物對他們也很有耐心的\n家中養的布偶貓是朋友因為家庭因素沒辦法飼養，加上我第一次遇見她就覺得特別有眼緣，所以直接帶回家照顧😍', 'user9@example.com', '0952487640', '<div class=\"d-flex flex-column gap-2\">\n                  <p class=\"size-7\">&#128205; 住宿部分預約須知：</p>\n                  <p>1.需有按時吃驅蟲藥以及心絲蟲</p>\n                  <p>2.需自備碗、飼料（鮮食）、牽繩、自家小被被（可有可無）</p>\n                  <p>\n                    3.需誠實告知狗狗習性，如：護食、不喜歡公狗、比較敏感、有嚴重區域，不喜歡被摸屁屁、耳朵等等\n                  </p>\n                  <p>4.信任彼此 ⚠️毛孩如有任何過敏體質或是食物請告知</p>\n\n                  <p class=\"size-7 mt-2\">&#128205; 家中環境介紹：</p>\n                  <p>\n                    家裡有廣大的空地（有安排防護）以及24小時過濾水提供（不是自來水或地下水）陽光充足\n                  </p>\n                  <p>\n                    住宿不關籠（如有關籠需求提前告知）、睡覺睡室內玩耍再室外，環境不是最乾淨但絕對不無聊，安排多項供貓咪玩耍的玩具及高空環境\n                  </p>\n                  <p>\n                    老寶貝也可來住宿，有獨立空間感不受打擾，清幽住宿，安心養老。\n                  </p>\n                  <p>✅全職的保姆，寶貝24小時陪伴照顧</p>\n                  <p>✅有照顧奶貓7年以上經驗</p>\n                  <p>✅曾在中途之家擔任志工多年</p>\n                  <p class=\"size-7 mt-3\">&#128205; 到府照顧服務說明：</p>\n                  <p>🕍毛孩活動環境整潔（大小便狀況皆會說明）</p>\n                  <p>\n                    🍖餵食、換水補水（寶貝的罐罐需要秤重可以提前告知我喔～）\n                  </p>\n                  <p>💡毛孩狀況照實回報，主人安心出門</p>\n                  <p>🤹🏼‍♀️陪伴娛樂玩耍🎢</p>\n                  <p>📸隨時側拍毛孩給家長看，讓家長身歷其中🥰</p>\n                  <p>✅✅進門前皆會消毒雙手並且告訴家長已抵達家中服務</p>\n                  <p>\n                    ⭐️⭐️第一次預約可找時間安排一個免費家訪，與毛孩彼此互相了解、熟悉。也讓家長更認識我，在出遊期間能更安心❤️❤️如果服務日期接近，家訪時間碰不上，會詳細詢問毛孩狀況以及在家中習慣…等等🐶🐱\n                  </p>\n                </div>', '新竹縣', 1, 0, 0, 300, 600, 800),
(10, '大師兄我來了', '⚠️已接種完成3劑疫苗及定期篩檢，請家長放心⚠️\n🐱🐶有3年個人中途經驗\n🐶從小就非常喜歡小動物對他們也很有耐心的\n家中養的布偶貓是朋友因為家庭因素沒辦法飼養，加上我第一次遇見她就覺得特別有眼緣，所以直接帶回家照顧😍', 'user10@example.com', '0952487641', '<div class=\"d-flex flex-column gap-2\">\n                  <p class=\"size-7\">&#128205; 住宿部分預約須知：</p>\n                  <p>1.需有按時吃驅蟲藥以及心絲蟲</p>\n                  <p>2.需自備碗、飼料（鮮食）、牽繩、自家小被被（可有可無）</p>\n                  <p>\n                    3.需誠實告知狗狗習性，如：護食、不喜歡公狗、比較敏感、有嚴重區域，不喜歡被摸屁屁、耳朵等等\n                  </p>\n                  <p>4.信任彼此 ⚠️毛孩如有任何過敏體質或是食物請告知</p>\n\n                  <p class=\"size-7 mt-2\">&#128205; 家中環境介紹：</p>\n                  <p>\n                    家裡有廣大的空地（有安排防護）以及24小時過濾水提供（不是自來水或地下水）陽光充足\n                  </p>\n                  <p>\n                    住宿不關籠（如有關籠需求提前告知）、睡覺睡室內玩耍再室外，環境不是最乾淨但絕對不無聊，安排多項供貓咪玩耍的玩具及高空環境\n                  </p>\n                  <p>\n                    老寶貝也可來住宿，有獨立空間感不受打擾，清幽住宿，安心養老。\n                  </p>\n                  <p>✅全職的保姆，寶貝24小時陪伴照顧</p>\n                  <p>✅有照顧奶貓7年以上經驗</p>\n                  <p>✅曾在中途之家擔任志工多年</p>\n                  <p class=\"size-7 mt-3\">&#128205; 到府照顧服務說明：</p>\n                  <p>🕍毛孩活動環境整潔（大小便狀況皆會說明）</p>\n                  <p>\n                    🍖餵食、換水補水（寶貝的罐罐需要秤重可以提前告知我喔～）\n                  </p>\n                  <p>💡毛孩狀況照實回報，主人安心出門</p>\n                  <p>🤹🏼‍♀️陪伴娛樂玩耍🎢</p>\n                  <p>📸隨時側拍毛孩給家長看，讓家長身歷其中🥰</p>\n                  <p>✅✅進門前皆會消毒雙手並且告訴家長已抵達家中服務</p>\n                  <p>\n                    ⭐️⭐️第一次預約可找時間安排一個免費家訪，與毛孩彼此互相了解、熟悉。也讓家長更認識我，在出遊期間能更安心❤️❤️如果服務日期接近，家訪時間碰不上，會詳細詢問毛孩狀況以及在家中習慣…等等🐶🐱\n                  </p>\n                </div>', '苗栗縣', 0, 1, 0, 350, 600, 800),
(11, '俊銘', '⚠️已接種完成3劑疫苗及定期篩檢，請家長放心⚠️\n🐱🐶有3年個人中途經驗\n🐶從小就非常喜歡小動物對他們也很有耐心的\n家中養的布偶貓是朋友因為家庭因素沒辦法飼養，加上我第一次遇見她就覺得特別有眼緣，所以直接帶回家照顧😍', 'user11@example.com', '0952487642', '<div class=\"d-flex flex-column gap-2\">\n                  <p class=\"size-7\">&#128205; 住宿部分預約須知：</p>\n                  <p>1.需有按時吃驅蟲藥以及心絲蟲</p>\n                  <p>2.需自備碗、飼料（鮮食）、牽繩、自家小被被（可有可無）</p>\n                  <p>\n                    3.需誠實告知狗狗習性，如：護食、不喜歡公狗、比較敏感、有嚴重區域，不喜歡被摸屁屁、耳朵等等\n                  </p>\n                  <p>4.信任彼此 ⚠️毛孩如有任何過敏體質或是食物請告知</p>\n\n                  <p class=\"size-7 mt-2\">&#128205; 家中環境介紹：</p>\n                  <p>\n                    家裡有廣大的空地（有安排防護）以及24小時過濾水提供（不是自來水或地下水）陽光充足\n                  </p>\n                  <p>\n                    住宿不關籠（如有關籠需求提前告知）、睡覺睡室內玩耍再室外，環境不是最乾淨但絕對不無聊，安排多項供貓咪玩耍的玩具及高空環境\n                  </p>\n                  <p>\n                    老寶貝也可來住宿，有獨立空間感不受打擾，清幽住宿，安心養老。\n                  </p>\n                  <p>✅全職的保姆，寶貝24小時陪伴照顧</p>\n                  <p>✅有照顧奶貓7年以上經驗</p>\n                  <p>✅曾在中途之家擔任志工多年</p>\n                  <p class=\"size-7 mt-3\">&#128205; 到府照顧服務說明：</p>\n                  <p>🕍毛孩活動環境整潔（大小便狀況皆會說明）</p>\n                  <p>\n                    🍖餵食、換水補水（寶貝的罐罐需要秤重可以提前告知我喔～）\n                  </p>\n                  <p>💡毛孩狀況照實回報，主人安心出門</p>\n                  <p>🤹🏼‍♀️陪伴娛樂玩耍🎢</p>\n                  <p>📸隨時側拍毛孩給家長看，讓家長身歷其中🥰</p>\n                  <p>✅✅進門前皆會消毒雙手並且告訴家長已抵達家中服務</p>\n                  <p>\n                    ⭐️⭐️第一次預約可找時間安排一個免費家訪，與毛孩彼此互相了解、熟悉。也讓家長更認識我，在出遊期間能更安心❤️❤️如果服務日期接近，家訪時間碰不上，會詳細詢問毛孩狀況以及在家中習慣…等等🐶🐱\n                  </p>\n                </div>', '彰化縣', 1, 0, 1, 350, 850, 900),
(12, '沁雨', '⚠️已接種完成3劑疫苗及定期篩檢，請家長放心⚠️\n🐱🐶有3年個人中途經驗\n🐶從小就非常喜歡小動物對他們也很有耐心的\n家中養的布偶貓是朋友因為家庭因素沒辦法飼養，加上我第一次遇見她就覺得特別有眼緣，所以直接帶回家照顧😍', 'user12@example.com', '0952487643', '<div class=\"d-flex flex-column gap-2\">\n                  <p class=\"size-7\">&#128205; 住宿部分預約須知：</p>\n                  <p>1.需有按時吃驅蟲藥以及心絲蟲</p>\n                  <p>2.需自備碗、飼料（鮮食）、牽繩、自家小被被（可有可無）</p>\n                  <p>\n                    3.需誠實告知狗狗習性，如：護食、不喜歡公狗、比較敏感、有嚴重區域，不喜歡被摸屁屁、耳朵等等\n                  </p>\n                  <p>4.信任彼此 ⚠️毛孩如有任何過敏體質或是食物請告知</p>\n\n                  <p class=\"size-7 mt-2\">&#128205; 家中環境介紹：</p>\n                  <p>\n                    家裡有廣大的空地（有安排防護）以及24小時過濾水提供（不是自來水或地下水）陽光充足\n                  </p>\n                  <p>\n                    住宿不關籠（如有關籠需求提前告知）、睡覺睡室內玩耍再室外，環境不是最乾淨但絕對不無聊，安排多項供貓咪玩耍的玩具及高空環境\n                  </p>\n                  <p>\n                    老寶貝也可來住宿，有獨立空間感不受打擾，清幽住宿，安心養老。\n                  </p>\n                  <p>✅全職的保姆，寶貝24小時陪伴照顧</p>\n                  <p>✅有照顧奶貓7年以上經驗</p>\n                  <p>✅曾在中途之家擔任志工多年</p>\n                  <p class=\"size-7 mt-3\">&#128205; 到府照顧服務說明：</p>\n                  <p>🕍毛孩活動環境整潔（大小便狀況皆會說明）</p>\n                  <p>\n                    🍖餵食、換水補水（寶貝的罐罐需要秤重可以提前告知我喔～）\n                  </p>\n                  <p>💡毛孩狀況照實回報，主人安心出門</p>\n                  <p>🤹🏼‍♀️陪伴娛樂玩耍🎢</p>\n                  <p>📸隨時側拍毛孩給家長看，讓家長身歷其中🥰</p>\n                  <p>✅✅進門前皆會消毒雙手並且告訴家長已抵達家中服務</p>\n                  <p>\n                    ⭐️⭐️第一次預約可找時間安排一個免費家訪，與毛孩彼此互相了解、熟悉。也讓家長更認識我，在出遊期間能更安心❤️❤️如果服務日期接近，家訪時間碰不上，會詳細詢問毛孩狀況以及在家中習慣…等等🐶🐱\n                  </p>\n                </div>', '南投縣', 1, 1, 1, 350, 500, 900),
(13, '澤宇', '⚠️已接種完成3劑疫苗及定期篩檢，請家長放心⚠️\n🐱🐶有3年個人中途經驗\n🐶從小就非常喜歡小動物對他們也很有耐心的\n家中養的布偶貓是朋友因為家庭因素沒辦法飼養，加上我第一次遇見她就覺得特別有眼緣，所以直接帶回家照顧😍', 'user13@example.com', '0952487644', '<div class=\"d-flex flex-column gap-2\">\n                  <p class=\"size-7\">&#128205; 住宿部分預約須知：</p>\n                  <p>1.需有按時吃驅蟲藥以及心絲蟲</p>\n                  <p>2.需自備碗、飼料（鮮食）、牽繩、自家小被被（可有可無）</p>\n                  <p>\n                    3.需誠實告知狗狗習性，如：護食、不喜歡公狗、比較敏感、有嚴重區域，不喜歡被摸屁屁、耳朵等等\n                  </p>\n                  <p>4.信任彼此 ⚠️毛孩如有任何過敏體質或是食物請告知</p>\n\n                  <p class=\"size-7 mt-2\">&#128205; 家中環境介紹：</p>\n                  <p>\n                    家裡有廣大的空地（有安排防護）以及24小時過濾水提供（不是自來水或地下水）陽光充足\n                  </p>\n                  <p>\n                    住宿不關籠（如有關籠需求提前告知）、睡覺睡室內玩耍再室外，環境不是最乾淨但絕對不無聊，安排多項供貓咪玩耍的玩具及高空環境\n                  </p>\n                  <p>\n                    老寶貝也可來住宿，有獨立空間感不受打擾，清幽住宿，安心養老。\n                  </p>\n                  <p>✅全職的保姆，寶貝24小時陪伴照顧</p>\n                  <p>✅有照顧奶貓7年以上經驗</p>\n                  <p>✅曾在中途之家擔任志工多年</p>\n                  <p class=\"size-7 mt-3\">&#128205; 到府照顧服務說明：</p>\n                  <p>🕍毛孩活動環境整潔（大小便狀況皆會說明）</p>\n                  <p>\n                    🍖餵食、換水補水（寶貝的罐罐需要秤重可以提前告知我喔～）\n                  </p>\n                  <p>💡毛孩狀況照實回報，主人安心出門</p>\n                  <p>🤹🏼‍♀️陪伴娛樂玩耍🎢</p>\n                  <p>📸隨時側拍毛孩給家長看，讓家長身歷其中🥰</p>\n                  <p>✅✅進門前皆會消毒雙手並且告訴家長已抵達家中服務</p>\n                  <p>\n                    ⭐️⭐️第一次預約可找時間安排一個免費家訪，與毛孩彼此互相了解、熟悉。也讓家長更認識我，在出遊期間能更安心❤️❤️如果服務日期接近，家訪時間碰不上，會詳細詢問毛孩狀況以及在家中習慣…等等🐶🐱\n                  </p>\n                </div>', '雲林縣', 0, 0, 1, 450, 500, 750),
(14, '雯瑤', '⚠️已接種完成3劑疫苗及定期篩檢，請家長放心⚠️\n🐱🐶有3年個人中途經驗\n🐶從小就非常喜歡小動物對他們也很有耐心的\n家中養的布偶貓是朋友因為家庭因素沒辦法飼養，加上我第一次遇見她就覺得特別有眼緣，所以直接帶回家照顧😍', 'user14@example.com', '0952487645', '<div class=\"d-flex flex-column gap-2\">\n                  <p class=\"size-7\">&#128205; 住宿部分預約須知：</p>\n                  <p>1.需有按時吃驅蟲藥以及心絲蟲</p>\n                  <p>2.需自備碗、飼料（鮮食）、牽繩、自家小被被（可有可無）</p>\n                  <p>\n                    3.需誠實告知狗狗習性，如：護食、不喜歡公狗、比較敏感、有嚴重區域，不喜歡被摸屁屁、耳朵等等\n                  </p>\n                  <p>4.信任彼此 ⚠️毛孩如有任何過敏體質或是食物請告知</p>\n\n                  <p class=\"size-7 mt-2\">&#128205; 家中環境介紹：</p>\n                  <p>\n                    家裡有廣大的空地（有安排防護）以及24小時過濾水提供（不是自來水或地下水）陽光充足\n                  </p>\n                  <p>\n                    住宿不關籠（如有關籠需求提前告知）、睡覺睡室內玩耍再室外，環境不是最乾淨但絕對不無聊，安排多項供貓咪玩耍的玩具及高空環境\n                  </p>\n                  <p>\n                    老寶貝也可來住宿，有獨立空間感不受打擾，清幽住宿，安心養老。\n                  </p>\n                  <p>✅全職的保姆，寶貝24小時陪伴照顧</p>\n                  <p>✅有照顧奶貓7年以上經驗</p>\n                  <p>✅曾在中途之家擔任志工多年</p>\n                  <p class=\"size-7 mt-3\">&#128205; 到府照顧服務說明：</p>\n                  <p>🕍毛孩活動環境整潔（大小便狀況皆會說明）</p>\n                  <p>\n                    🍖餵食、換水補水（寶貝的罐罐需要秤重可以提前告知我喔～）\n                  </p>\n                  <p>💡毛孩狀況照實回報，主人安心出門</p>\n                  <p>🤹🏼‍♀️陪伴娛樂玩耍🎢</p>\n                  <p>📸隨時側拍毛孩給家長看，讓家長身歷其中🥰</p>\n                  <p>✅✅進門前皆會消毒雙手並且告訴家長已抵達家中服務</p>\n                  <p>\n                    ⭐️⭐️第一次預約可找時間安排一個免費家訪，與毛孩彼此互相了解、熟悉。也讓家長更認識我，在出遊期間能更安心❤️❤️如果服務日期接近，家訪時間碰不上，會詳細詢問毛孩狀況以及在家中習慣…等等🐶🐱\n                  </p>\n                </div>', '嘉義市', 1, 1, 0, 450, 700, 750),
(15, '瑞婷', '⚠️已接種完成3劑疫苗及定期篩檢，請家長放心⚠️\n🐱🐶有3年個人中途經驗\n🐶從小就非常喜歡小動物對他們也很有耐心的\n家中養的布偶貓是朋友因為家庭因素沒辦法飼養，加上我第一次遇見她就覺得特別有眼緣，所以直接帶回家照顧😍', 'user15@example.com', '0952487646', '<div class=\"d-flex flex-column gap-2\">\n                  <p class=\"size-7\">&#128205; 住宿部分預約須知：</p>\n                  <p>1.需有按時吃驅蟲藥以及心絲蟲</p>\n                  <p>2.需自備碗、飼料（鮮食）、牽繩、自家小被被（可有可無）</p>\n                  <p>\n                    3.需誠實告知狗狗習性，如：護食、不喜歡公狗、比較敏感、有嚴重區域，不喜歡被摸屁屁、耳朵等等\n                  </p>\n                  <p>4.信任彼此 ⚠️毛孩如有任何過敏體質或是食物請告知</p>\n\n                  <p class=\"size-7 mt-2\">&#128205; 家中環境介紹：</p>\n                  <p>\n                    家裡有廣大的空地（有安排防護）以及24小時過濾水提供（不是自來水或地下水）陽光充足\n                  </p>\n                  <p>\n                    住宿不關籠（如有關籠需求提前告知）、睡覺睡室內玩耍再室外，環境不是最乾淨但絕對不無聊，安排多項供貓咪玩耍的玩具及高空環境\n                  </p>\n                  <p>\n                    老寶貝也可來住宿，有獨立空間感不受打擾，清幽住宿，安心養老。\n                  </p>\n                  <p>✅全職的保姆，寶貝24小時陪伴照顧</p>\n                  <p>✅有照顧奶貓7年以上經驗</p>\n                  <p>✅曾在中途之家擔任志工多年</p>\n                  <p class=\"size-7 mt-3\">&#128205; 到府照顧服務說明：</p>\n                  <p>🕍毛孩活動環境整潔（大小便狀況皆會說明）</p>\n                  <p>\n                    🍖餵食、換水補水（寶貝的罐罐需要秤重可以提前告知我喔～）\n                  </p>\n                  <p>💡毛孩狀況照實回報，主人安心出門</p>\n                  <p>🤹🏼‍♀️陪伴娛樂玩耍🎢</p>\n                  <p>📸隨時側拍毛孩給家長看，讓家長身歷其中🥰</p>\n                  <p>✅✅進門前皆會消毒雙手並且告訴家長已抵達家中服務</p>\n                  <p>\n                    ⭐️⭐️第一次預約可找時間安排一個免費家訪，與毛孩彼此互相了解、熟悉。也讓家長更認識我，在出遊期間能更安心❤️❤️如果服務日期接近，家訪時間碰不上，會詳細詢問毛孩狀況以及在家中習慣…等等🐶🐱\n                  </p>\n                </div>', '嘉義縣', 1, 0, 0, 450, 700, 800),
(16, '曉敏', '⚠️已接種完成3劑疫苗及定期篩檢，請家長放心⚠️\n🐱🐶有3年個人中途經驗\n🐶從小就非常喜歡小動物對他們也很有耐心的\n家中養的布偶貓是朋友因為家庭因素沒辦法飼養，加上我第一次遇見她就覺得特別有眼緣，所以直接帶回家照顧😍', 'user16@example.com', '0952487647', '<div class=\"d-flex flex-column gap-2\">\n                  <p class=\"size-7\">&#128205; 住宿部分預約須知：</p>\n                  <p>1.需有按時吃驅蟲藥以及心絲蟲</p>\n                  <p>2.需自備碗、飼料（鮮食）、牽繩、自家小被被（可有可無）</p>\n                  <p>\n                    3.需誠實告知狗狗習性，如：護食、不喜歡公狗、比較敏感、有嚴重區域，不喜歡被摸屁屁、耳朵等等\n                  </p>\n                  <p>4.信任彼此 ⚠️毛孩如有任何過敏體質或是食物請告知</p>\n\n                  <p class=\"size-7 mt-2\">&#128205; 家中環境介紹：</p>\n                  <p>\n                    家裡有廣大的空地（有安排防護）以及24小時過濾水提供（不是自來水或地下水）陽光充足\n                  </p>\n                  <p>\n                    住宿不關籠（如有關籠需求提前告知）、睡覺睡室內玩耍再室外，環境不是最乾淨但絕對不無聊，安排多項供貓咪玩耍的玩具及高空環境\n                  </p>\n                  <p>\n                    老寶貝也可來住宿，有獨立空間感不受打擾，清幽住宿，安心養老。\n                  </p>\n                  <p>✅全職的保姆，寶貝24小時陪伴照顧</p>\n                  <p>✅有照顧奶貓7年以上經驗</p>\n                  <p>✅曾在中途之家擔任志工多年</p>\n                  <p class=\"size-7 mt-3\">&#128205; 到府照顧服務說明：</p>\n                  <p>🕍毛孩活動環境整潔（大小便狀況皆會說明）</p>\n                  <p>\n                    🍖餵食、換水補水（寶貝的罐罐需要秤重可以提前告知我喔～）\n                  </p>\n                  <p>💡毛孩狀況照實回報，主人安心出門</p>\n                  <p>🤹🏼‍♀️陪伴娛樂玩耍🎢</p>\n                  <p>📸隨時側拍毛孩給家長看，讓家長身歷其中🥰</p>\n                  <p>✅✅進門前皆會消毒雙手並且告訴家長已抵達家中服務</p>\n                  <p>\n                    ⭐️⭐️第一次預約可找時間安排一個免費家訪，與毛孩彼此互相了解、熟悉。也讓家長更認識我，在出遊期間能更安心❤️❤️如果服務日期接近，家訪時間碰不上，會詳細詢問毛孩狀況以及在家中習慣…等等🐶🐱\n                  </p>\n                </div>', '屏東縣', 0, 0, 1, 450, 700, 800),
(17, '欣怡', '⚠️已接種完成3劑疫苗及定期篩檢，請家長放心⚠️\n🐱🐶有3年個人中途經驗\n🐶從小就非常喜歡小動物對他們也很有耐心的\n家中養的布偶貓是朋友因為家庭因素沒辦法飼養，加上我第一次遇見她就覺得特別有眼緣，所以直接帶回家照顧😍', 'user17@example.com', '0952487648', '<div class=\"d-flex flex-column gap-2\">\n                  <p class=\"size-7\">&#128205; 住宿部分預約須知：</p>\n                  <p>1.需有按時吃驅蟲藥以及心絲蟲</p>\n                  <p>2.需自備碗、飼料（鮮食）、牽繩、自家小被被（可有可無）</p>\n                  <p>\n                    3.需誠實告知狗狗習性，如：護食、不喜歡公狗、比較敏感、有嚴重區域，不喜歡被摸屁屁、耳朵等等\n                  </p>\n                  <p>4.信任彼此 ⚠️毛孩如有任何過敏體質或是食物請告知</p>\n\n                  <p class=\"size-7 mt-2\">&#128205; 家中環境介紹：</p>\n                  <p>\n                    家裡有廣大的空地（有安排防護）以及24小時過濾水提供（不是自來水或地下水）陽光充足\n                  </p>\n                  <p>\n                    住宿不關籠（如有關籠需求提前告知）、睡覺睡室內玩耍再室外，環境不是最乾淨但絕對不無聊，安排多項供貓咪玩耍的玩具及高空環境\n                  </p>\n                  <p>\n                    老寶貝也可來住宿，有獨立空間感不受打擾，清幽住宿，安心養老。\n                  </p>\n                  <p>✅全職的保姆，寶貝24小時陪伴照顧</p>\n                  <p>✅有照顧奶貓7年以上經驗</p>\n                  <p>✅曾在中途之家擔任志工多年</p>\n                  <p class=\"size-7 mt-3\">&#128205; 到府照顧服務說明：</p>\n                  <p>🕍毛孩活動環境整潔（大小便狀況皆會說明）</p>\n                  <p>\n                    🍖餵食、換水補水（寶貝的罐罐需要秤重可以提前告知我喔～）\n                  </p>\n                  <p>💡毛孩狀況照實回報，主人安心出門</p>\n                  <p>🤹🏼‍♀️陪伴娛樂玩耍🎢</p>\n                  <p>📸隨時側拍毛孩給家長看，讓家長身歷其中🥰</p>\n                  <p>✅✅進門前皆會消毒雙手並且告訴家長已抵達家中服務</p>\n                  <p>\n                    ⭐️⭐️第一次預約可找時間安排一個免費家訪，與毛孩彼此互相了解、熟悉。也讓家長更認識我，在出遊期間能更安心❤️❤️如果服務日期接近，家訪時間碰不上，會詳細詢問毛孩狀況以及在家中習慣…等等🐶🐱\n                  </p>\n                </div>', '宜蘭縣', 0, 1, 0, 450, 500, 800),
(18, '潔瓊', '⚠️已接種完成3劑疫苗及定期篩檢，請家長放心⚠️\n🐱🐶有3年個人中途經驗\n🐶從小就非常喜歡小動物對他們也很有耐心的\n家中養的布偶貓是朋友因為家庭因素沒辦法飼養，加上我第一次遇見她就覺得特別有眼緣，所以直接帶回家照顧😍', 'user18@example.com', '0952487649', '<div class=\"d-flex flex-column gap-2\">\n                  <p class=\"size-7\">&#128205; 住宿部分預約須知：</p>\n                  <p>1.需有按時吃驅蟲藥以及心絲蟲</p>\n                  <p>2.需自備碗、飼料（鮮食）、牽繩、自家小被被（可有可無）</p>\n                  <p>\n                    3.需誠實告知狗狗習性，如：護食、不喜歡公狗、比較敏感、有嚴重區域，不喜歡被摸屁屁、耳朵等等\n                  </p>\n                  <p>4.信任彼此 ⚠️毛孩如有任何過敏體質或是食物請告知</p>\n\n                  <p class=\"size-7 mt-2\">&#128205; 家中環境介紹：</p>\n                  <p>\n                    家裡有廣大的空地（有安排防護）以及24小時過濾水提供（不是自來水或地下水）陽光充足\n                  </p>\n                  <p>\n                    住宿不關籠（如有關籠需求提前告知）、睡覺睡室內玩耍再室外，環境不是最乾淨但絕對不無聊，安排多項供貓咪玩耍的玩具及高空環境\n                  </p>\n                  <p>\n                    老寶貝也可來住宿，有獨立空間感不受打擾，清幽住宿，安心養老。\n                  </p>\n                  <p>✅全職的保姆，寶貝24小時陪伴照顧</p>\n                  <p>✅有照顧奶貓7年以上經驗</p>\n                  <p>✅曾在中途之家擔任志工多年</p>\n                  <p class=\"size-7 mt-3\">&#128205; 到府照顧服務說明：</p>\n                  <p>🕍毛孩活動環境整潔（大小便狀況皆會說明）</p>\n                  <p>\n                    🍖餵食、換水補水（寶貝的罐罐需要秤重可以提前告知我喔～）\n                  </p>\n                  <p>💡毛孩狀況照實回報，主人安心出門</p>\n                  <p>🤹🏼‍♀️陪伴娛樂玩耍🎢</p>\n                  <p>📸隨時側拍毛孩給家長看，讓家長身歷其中🥰</p>\n                  <p>✅✅進門前皆會消毒雙手並且告訴家長已抵達家中服務</p>\n                  <p>\n                    ⭐️⭐️第一次預約可找時間安排一個免費家訪，與毛孩彼此互相了解、熟悉。也讓家長更認識我，在出遊期間能更安心❤️❤️如果服務日期接近，家訪時間碰不上，會詳細詢問毛孩狀況以及在家中習慣…等等🐶🐱\n                  </p>\n                </div>', '花蓮縣', 1, 0, 0, 450, 500, 800),
(19, '靜雅', '⚠️已接種完成3劑疫苗及定期篩檢，請家長放心⚠️\n🐱🐶有3年個人中途經驗\n🐶從小就非常喜歡小動物對他們也很有耐心的\n家中養的布偶貓是朋友因為家庭因素沒辦法飼養，加上我第一次遇見她就覺得特別有眼緣，所以直接帶回家照顧😍', 'user19@example.com', '0952487650', '<div class=\"d-flex flex-column gap-2\">\n                  <p class=\"size-7\">&#128205; 住宿部分預約須知：</p>\n                  <p>1.需有按時吃驅蟲藥以及心絲蟲</p>\n                  <p>2.需自備碗、飼料（鮮食）、牽繩、自家小被被（可有可無）</p>\n                  <p>\n                    3.需誠實告知狗狗習性，如：護食、不喜歡公狗、比較敏感、有嚴重區域，不喜歡被摸屁屁、耳朵等等\n                  </p>\n                  <p>4.信任彼此 ⚠️毛孩如有任何過敏體質或是食物請告知</p>\n\n                  <p class=\"size-7 mt-2\">&#128205; 家中環境介紹：</p>\n                  <p>\n                    家裡有廣大的空地（有安排防護）以及24小時過濾水提供（不是自來水或地下水）陽光充足\n                  </p>\n                  <p>\n                    住宿不關籠（如有關籠需求提前告知）、睡覺睡室內玩耍再室外，環境不是最乾淨但絕對不無聊，安排多項供貓咪玩耍的玩具及高空環境\n                  </p>\n                  <p>\n                    老寶貝也可來住宿，有獨立空間感不受打擾，清幽住宿，安心養老。\n                  </p>\n                  <p>✅全職的保姆，寶貝24小時陪伴照顧</p>\n                  <p>✅有照顧奶貓7年以上經驗</p>\n                  <p>✅曾在中途之家擔任志工多年</p>\n                  <p class=\"size-7 mt-3\">&#128205; 到府照顧服務說明：</p>\n                  <p>🕍毛孩活動環境整潔（大小便狀況皆會說明）</p>\n                  <p>\n                    🍖餵食、換水補水（寶貝的罐罐需要秤重可以提前告知我喔～）\n                  </p>\n                  <p>💡毛孩狀況照實回報，主人安心出門</p>\n                  <p>🤹🏼‍♀️陪伴娛樂玩耍🎢</p>\n                  <p>📸隨時側拍毛孩給家長看，讓家長身歷其中🥰</p>\n                  <p>✅✅進門前皆會消毒雙手並且告訴家長已抵達家中服務</p>\n                  <p>\n                    ⭐️⭐️第一次預約可找時間安排一個免費家訪，與毛孩彼此互相了解、熟悉。也讓家長更認識我，在出遊期間能更安心❤️❤️如果服務日期接近，家訪時間碰不上，會詳細詢問毛孩狀況以及在家中習慣…等等🐶🐱\n                  </p>\n                </div>', '台東縣', 0, 0, 1, 450, 700, 600),
(20, '夢婷', '⚠️已接種完成3劑疫苗及定期篩檢，請家長放心⚠️\n🐱🐶有3年個人中途經驗\n🐶從小就非常喜歡小動物對他們也很有耐心的\n家中養的布偶貓是朋友因為家庭因素沒辦法飼養，加上我第一次遇見她就覺得特別有眼緣，所以直接帶回家照顧😍', 'user20@example.com', '0952487651', '<div class=\"d-flex flex-column gap-2\">\n                  <p class=\"size-7\">&#128205; 住宿部分預約須知：</p>\n                  <p>1.需有按時吃驅蟲藥以及心絲蟲</p>\n                  <p>2.需自備碗、飼料（鮮食）、牽繩、自家小被被（可有可無）</p>\n                  <p>\n                    3.需誠實告知狗狗習性，如：護食、不喜歡公狗、比較敏感、有嚴重區域，不喜歡被摸屁屁、耳朵等等\n                  </p>\n                  <p>4.信任彼此 ⚠️毛孩如有任何過敏體質或是食物請告知</p>\n\n                  <p class=\"size-7 mt-2\">&#128205; 家中環境介紹：</p>\n                  <p>\n                    家裡有廣大的空地（有安排防護）以及24小時過濾水提供（不是自來水或地下水）陽光充足\n                  </p>\n                  <p>\n                    住宿不關籠（如有關籠需求提前告知）、睡覺睡室內玩耍再室外，環境不是最乾淨但絕對不無聊，安排多項供貓咪玩耍的玩具及高空環境\n                  </p>\n                  <p>\n                    老寶貝也可來住宿，有獨立空間感不受打擾，清幽住宿，安心養老。\n                  </p>\n                  <p>✅全職的保姆，寶貝24小時陪伴照顧</p>\n                  <p>✅有照顧奶貓7年以上經驗</p>\n                  <p>✅曾在中途之家擔任志工多年</p>\n                  <p class=\"size-7 mt-3\">&#128205; 到府照顧服務說明：</p>\n                  <p>🕍毛孩活動環境整潔（大小便狀況皆會說明）</p>\n                  <p>\n                    🍖餵食、換水補水（寶貝的罐罐需要秤重可以提前告知我喔～）\n                  </p>\n                  <p>💡毛孩狀況照實回報，主人安心出門</p>\n                  <p>🤹🏼‍♀️陪伴娛樂玩耍🎢</p>\n                  <p>📸隨時側拍毛孩給家長看，讓家長身歷其中🥰</p>\n                  <p>✅✅進門前皆會消毒雙手並且告訴家長已抵達家中服務</p>\n                  <p>\n                    ⭐️⭐️第一次預約可找時間安排一個免費家訪，與毛孩彼此互相了解、熟悉。也讓家長更認識我，在出遊期間能更安心❤️❤️如果服務日期接近，家訪時間碰不上，會詳細詢問毛孩狀況以及在家中習慣…等等🐶🐱\n                  </p>\n                </div>', '澎湖縣', 0, 1, 0, 450, 700, 600),
(21, '雨澤', '⚠️已接種完成3劑疫苗及定期篩檢，請家長放心⚠️\n🐱🐶有3年個人中途經驗\n🐶從小就非常喜歡小動物對他們也很有耐心的\n家中養的布偶貓是朋友因為家庭因素沒辦法飼養，加上我第一次遇見她就覺得特別有眼緣，所以直接帶回家照顧😍', 'user21@example.com', '0952487652', '<div class=\"d-flex flex-column gap-2\">\n                  <p class=\"size-7\">&#128205; 住宿部分預約須知：</p>\n                  <p>1.需有按時吃驅蟲藥以及心絲蟲</p>\n                  <p>2.需自備碗、飼料（鮮食）、牽繩、自家小被被（可有可無）</p>\n                  <p>\n                    3.需誠實告知狗狗習性，如：護食、不喜歡公狗、比較敏感、有嚴重區域，不喜歡被摸屁屁、耳朵等等\n                  </p>\n                  <p>4.信任彼此 ⚠️毛孩如有任何過敏體質或是食物請告知</p>\n\n                  <p class=\"size-7 mt-2\">&#128205; 家中環境介紹：</p>\n                  <p>\n                    家裡有廣大的空地（有安排防護）以及24小時過濾水提供（不是自來水或地下水）陽光充足\n                  </p>\n                  <p>\n                    住宿不關籠（如有關籠需求提前告知）、睡覺睡室內玩耍再室外，環境不是最乾淨但絕對不無聊，安排多項供貓咪玩耍的玩具及高空環境\n                  </p>\n                  <p>\n                    老寶貝也可來住宿，有獨立空間感不受打擾，清幽住宿，安心養老。\n                  </p>\n                  <p>✅全職的保姆，寶貝24小時陪伴照顧</p>\n                  <p>✅有照顧奶貓7年以上經驗</p>\n                  <p>✅曾在中途之家擔任志工多年</p>\n                  <p class=\"size-7 mt-3\">&#128205; 到府照顧服務說明：</p>\n                  <p>🕍毛孩活動環境整潔（大小便狀況皆會說明）</p>\n                  <p>\n                    🍖餵食、換水補水（寶貝的罐罐需要秤重可以提前告知我喔～）\n                  </p>\n                  <p>💡毛孩狀況照實回報，主人安心出門</p>\n                  <p>🤹🏼‍♀️陪伴娛樂玩耍🎢</p>\n                  <p>📸隨時側拍毛孩給家長看，讓家長身歷其中🥰</p>\n                  <p>✅✅進門前皆會消毒雙手並且告訴家長已抵達家中服務</p>\n                  <p>\n                    ⭐️⭐️第一次預約可找時間安排一個免費家訪，與毛孩彼此互相了解、熟悉。也讓家長更認識我，在出遊期間能更安心❤️❤️如果服務日期接近，家訪時間碰不上，會詳細詢問毛孩狀況以及在家中習慣…等等🐶🐱\n                  </p>\n                </div>', '金門縣', 1, 0, 0, 300, 700, 800),
(22, '寶寶', '⚠️已接種完成3劑疫苗及定期篩檢，請家長放心⚠️\n🐱🐶有3年個人中途經驗\n🐶從小就非常喜歡小動物對他們也很有耐心的\n家中養的布偶貓是朋友因為家庭因素沒辦法飼養，加上我第一次遇見她就覺得特別有眼緣，所以直接帶回家照顧😍', 'user22@example.com', '0952487653', '<div class=\"d-flex flex-column gap-2\">\n                  <p class=\"size-7\">&#128205; 住宿部分預約須知：</p>\n                  <p>1.需有按時吃驅蟲藥以及心絲蟲</p>\n                  <p>2.需自備碗、飼料（鮮食）、牽繩、自家小被被（可有可無）</p>\n                  <p>\n                    3.需誠實告知狗狗習性，如：護食、不喜歡公狗、比較敏感、有嚴重區域，不喜歡被摸屁屁、耳朵等等\n                  </p>\n                  <p>4.信任彼此 ⚠️毛孩如有任何過敏體質或是食物請告知</p>\n\n                  <p class=\"size-7 mt-2\">&#128205; 家中環境介紹：</p>\n                  <p>\n                    家裡有廣大的空地（有安排防護）以及24小時過濾水提供（不是自來水或地下水）陽光充足\n                  </p>\n                  <p>\n                    住宿不關籠（如有關籠需求提前告知）、睡覺睡室內玩耍再室外，環境不是最乾淨但絕對不無聊，安排多項供貓咪玩耍的玩具及高空環境\n                  </p>\n                  <p>\n                    老寶貝也可來住宿，有獨立空間感不受打擾，清幽住宿，安心養老。\n                  </p>\n                  <p>✅全職的保姆，寶貝24小時陪伴照顧</p>\n                  <p>✅有照顧奶貓7年以上經驗</p>\n                  <p>✅曾在中途之家擔任志工多年</p>\n                  <p class=\"size-7 mt-3\">&#128205; 到府照顧服務說明：</p>\n                  <p>🕍毛孩活動環境整潔（大小便狀況皆會說明）</p>\n                  <p>\n                    🍖餵食、換水補水（寶貝的罐罐需要秤重可以提前告知我喔～）\n                  </p>\n                  <p>💡毛孩狀況照實回報，主人安心出門</p>\n                  <p>🤹🏼‍♀️陪伴娛樂玩耍🎢</p>\n                  <p>📸隨時側拍毛孩給家長看，讓家長身歷其中🥰</p>\n                  <p>✅✅進門前皆會消毒雙手並且告訴家長已抵達家中服務</p>\n                  <p>\n                    ⭐️⭐️第一次預約可找時間安排一個免費家訪，與毛孩彼此互相了解、熟悉。也讓家長更認識我，在出遊期間能更安心❤️❤️如果服務日期接近，家訪時間碰不上，會詳細詢問毛孩狀況以及在家中習慣…等等🐶🐱\n                  </p>\n                </div>', '連江縣', 0, 0, 1, 300, 700, 800),
(23, '嘉嘉', '⚠️已接種完成3劑疫苗及定期篩檢，請家長放心⚠️\n🐱🐶有3年個人中途經驗\n🐶從小就非常喜歡小動物對他們也很有耐心的\n家中養的布偶貓是朋友因為家庭因素沒辦法飼養，加上我第一次遇見她就覺得特別有眼緣，所以直接帶回家照顧😍', 'user23@example.com', '0952487654', '<div class=\"d-flex flex-column gap-2\">\n                  <p class=\"size-7\">&#128205; 住宿部分預約須知：</p>\n                  <p>1.需有按時吃驅蟲藥以及心絲蟲</p>\n                  <p>2.需自備碗、飼料（鮮食）、牽繩、自家小被被（可有可無）</p>\n                  <p>\n                    3.需誠實告知狗狗習性，如：護食、不喜歡公狗、比較敏感、有嚴重區域，不喜歡被摸屁屁、耳朵等等\n                  </p>\n                  <p>4.信任彼此 ⚠️毛孩如有任何過敏體質或是食物請告知</p>\n\n                  <p class=\"size-7 mt-2\">&#128205; 家中環境介紹：</p>\n                  <p>\n                    家裡有廣大的空地（有安排防護）以及24小時過濾水提供（不是自來水或地下水）陽光充足\n                  </p>\n                  <p>\n                    住宿不關籠（如有關籠需求提前告知）、睡覺睡室內玩耍再室外，環境不是最乾淨但絕對不無聊，安排多項供貓咪玩耍的玩具及高空環境\n                  </p>\n                  <p>\n                    老寶貝也可來住宿，有獨立空間感不受打擾，清幽住宿，安心養老。\n                  </p>\n                  <p>✅全職的保姆，寶貝24小時陪伴照顧</p>\n                  <p>✅有照顧奶貓7年以上經驗</p>\n                  <p>✅曾在中途之家擔任志工多年</p>\n                  <p class=\"size-7 mt-3\">&#128205; 到府照顧服務說明：</p>\n                  <p>🕍毛孩活動環境整潔（大小便狀況皆會說明）</p>\n                  <p>\n                    🍖餵食、換水補水（寶貝的罐罐需要秤重可以提前告知我喔～）\n                  </p>\n                  <p>💡毛孩狀況照實回報，主人安心出門</p>\n                  <p>🤹🏼‍♀️陪伴娛樂玩耍🎢</p>\n                  <p>📸隨時側拍毛孩給家長看，讓家長身歷其中🥰</p>\n                  <p>✅✅進門前皆會消毒雙手並且告訴家長已抵達家中服務</p>\n                  <p>\n                    ⭐️⭐️第一次預約可找時間安排一個免費家訪，與毛孩彼此互相了解、熟悉。也讓家長更認識我，在出遊期間能更安心❤️❤️如果服務日期接近，家訪時間碰不上，會詳細詢問毛孩狀況以及在家中習慣…等等🐶🐱\n                  </p>\n                </div>', '基隆市', 0, 1, 0, 300, 700, 800),
(24, '小飛', '⚠️已接種完成3劑疫苗及定期篩檢，請家長放心⚠️\n🐱🐶有3年個人中途經驗\n🐶從小就非常喜歡小動物對他們也很有耐心的\n家中養的布偶貓是朋友因為家庭因素沒辦法飼養，加上我第一次遇見她就覺得特別有眼緣，所以直接帶回家照顧😍', 'user24@example.com', '0952487655', '<div class=\"d-flex flex-column gap-2\">\n                  <p class=\"size-7\">&#128205; 住宿部分預約須知：</p>\n                  <p>1.需有按時吃驅蟲藥以及心絲蟲</p>\n                  <p>2.需自備碗、飼料（鮮食）、牽繩、自家小被被（可有可無）</p>\n                  <p>\n                    3.需誠實告知狗狗習性，如：護食、不喜歡公狗、比較敏感、有嚴重區域，不喜歡被摸屁屁、耳朵等等\n                  </p>\n                  <p>4.信任彼此 ⚠️毛孩如有任何過敏體質或是食物請告知</p>\n\n                  <p class=\"size-7 mt-2\">&#128205; 家中環境介紹：</p>\n                  <p>\n                    家裡有廣大的空地（有安排防護）以及24小時過濾水提供（不是自來水或地下水）陽光充足\n                  </p>\n                  <p>\n                    住宿不關籠（如有關籠需求提前告知）、睡覺睡室內玩耍再室外，環境不是最乾淨但絕對不無聊，安排多項供貓咪玩耍的玩具及高空環境\n                  </p>\n                  <p>\n                    老寶貝也可來住宿，有獨立空間感不受打擾，清幽住宿，安心養老。\n                  </p>\n                  <p>✅全職的保姆，寶貝24小時陪伴照顧</p>\n                  <p>✅有照顧奶貓7年以上經驗</p>\n                  <p>✅曾在中途之家擔任志工多年</p>\n                  <p class=\"size-7 mt-3\">&#128205; 到府照顧服務說明：</p>\n                  <p>🕍毛孩活動環境整潔（大小便狀況皆會說明）</p>\n                  <p>\n                    🍖餵食、換水補水（寶貝的罐罐需要秤重可以提前告知我喔～）\n                  </p>\n                  <p>💡毛孩狀況照實回報，主人安心出門</p>\n                  <p>🤹🏼‍♀️陪伴娛樂玩耍🎢</p>\n                  <p>📸隨時側拍毛孩給家長看，讓家長身歷其中🥰</p>\n                  <p>✅✅進門前皆會消毒雙手並且告訴家長已抵達家中服務</p>\n                  <p>\n                    ⭐️⭐️第一次預約可找時間安排一個免費家訪，與毛孩彼此互相了解、熟悉。也讓家長更認識我，在出遊期間能更安心❤️❤️如果服務日期接近，家訪時間碰不上，會詳細詢問毛孩狀況以及在家中習慣…等等🐶🐱\n                  </p>\n                </div>', '新北市', 1, 0, 0, 400, 700, 400),
(25, '小雨', '⚠️已接種完成3劑疫苗及定期篩檢，請家長放心⚠️\n🐱🐶有3年個人中途經驗\n🐶從小就非常喜歡小動物對他們也很有耐心的\n家中養的布偶貓是朋友因為家庭因素沒辦法飼養，加上我第一次遇見她就覺得特別有眼緣，所以直接帶回家照顧😍', 'user25@example.com', '0952487656', '<div class=\"d-flex flex-column gap-2\">\n                  <p class=\"size-7\">&#128205; 住宿部分預約須知：</p>\n                  <p>1.需有按時吃驅蟲藥以及心絲蟲</p>\n                  <p>2.需自備碗、飼料（鮮食）、牽繩、自家小被被（可有可無）</p>\n                  <p>\n                    3.需誠實告知狗狗習性，如：護食、不喜歡公狗、比較敏感、有嚴重區域，不喜歡被摸屁屁、耳朵等等\n                  </p>\n                  <p>4.信任彼此 ⚠️毛孩如有任何過敏體質或是食物請告知</p>\n\n                  <p class=\"size-7 mt-2\">&#128205; 家中環境介紹：</p>\n                  <p>\n                    家裡有廣大的空地（有安排防護）以及24小時過濾水提供（不是自來水或地下水）陽光充足\n                  </p>\n                  <p>\n                    住宿不關籠（如有關籠需求提前告知）、睡覺睡室內玩耍再室外，環境不是最乾淨但絕對不無聊，安排多項供貓咪玩耍的玩具及高空環境\n                  </p>\n                  <p>\n                    老寶貝也可來住宿，有獨立空間感不受打擾，清幽住宿，安心養老。\n                  </p>\n                  <p>✅全職的保姆，寶貝24小時陪伴照顧</p>\n                  <p>✅有照顧奶貓7年以上經驗</p>\n                  <p>✅曾在中途之家擔任志工多年</p>\n                  <p class=\"size-7 mt-3\">&#128205; 到府照顧服務說明：</p>\n                  <p>🕍毛孩活動環境整潔（大小便狀況皆會說明）</p>\n                  <p>\n                    🍖餵食、換水補水（寶貝的罐罐需要秤重可以提前告知我喔～）\n                  </p>\n                  <p>💡毛孩狀況照實回報，主人安心出門</p>\n                  <p>🤹🏼‍♀️陪伴娛樂玩耍🎢</p>\n                  <p>📸隨時側拍毛孩給家長看，讓家長身歷其中🥰</p>\n                  <p>✅✅進門前皆會消毒雙手並且告訴家長已抵達家中服務</p>\n                  <p>\n                    ⭐️⭐️第一次預約可找時間安排一個免費家訪，與毛孩彼此互相了解、熟悉。也讓家長更認識我，在出遊期間能更安心❤️❤️如果服務日期接近，家訪時間碰不上，會詳細詢問毛孩狀況以及在家中習慣…等等🐶🐱\n                  </p>\n                </div>', '台南市', 0, 0, 1, 400, 600, 600),
(26, '欣欣', '⚠️已接種完成3劑疫苗及定期篩檢，請家長放心⚠️\n🐱🐶有3年個人中途經驗\n🐶從小就非常喜歡小動物對他們也很有耐心的\n家中養的布偶貓是朋友因為家庭因素沒辦法飼養，加上我第一次遇見她就覺得特別有眼緣，所以直接帶回家照顧😍', 'user26@example.com', '0952487657', '<div class=\"d-flex flex-column gap-2\">\n                  <p class=\"size-7\">&#128205; 住宿部分預約須知：</p>\n                  <p>1.需有按時吃驅蟲藥以及心絲蟲</p>\n                  <p>2.需自備碗、飼料（鮮食）、牽繩、自家小被被（可有可無）</p>\n                  <p>\n                    3.需誠實告知狗狗習性，如：護食、不喜歡公狗、比較敏感、有嚴重區域，不喜歡被摸屁屁、耳朵等等\n                  </p>\n                  <p>4.信任彼此 ⚠️毛孩如有任何過敏體質或是食物請告知</p>\n\n                  <p class=\"size-7 mt-2\">&#128205; 家中環境介紹：</p>\n                  <p>\n                    家裡有廣大的空地（有安排防護）以及24小時過濾水提供（不是自來水或地下水）陽光充足\n                  </p>\n                  <p>\n                    住宿不關籠（如有關籠需求提前告知）、睡覺睡室內玩耍再室外，環境不是最乾淨但絕對不無聊，安排多項供貓咪玩耍的玩具及高空環境\n                  </p>\n                  <p>\n                    老寶貝也可來住宿，有獨立空間感不受打擾，清幽住宿，安心養老。\n                  </p>\n                  <p>✅全職的保姆，寶貝24小時陪伴照顧</p>\n                  <p>✅有照顧奶貓7年以上經驗</p>\n                  <p>✅曾在中途之家擔任志工多年</p>\n                  <p class=\"size-7 mt-3\">&#128205; 到府照顧服務說明：</p>\n                  <p>🕍毛孩活動環境整潔（大小便狀況皆會說明）</p>\n                  <p>\n                    🍖餵食、換水補水（寶貝的罐罐需要秤重可以提前告知我喔～）\n                  </p>\n                  <p>💡毛孩狀況照實回報，主人安心出門</p>\n                  <p>🤹🏼‍♀️陪伴娛樂玩耍🎢</p>\n                  <p>📸隨時側拍毛孩給家長看，讓家長身歷其中🥰</p>\n                  <p>✅✅進門前皆會消毒雙手並且告訴家長已抵達家中服務</p>\n                  <p>\n                    ⭐️⭐️第一次預約可找時間安排一個免費家訪，與毛孩彼此互相了解、熟悉。也讓家長更認識我，在出遊期間能更安心❤️❤️如果服務日期接近，家訪時間碰不上，會詳細詢問毛孩狀況以及在家中習慣…等等🐶🐱\n                  </p>\n                </div>', '桃園市', 0, 1, 0, 400, 600, 450),
(27, '瑞雪', '⚠️已接種完成3劑疫苗及定期篩檢，請家長放心⚠️\n🐱🐶有3年個人中途經驗\n🐶從小就非常喜歡小動物對他們也很有耐心的\n家中養的布偶貓是朋友因為家庭因素沒辦法飼養，加上我第一次遇見她就覺得特別有眼緣，所以直接帶回家照顧😍', 'user27@example.com', '0952487658', '<div class=\"d-flex flex-column gap-2\">\n                  <p class=\"size-7\">&#128205; 住宿部分預約須知：</p>\n                  <p>1.需有按時吃驅蟲藥以及心絲蟲</p>\n                  <p>2.需自備碗、飼料（鮮食）、牽繩、自家小被被（可有可無）</p>\n                  <p>\n                    3.需誠實告知狗狗習性，如：護食、不喜歡公狗、比較敏感、有嚴重區域，不喜歡被摸屁屁、耳朵等等\n                  </p>\n                  <p>4.信任彼此 ⚠️毛孩如有任何過敏體質或是食物請告知</p>\n\n                  <p class=\"size-7 mt-2\">&#128205; 家中環境介紹：</p>\n                  <p>\n                    家裡有廣大的空地（有安排防護）以及24小時過濾水提供（不是自來水或地下水）陽光充足\n                  </p>\n                  <p>\n                    住宿不關籠（如有關籠需求提前告知）、睡覺睡室內玩耍再室外，環境不是最乾淨但絕對不無聊，安排多項供貓咪玩耍的玩具及高空環境\n                  </p>\n                  <p>\n                    老寶貝也可來住宿，有獨立空間感不受打擾，清幽住宿，安心養老。\n                  </p>\n                  <p>✅全職的保姆，寶貝24小時陪伴照顧</p>\n                  <p>✅有照顧奶貓7年以上經驗</p>\n                  <p>✅曾在中途之家擔任志工多年</p>\n                  <p class=\"size-7 mt-3\">&#128205; 到府照顧服務說明：</p>\n                  <p>🕍毛孩活動環境整潔（大小便狀況皆會說明）</p>\n                  <p>\n                    🍖餵食、換水補水（寶貝的罐罐需要秤重可以提前告知我喔～）\n                  </p>\n                  <p>💡毛孩狀況照實回報，主人安心出門</p>\n                  <p>🤹🏼‍♀️陪伴娛樂玩耍🎢</p>\n                  <p>📸隨時側拍毛孩給家長看，讓家長身歷其中🥰</p>\n                  <p>✅✅進門前皆會消毒雙手並且告訴家長已抵達家中服務</p>\n                  <p>\n                    ⭐️⭐️第一次預約可找時間安排一個免費家訪，與毛孩彼此互相了解、熟悉。也讓家長更認識我，在出遊期間能更安心❤️❤️如果服務日期接近，家訪時間碰不上，會詳細詢問毛孩狀況以及在家中習慣…等等🐶🐱\n                  </p>\n                </div>', '基隆市', 1, 0, 0, 400, 600, 900),
(28, '旭陽', '⚠️已接種完成3劑疫苗及定期篩檢，請家長放心⚠️\n🐱🐶有3年個人中途經驗\n🐶從小就非常喜歡小動物對他們也很有耐心的\n家中養的布偶貓是朋友因為家庭因素沒辦法飼養，加上我第一次遇見她就覺得特別有眼緣，所以直接帶回家照顧😍', 'user28@example.com', '0952487659', '<div class=\"d-flex flex-column gap-2\">\n                  <p class=\"size-7\">&#128205; 住宿部分預約須知：</p>\n                  <p>1.需有按時吃驅蟲藥以及心絲蟲</p>\n                  <p>2.需自備碗、飼料（鮮食）、牽繩、自家小被被（可有可無）</p>\n                  <p>\n                    3.需誠實告知狗狗習性，如：護食、不喜歡公狗、比較敏感、有嚴重區域，不喜歡被摸屁屁、耳朵等等\n                  </p>\n                  <p>4.信任彼此 ⚠️毛孩如有任何過敏體質或是食物請告知</p>\n\n                  <p class=\"size-7 mt-2\">&#128205; 家中環境介紹：</p>\n                  <p>\n                    家裡有廣大的空地（有安排防護）以及24小時過濾水提供（不是自來水或地下水）陽光充足\n                  </p>\n                  <p>\n                    住宿不關籠（如有關籠需求提前告知）、睡覺睡室內玩耍再室外，環境不是最乾淨但絕對不無聊，安排多項供貓咪玩耍的玩具及高空環境\n                  </p>\n                  <p>\n                    老寶貝也可來住宿，有獨立空間感不受打擾，清幽住宿，安心養老。\n                  </p>\n                  <p>✅全職的保姆，寶貝24小時陪伴照顧</p>\n                  <p>✅有照顧奶貓7年以上經驗</p>\n                  <p>✅曾在中途之家擔任志工多年</p>\n                  <p class=\"size-7 mt-3\">&#128205; 到府照顧服務說明：</p>\n                  <p>🕍毛孩活動環境整潔（大小便狀況皆會說明）</p>\n                  <p>\n                    🍖餵食、換水補水（寶貝的罐罐需要秤重可以提前告知我喔～）\n                  </p>\n                  <p>💡毛孩狀況照實回報，主人安心出門</p>\n                  <p>🤹🏼‍♀️陪伴娛樂玩耍🎢</p>\n                  <p>📸隨時側拍毛孩給家長看，讓家長身歷其中🥰</p>\n                  <p>✅✅進門前皆會消毒雙手並且告訴家長已抵達家中服務</p>\n                  <p>\n                    ⭐️⭐️第一次預約可找時間安排一個免費家訪，與毛孩彼此互相了解、熟悉。也讓家長更認識我，在出遊期間能更安心❤️❤️如果服務日期接近，家訪時間碰不上，會詳細詢問毛孩狀況以及在家中習慣…等等🐶🐱\n                  </p>\n                </div>', '新竹市', 0, 0, 1, 400, 600, 900),
(29, '春梅', '⚠️已接種完成3劑疫苗及定期篩檢，請家長放心⚠️\n🐱🐶有3年個人中途經驗\n🐶從小就非常喜歡小動物對他們也很有耐心的\n家中養的布偶貓是朋友因為家庭因素沒辦法飼養，加上我第一次遇見她就覺得特別有眼緣，所以直接帶回家照顧😍', 'user29@example.com', '0952487660', '<div class=\"d-flex flex-column gap-2\">\n                  <p class=\"size-7\">&#128205; 住宿部分預約須知：</p>\n                  <p>1.需有按時吃驅蟲藥以及心絲蟲</p>\n                  <p>2.需自備碗、飼料（鮮食）、牽繩、自家小被被（可有可無）</p>\n                  <p>\n                    3.需誠實告知狗狗習性，如：護食、不喜歡公狗、比較敏感、有嚴重區域，不喜歡被摸屁屁、耳朵等等\n                  </p>\n                  <p>4.信任彼此 ⚠️毛孩如有任何過敏體質或是食物請告知</p>\n\n                  <p class=\"size-7 mt-2\">&#128205; 家中環境介紹：</p>\n                  <p>\n                    家裡有廣大的空地（有安排防護）以及24小時過濾水提供（不是自來水或地下水）陽光充足\n                  </p>\n                  <p>\n                    住宿不關籠（如有關籠需求提前告知）、睡覺睡室內玩耍再室外，環境不是最乾淨但絕對不無聊，安排多項供貓咪玩耍的玩具及高空環境\n                  </p>\n                  <p>\n                    老寶貝也可來住宿，有獨立空間感不受打擾，清幽住宿，安心養老。\n                  </p>\n                  <p>✅全職的保姆，寶貝24小時陪伴照顧</p>\n                  <p>✅有照顧奶貓7年以上經驗</p>\n                  <p>✅曾在中途之家擔任志工多年</p>\n                  <p class=\"size-7 mt-3\">&#128205; 到府照顧服務說明：</p>\n                  <p>🕍毛孩活動環境整潔（大小便狀況皆會說明）</p>\n                  <p>\n                    🍖餵食、換水補水（寶貝的罐罐需要秤重可以提前告知我喔～）\n                  </p>\n                  <p>💡毛孩狀況照實回報，主人安心出門</p>\n                  <p>🤹🏼‍♀️陪伴娛樂玩耍🎢</p>\n                  <p>📸隨時側拍毛孩給家長看，讓家長身歷其中🥰</p>\n                  <p>✅✅進門前皆會消毒雙手並且告訴家長已抵達家中服務</p>\n                  <p>\n                    ⭐️⭐️第一次預約可找時間安排一個免費家訪，與毛孩彼此互相了解、熟悉。也讓家長更認識我，在出遊期間能更安心❤️❤️如果服務日期接近，家訪時間碰不上，會詳細詢問毛孩狀況以及在家中習慣…等等🐶🐱\n                  </p>\n                </div>', '新竹縣', 0, 1, 0, 400, 600, 900);
INSERT INTO `mission_helper_info` (`user_id`, `name`, `Introduction`, `email`, `phone`, `job_description`, `service_county`, `feed_service`, `house_service`, `beauty_service`, `feed_price`, `house_price`, `beauty_price`) VALUES
(30, '小星', '⚠️已接種完成3劑疫苗及定期篩檢，請家長放心⚠️\n🐱🐶有3年個人中途經驗\n🐶從小就非常喜歡小動物對他們也很有耐心的\n家中養的布偶貓是朋友因為家庭因素沒辦法飼養，加上我第一次遇見她就覺得特別有眼緣，所以直接帶回家照顧😍', 'user30@example.com', '0952487661', '<div class=\"d-flex flex-column gap-2\">\n                  <p class=\"size-7\">&#128205; 住宿部分預約須知：</p>\n                  <p>1.需有按時吃驅蟲藥以及心絲蟲</p>\n                  <p>2.需自備碗、飼料（鮮食）、牽繩、自家小被被（可有可無）</p>\n                  <p>\n                    3.需誠實告知狗狗習性，如：護食、不喜歡公狗、比較敏感、有嚴重區域，不喜歡被摸屁屁、耳朵等等\n                  </p>\n                  <p>4.信任彼此 ⚠️毛孩如有任何過敏體質或是食物請告知</p>\n\n                  <p class=\"size-7 mt-2\">&#128205; 家中環境介紹：</p>\n                  <p>\n                    家裡有廣大的空地（有安排防護）以及24小時過濾水提供（不是自來水或地下水）陽光充足\n                  </p>\n                  <p>\n                    住宿不關籠（如有關籠需求提前告知）、睡覺睡室內玩耍再室外，環境不是最乾淨但絕對不無聊，安排多項供貓咪玩耍的玩具及高空環境\n                  </p>\n                  <p>\n                    老寶貝也可來住宿，有獨立空間感不受打擾，清幽住宿，安心養老。\n                  </p>\n                  <p>✅全職的保姆，寶貝24小時陪伴照顧</p>\n                  <p>✅有照顧奶貓7年以上經驗</p>\n                  <p>✅曾在中途之家擔任志工多年</p>\n                  <p class=\"size-7 mt-3\">&#128205; 到府照顧服務說明：</p>\n                  <p>🕍毛孩活動環境整潔（大小便狀況皆會說明）</p>\n                  <p>\n                    🍖餵食、換水補水（寶貝的罐罐需要秤重可以提前告知我喔～）\n                  </p>\n                  <p>💡毛孩狀況照實回報，主人安心出門</p>\n                  <p>🤹🏼‍♀️陪伴娛樂玩耍🎢</p>\n                  <p>📸隨時側拍毛孩給家長看，讓家長身歷其中🥰</p>\n                  <p>✅✅進門前皆會消毒雙手並且告訴家長已抵達家中服務</p>\n                  <p>\n                    ⭐️⭐️第一次預約可找時間安排一個免費家訪，與毛孩彼此互相了解、熟悉。也讓家長更認識我，在出遊期間能更安心❤️❤️如果服務日期接近，家訪時間碰不上，會詳細詢問毛孩狀況以及在家中習慣…等等🐶🐱\n                  </p>\n                </div>', '苗栗縣', 1, 0, 0, 400, 600, 400),
(31, '王小明', '⚠️已接種完成3劑疫苗及定期篩檢，請家長放心⚠️\n🐱🐶有3年個人中途經驗\n🐶從小就非常喜歡小動物對他們也很有耐心的\n家中養的布偶貓是朋友因為家庭因素沒辦法飼養，加上我第一次遇見她就覺得特別有眼緣，所以直接帶回家照顧😍', 'user31@example.com', '0952487662', '<div class=\"d-flex flex-column gap-2\">\n                  <p class=\"size-7\">&#128205; 住宿部分預約須知：</p>\n                  <p>1.需有按時吃驅蟲藥以及心絲蟲</p>\n                  <p>2.需自備碗、飼料（鮮食）、牽繩、自家小被被（可有可無）</p>\n                  <p>\n                    3.需誠實告知狗狗習性，如：護食、不喜歡公狗、比較敏感、有嚴重區域，不喜歡被摸屁屁、耳朵等等\n                  </p>\n                  <p>4.信任彼此 ⚠️毛孩如有任何過敏體質或是食物請告知</p>\n\n                  <p class=\"size-7 mt-2\">&#128205; 家中環境介紹：</p>\n                  <p>\n                    家裡有廣大的空地（有安排防護）以及24小時過濾水提供（不是自來水或地下水）陽光充足\n                  </p>\n                  <p>\n                    住宿不關籠（如有關籠需求提前告知）、睡覺睡室內玩耍再室外，環境不是最乾淨但絕對不無聊，安排多項供貓咪玩耍的玩具及高空環境\n                  </p>\n                  <p>\n                    老寶貝也可來住宿，有獨立空間感不受打擾，清幽住宿，安心養老。\n                  </p>\n                  <p>✅全職的保姆，寶貝24小時陪伴照顧</p>\n                  <p>✅有照顧奶貓7年以上經驗</p>\n                  <p>✅曾在中途之家擔任志工多年</p>\n                  <p class=\"size-7 mt-3\">&#128205; 到府照顧服務說明：</p>\n                  <p>🕍毛孩活動環境整潔（大小便狀況皆會說明）</p>\n                  <p>\n                    🍖餵食、換水補水（寶貝的罐罐需要秤重可以提前告知我喔～）\n                  </p>\n                  <p>💡毛孩狀況照實回報，主人安心出門</p>\n                  <p>🤹🏼‍♀️陪伴娛樂玩耍🎢</p>\n                  <p>📸隨時側拍毛孩給家長看，讓家長身歷其中🥰</p>\n                  <p>✅✅進門前皆會消毒雙手並且告訴家長已抵達家中服務</p>\n                  <p>\n                    ⭐️⭐️第一次預約可找時間安排一個免費家訪，與毛孩彼此互相了解、熟悉。也讓家長更認識我，在出遊期間能更安心❤️❤️如果服務日期接近，家訪時間碰不上，會詳細詢問毛孩狀況以及在家中習慣…等等🐶🐱\n                  </p>\n                </div>', '彰化縣', 0, 0, 1, 350, 850, 400),
(32, '張麗華', '⚠️已接種完成3劑疫苗及定期篩檢，請家長放心⚠️\n🐱🐶有3年個人中途經驗\n🐶從小就非常喜歡小動物對他們也很有耐心的\n家中養的布偶貓是朋友因為家庭因素沒辦法飼養，加上我第一次遇見她就覺得特別有眼緣，所以直接帶回家照顧😍', 'user32@example.com', '0952487663', '<div class=\"d-flex flex-column gap-2\">\n                  <p class=\"size-7\">&#128205; 住宿部分預約須知：</p>\n                  <p>1.需有按時吃驅蟲藥以及心絲蟲</p>\n                  <p>2.需自備碗、飼料（鮮食）、牽繩、自家小被被（可有可無）</p>\n                  <p>\n                    3.需誠實告知狗狗習性，如：護食、不喜歡公狗、比較敏感、有嚴重區域，不喜歡被摸屁屁、耳朵等等\n                  </p>\n                  <p>4.信任彼此 ⚠️毛孩如有任何過敏體質或是食物請告知</p>\n\n                  <p class=\"size-7 mt-2\">&#128205; 家中環境介紹：</p>\n                  <p>\n                    家裡有廣大的空地（有安排防護）以及24小時過濾水提供（不是自來水或地下水）陽光充足\n                  </p>\n                  <p>\n                    住宿不關籠（如有關籠需求提前告知）、睡覺睡室內玩耍再室外，環境不是最乾淨但絕對不無聊，安排多項供貓咪玩耍的玩具及高空環境\n                  </p>\n                  <p>\n                    老寶貝也可來住宿，有獨立空間感不受打擾，清幽住宿，安心養老。\n                  </p>\n                  <p>✅全職的保姆，寶貝24小時陪伴照顧</p>\n                  <p>✅有照顧奶貓7年以上經驗</p>\n                  <p>✅曾在中途之家擔任志工多年</p>\n                  <p class=\"size-7 mt-3\">&#128205; 到府照顧服務說明：</p>\n                  <p>🕍毛孩活動環境整潔（大小便狀況皆會說明）</p>\n                  <p>\n                    🍖餵食、換水補水（寶貝的罐罐需要秤重可以提前告知我喔～）\n                  </p>\n                  <p>💡毛孩狀況照實回報，主人安心出門</p>\n                  <p>🤹🏼‍♀️陪伴娛樂玩耍🎢</p>\n                  <p>📸隨時側拍毛孩給家長看，讓家長身歷其中🥰</p>\n                  <p>✅✅進門前皆會消毒雙手並且告訴家長已抵達家中服務</p>\n                  <p>\n                    ⭐️⭐️第一次預約可找時間安排一個免費家訪，與毛孩彼此互相了解、熟悉。也讓家長更認識我，在出遊期間能更安心❤️❤️如果服務日期接近，家訪時間碰不上，會詳細詢問毛孩狀況以及在家中習慣…等等🐶🐱\n                  </p>\n                </div>', '南投縣', 0, 1, 0, 350, 850, 400),
(33, '李偉民', '⚠️已接種完成3劑疫苗及定期篩檢，請家長放心⚠️\n🐱🐶有3年個人中途經驗\n🐶從小就非常喜歡小動物對他們也很有耐心的\n家中養的布偶貓是朋友因為家庭因素沒辦法飼養，加上我第一次遇見她就覺得特別有眼緣，所以直接帶回家照顧😍', 'user33@example.com', '0952487664', '<div class=\"d-flex flex-column gap-2\">\n                  <p class=\"size-7\">&#128205; 住宿部分預約須知：</p>\n                  <p>1.需有按時吃驅蟲藥以及心絲蟲</p>\n                  <p>2.需自備碗、飼料（鮮食）、牽繩、自家小被被（可有可無）</p>\n                  <p>\n                    3.需誠實告知狗狗習性，如：護食、不喜歡公狗、比較敏感、有嚴重區域，不喜歡被摸屁屁、耳朵等等\n                  </p>\n                  <p>4.信任彼此 ⚠️毛孩如有任何過敏體質或是食物請告知</p>\n\n                  <p class=\"size-7 mt-2\">&#128205; 家中環境介紹：</p>\n                  <p>\n                    家裡有廣大的空地（有安排防護）以及24小時過濾水提供（不是自來水或地下水）陽光充足\n                  </p>\n                  <p>\n                    住宿不關籠（如有關籠需求提前告知）、睡覺睡室內玩耍再室外，環境不是最乾淨但絕對不無聊，安排多項供貓咪玩耍的玩具及高空環境\n                  </p>\n                  <p>\n                    老寶貝也可來住宿，有獨立空間感不受打擾，清幽住宿，安心養老。\n                  </p>\n                  <p>✅全職的保姆，寶貝24小時陪伴照顧</p>\n                  <p>✅有照顧奶貓7年以上經驗</p>\n                  <p>✅曾在中途之家擔任志工多年</p>\n                  <p class=\"size-7 mt-3\">&#128205; 到府照顧服務說明：</p>\n                  <p>🕍毛孩活動環境整潔（大小便狀況皆會說明）</p>\n                  <p>\n                    🍖餵食、換水補水（寶貝的罐罐需要秤重可以提前告知我喔～）\n                  </p>\n                  <p>💡毛孩狀況照實回報，主人安心出門</p>\n                  <p>🤹🏼‍♀️陪伴娛樂玩耍🎢</p>\n                  <p>📸隨時側拍毛孩給家長看，讓家長身歷其中🥰</p>\n                  <p>✅✅進門前皆會消毒雙手並且告訴家長已抵達家中服務</p>\n                  <p>\n                    ⭐️⭐️第一次預約可找時間安排一個免費家訪，與毛孩彼此互相了解、熟悉。也讓家長更認識我，在出遊期間能更安心❤️❤️如果服務日期接近，家訪時間碰不上，會詳細詢問毛孩狀況以及在家中習慣…等等🐶🐱\n                  </p>\n                </div>', '雲林縣', 1, 0, 0, 350, 500, 400),
(34, '陳佳琪', '⚠️已接種完成3劑疫苗及定期篩檢，請家長放心⚠️\n🐱🐶有3年個人中途經驗\n🐶從小就非常喜歡小動物對他們也很有耐心的\n家中養的布偶貓是朋友因為家庭因素沒辦法飼養，加上我第一次遇見她就覺得特別有眼緣，所以直接帶回家照顧😍', 'user34@example.com', '0952487665', '<div class=\"d-flex flex-column gap-2\">\n                  <p class=\"size-7\">&#128205; 住宿部分預約須知：</p>\n                  <p>1.需有按時吃驅蟲藥以及心絲蟲</p>\n                  <p>2.需自備碗、飼料（鮮食）、牽繩、自家小被被（可有可無）</p>\n                  <p>\n                    3.需誠實告知狗狗習性，如：護食、不喜歡公狗、比較敏感、有嚴重區域，不喜歡被摸屁屁、耳朵等等\n                  </p>\n                  <p>4.信任彼此 ⚠️毛孩如有任何過敏體質或是食物請告知</p>\n\n                  <p class=\"size-7 mt-2\">&#128205; 家中環境介紹：</p>\n                  <p>\n                    家裡有廣大的空地（有安排防護）以及24小時過濾水提供（不是自來水或地下水）陽光充足\n                  </p>\n                  <p>\n                    住宿不關籠（如有關籠需求提前告知）、睡覺睡室內玩耍再室外，環境不是最乾淨但絕對不無聊，安排多項供貓咪玩耍的玩具及高空環境\n                  </p>\n                  <p>\n                    老寶貝也可來住宿，有獨立空間感不受打擾，清幽住宿，安心養老。\n                  </p>\n                  <p>✅全職的保姆，寶貝24小時陪伴照顧</p>\n                  <p>✅有照顧奶貓7年以上經驗</p>\n                  <p>✅曾在中途之家擔任志工多年</p>\n                  <p class=\"size-7 mt-3\">&#128205; 到府照顧服務說明：</p>\n                  <p>🕍毛孩活動環境整潔（大小便狀況皆會說明）</p>\n                  <p>\n                    🍖餵食、換水補水（寶貝的罐罐需要秤重可以提前告知我喔～）\n                  </p>\n                  <p>💡毛孩狀況照實回報，主人安心出門</p>\n                  <p>🤹🏼‍♀️陪伴娛樂玩耍🎢</p>\n                  <p>📸隨時側拍毛孩給家長看，讓家長身歷其中🥰</p>\n                  <p>✅✅進門前皆會消毒雙手並且告訴家長已抵達家中服務</p>\n                  <p>\n                    ⭐️⭐️第一次預約可找時間安排一個免費家訪，與毛孩彼此互相了解、熟悉。也讓家長更認識我，在出遊期間能更安心❤️❤️如果服務日期接近，家訪時間碰不上，會詳細詢問毛孩狀況以及在家中習慣…等等🐶🐱\n                  </p>\n                </div>', '苗栗縣', 0, 0, 1, 350, 500, 600),
(35, '鄭文傑', '⚠️已接種完成3劑疫苗及定期篩檢，請家長放心⚠️\n🐱🐶有3年個人中途經驗\n🐶從小就非常喜歡小動物對他們也很有耐心的\n家中養的布偶貓是朋友因為家庭因素沒辦法飼養，加上我第一次遇見她就覺得特別有眼緣，所以直接帶回家照顧😍', 'user35@example.com', '0952487666', '<div class=\"d-flex flex-column gap-2\">\n                  <p class=\"size-7\">&#128205; 住宿部分預約須知：</p>\n                  <p>1.需有按時吃驅蟲藥以及心絲蟲</p>\n                  <p>2.需自備碗、飼料（鮮食）、牽繩、自家小被被（可有可無）</p>\n                  <p>\n                    3.需誠實告知狗狗習性，如：護食、不喜歡公狗、比較敏感、有嚴重區域，不喜歡被摸屁屁、耳朵等等\n                  </p>\n                  <p>4.信任彼此 ⚠️毛孩如有任何過敏體質或是食物請告知</p>\n\n                  <p class=\"size-7 mt-2\">&#128205; 家中環境介紹：</p>\n                  <p>\n                    家裡有廣大的空地（有安排防護）以及24小時過濾水提供（不是自來水或地下水）陽光充足\n                  </p>\n                  <p>\n                    住宿不關籠（如有關籠需求提前告知）、睡覺睡室內玩耍再室外，環境不是最乾淨但絕對不無聊，安排多項供貓咪玩耍的玩具及高空環境\n                  </p>\n                  <p>\n                    老寶貝也可來住宿，有獨立空間感不受打擾，清幽住宿，安心養老。\n                  </p>\n                  <p>✅全職的保姆，寶貝24小時陪伴照顧</p>\n                  <p>✅有照顧奶貓7年以上經驗</p>\n                  <p>✅曾在中途之家擔任志工多年</p>\n                  <p class=\"size-7 mt-3\">&#128205; 到府照顧服務說明：</p>\n                  <p>🕍毛孩活動環境整潔（大小便狀況皆會說明）</p>\n                  <p>\n                    🍖餵食、換水補水（寶貝的罐罐需要秤重可以提前告知我喔～）\n                  </p>\n                  <p>💡毛孩狀況照實回報，主人安心出門</p>\n                  <p>🤹🏼‍♀️陪伴娛樂玩耍🎢</p>\n                  <p>📸隨時側拍毛孩給家長看，讓家長身歷其中🥰</p>\n                  <p>✅✅進門前皆會消毒雙手並且告訴家長已抵達家中服務</p>\n                  <p>\n                    ⭐️⭐️第一次預約可找時間安排一個免費家訪，與毛孩彼此互相了解、熟悉。也讓家長更認識我，在出遊期間能更安心❤️❤️如果服務日期接近，家訪時間碰不上，會詳細詢問毛孩狀況以及在家中習慣…等等🐶🐱\n                  </p>\n                </div>', '彰化縣', 0, 0, 1, 450, 700, 450),
(36, '楊曉晨', '⚠️已接種完成3劑疫苗及定期篩檢，請家長放心⚠️\n🐱🐶有3年個人中途經驗\n🐶從小就非常喜歡小動物對他們也很有耐心的\n家中養的布偶貓是朋友因為家庭因素沒辦法飼養，加上我第一次遇見她就覺得特別有眼緣，所以直接帶回家照顧😍', 'user36@example.com', '0952487667', '<div class=\"d-flex flex-column gap-2\">\n                  <p class=\"size-7\">&#128205; 住宿部分預約須知：</p>\n                  <p>1.需有按時吃驅蟲藥以及心絲蟲</p>\n                  <p>2.需自備碗、飼料（鮮食）、牽繩、自家小被被（可有可無）</p>\n                  <p>\n                    3.需誠實告知狗狗習性，如：護食、不喜歡公狗、比較敏感、有嚴重區域，不喜歡被摸屁屁、耳朵等等\n                  </p>\n                  <p>4.信任彼此 ⚠️毛孩如有任何過敏體質或是食物請告知</p>\n\n                  <p class=\"size-7 mt-2\">&#128205; 家中環境介紹：</p>\n                  <p>\n                    家裡有廣大的空地（有安排防護）以及24小時過濾水提供（不是自來水或地下水）陽光充足\n                  </p>\n                  <p>\n                    住宿不關籠（如有關籠需求提前告知）、睡覺睡室內玩耍再室外，環境不是最乾淨但絕對不無聊，安排多項供貓咪玩耍的玩具及高空環境\n                  </p>\n                  <p>\n                    老寶貝也可來住宿，有獨立空間感不受打擾，清幽住宿，安心養老。\n                  </p>\n                  <p>✅全職的保姆，寶貝24小時陪伴照顧</p>\n                  <p>✅有照顧奶貓7年以上經驗</p>\n                  <p>✅曾在中途之家擔任志工多年</p>\n                  <p class=\"size-7 mt-3\">&#128205; 到府照顧服務說明：</p>\n                  <p>🕍毛孩活動環境整潔（大小便狀況皆會說明）</p>\n                  <p>\n                    🍖餵食、換水補水（寶貝的罐罐需要秤重可以提前告知我喔～）\n                  </p>\n                  <p>💡毛孩狀況照實回報，主人安心出門</p>\n                  <p>🤹🏼‍♀️陪伴娛樂玩耍🎢</p>\n                  <p>📸隨時側拍毛孩給家長看，讓家長身歷其中🥰</p>\n                  <p>✅✅進門前皆會消毒雙手並且告訴家長已抵達家中服務</p>\n                  <p>\n                    ⭐️⭐️第一次預約可找時間安排一個免費家訪，與毛孩彼此互相了解、熟悉。也讓家長更認識我，在出遊期間能更安心❤️❤️如果服務日期接近，家訪時間碰不上，會詳細詢問毛孩狀況以及在家中習慣…等等🐶🐱\n                  </p>\n                </div>', '南投縣', 0, 1, 0, 450, 700, 450),
(37, '黃志強', '⚠️已接種完成3劑疫苗及定期篩檢，請家長放心⚠️\n🐱🐶有3年個人中途經驗\n🐶從小就非常喜歡小動物對他們也很有耐心的\n家中養的布偶貓是朋友因為家庭因素沒辦法飼養，加上我第一次遇見她就覺得特別有眼緣，所以直接帶回家照顧😍', 'user37@example.com', '0952487668', '<div class=\"d-flex flex-column gap-2\">\n                  <p class=\"size-7\">&#128205; 住宿部分預約須知：</p>\n                  <p>1.需有按時吃驅蟲藥以及心絲蟲</p>\n                  <p>2.需自備碗、飼料（鮮食）、牽繩、自家小被被（可有可無）</p>\n                  <p>\n                    3.需誠實告知狗狗習性，如：護食、不喜歡公狗、比較敏感、有嚴重區域，不喜歡被摸屁屁、耳朵等等\n                  </p>\n                  <p>4.信任彼此 ⚠️毛孩如有任何過敏體質或是食物請告知</p>\n\n                  <p class=\"size-7 mt-2\">&#128205; 家中環境介紹：</p>\n                  <p>\n                    家裡有廣大的空地（有安排防護）以及24小時過濾水提供（不是自來水或地下水）陽光充足\n                  </p>\n                  <p>\n                    住宿不關籠（如有關籠需求提前告知）、睡覺睡室內玩耍再室外，環境不是最乾淨但絕對不無聊，安排多項供貓咪玩耍的玩具及高空環境\n                  </p>\n                  <p>\n                    老寶貝也可來住宿，有獨立空間感不受打擾，清幽住宿，安心養老。\n                  </p>\n                  <p>✅全職的保姆，寶貝24小時陪伴照顧</p>\n                  <p>✅有照顧奶貓7年以上經驗</p>\n                  <p>✅曾在中途之家擔任志工多年</p>\n                  <p class=\"size-7 mt-3\">&#128205; 到府照顧服務說明：</p>\n                  <p>🕍毛孩活動環境整潔（大小便狀況皆會說明）</p>\n                  <p>\n                    🍖餵食、換水補水（寶貝的罐罐需要秤重可以提前告知我喔～）\n                  </p>\n                  <p>💡毛孩狀況照實回報，主人安心出門</p>\n                  <p>🤹🏼‍♀️陪伴娛樂玩耍🎢</p>\n                  <p>📸隨時側拍毛孩給家長看，讓家長身歷其中🥰</p>\n                  <p>✅✅進門前皆會消毒雙手並且告訴家長已抵達家中服務</p>\n                  <p>\n                    ⭐️⭐️第一次預約可找時間安排一個免費家訪，與毛孩彼此互相了解、熟悉。也讓家長更認識我，在出遊期間能更安心❤️❤️如果服務日期接近，家訪時間碰不上，會詳細詢問毛孩狀況以及在家中習慣…等等🐶🐱\n                  </p>\n                </div>', '雲林縣', 1, 0, 0, 450, 700, 450),
(38, '西瓜', '⚠️已接種完成3劑疫苗及定期篩檢，請家長放心⚠️\n🐱🐶有3年個人中途經驗\n🐶從小就非常喜歡小動物對他們也很有耐心的\n家中養的布偶貓是朋友因為家庭因素沒辦法飼養，加上我第一次遇見她就覺得特別有眼緣，所以直接帶回家照顧😍', 'user38@example.com', '0952487669', '<div class=\"d-flex flex-column gap-2\">\n                  <p class=\"size-7\">&#128205; 住宿部分預約須知：</p>\n                  <p>1.需有按時吃驅蟲藥以及心絲蟲</p>\n                  <p>2.需自備碗、飼料（鮮食）、牽繩、自家小被被（可有可無）</p>\n                  <p>\n                    3.需誠實告知狗狗習性，如：護食、不喜歡公狗、比較敏感、有嚴重區域，不喜歡被摸屁屁、耳朵等等\n                  </p>\n                  <p>4.信任彼此 ⚠️毛孩如有任何過敏體質或是食物請告知</p>\n\n                  <p class=\"size-7 mt-2\">&#128205; 家中環境介紹：</p>\n                  <p>\n                    家裡有廣大的空地（有安排防護）以及24小時過濾水提供（不是自來水或地下水）陽光充足\n                  </p>\n                  <p>\n                    住宿不關籠（如有關籠需求提前告知）、睡覺睡室內玩耍再室外，環境不是最乾淨但絕對不無聊，安排多項供貓咪玩耍的玩具及高空環境\n                  </p>\n                  <p>\n                    老寶貝也可來住宿，有獨立空間感不受打擾，清幽住宿，安心養老。\n                  </p>\n                  <p>✅全職的保姆，寶貝24小時陪伴照顧</p>\n                  <p>✅有照顧奶貓7年以上經驗</p>\n                  <p>✅曾在中途之家擔任志工多年</p>\n                  <p class=\"size-7 mt-3\">&#128205; 到府照顧服務說明：</p>\n                  <p>🕍毛孩活動環境整潔（大小便狀況皆會說明）</p>\n                  <p>\n                    🍖餵食、換水補水（寶貝的罐罐需要秤重可以提前告知我喔～）\n                  </p>\n                  <p>💡毛孩狀況照實回報，主人安心出門</p>\n                  <p>🤹🏼‍♀️陪伴娛樂玩耍🎢</p>\n                  <p>📸隨時側拍毛孩給家長看，讓家長身歷其中🥰</p>\n                  <p>✅✅進門前皆會消毒雙手並且告訴家長已抵達家中服務</p>\n                  <p>\n                    ⭐️⭐️第一次預約可找時間安排一個免費家訪，與毛孩彼此互相了解、熟悉。也讓家長更認識我，在出遊期間能更安心❤️❤️如果服務日期接近，家訪時間碰不上，會詳細詢問毛孩狀況以及在家中習慣…等等🐶🐱\n                  </p>\n                </div>', '嘉義市', 1, 0, 1, 450, 600, 900),
(39, '落葉', '⚠️已接種完成3劑疫苗及定期篩檢，請家長放心⚠️\n🐱🐶有3年個人中途經驗\n🐶從小就非常喜歡小動物對他們也很有耐心的\n家中養的布偶貓是朋友因為家庭因素沒辦法飼養，加上我第一次遇見她就覺得特別有眼緣，所以直接帶回家照顧😍', 'user39@example.com', '0952487670', '<div class=\"d-flex flex-column gap-2\">\n                  <p class=\"size-7\">&#128205; 住宿部分預約須知：</p>\n                  <p>1.需有按時吃驅蟲藥以及心絲蟲</p>\n                  <p>2.需自備碗、飼料（鮮食）、牽繩、自家小被被（可有可無）</p>\n                  <p>\n                    3.需誠實告知狗狗習性，如：護食、不喜歡公狗、比較敏感、有嚴重區域，不喜歡被摸屁屁、耳朵等等\n                  </p>\n                  <p>4.信任彼此 ⚠️毛孩如有任何過敏體質或是食物請告知</p>\n\n                  <p class=\"size-7 mt-2\">&#128205; 家中環境介紹：</p>\n                  <p>\n                    家裡有廣大的空地（有安排防護）以及24小時過濾水提供（不是自來水或地下水）陽光充足\n                  </p>\n                  <p>\n                    住宿不關籠（如有關籠需求提前告知）、睡覺睡室內玩耍再室外，環境不是最乾淨但絕對不無聊，安排多項供貓咪玩耍的玩具及高空環境\n                  </p>\n                  <p>\n                    老寶貝也可來住宿，有獨立空間感不受打擾，清幽住宿，安心養老。\n                  </p>\n                  <p>✅全職的保姆，寶貝24小時陪伴照顧</p>\n                  <p>✅有照顧奶貓7年以上經驗</p>\n                  <p>✅曾在中途之家擔任志工多年</p>\n                  <p class=\"size-7 mt-3\">&#128205; 到府照顧服務說明：</p>\n                  <p>🕍毛孩活動環境整潔（大小便狀況皆會說明）</p>\n                  <p>\n                    🍖餵食、換水補水（寶貝的罐罐需要秤重可以提前告知我喔～）\n                  </p>\n                  <p>💡毛孩狀況照實回報，主人安心出門</p>\n                  <p>🤹🏼‍♀️陪伴娛樂玩耍🎢</p>\n                  <p>📸隨時側拍毛孩給家長看，讓家長身歷其中🥰</p>\n                  <p>✅✅進門前皆會消毒雙手並且告訴家長已抵達家中服務</p>\n                  <p>\n                    ⭐️⭐️第一次預約可找時間安排一個免費家訪，與毛孩彼此互相了解、熟悉。也讓家長更認識我，在出遊期間能更安心❤️❤️如果服務日期接近，家訪時間碰不上，會詳細詢問毛孩狀況以及在家中習慣…等等🐶🐱\n                  </p>\n                </div>', '嘉義縣', 0, 1, 1, 450, 600, 900),
(40, '葡萄', '⚠️已接種完成3劑疫苗及定期篩檢，請家長放心⚠️\n🐱🐶有3年個人中途經驗\n🐶從小就非常喜歡小動物對他們也很有耐心的\n家中養的布偶貓是朋友因為家庭因素沒辦法飼養，加上我第一次遇見她就覺得特別有眼緣，所以直接帶回家照顧😍', 'user40@example.com', '0952487671', '<div class=\"d-flex flex-column gap-2\">\n                  <p class=\"size-7\">&#128205; 住宿部分預約須知：</p>\n                  <p>1.需有按時吃驅蟲藥以及心絲蟲</p>\n                  <p>2.需自備碗、飼料（鮮食）、牽繩、自家小被被（可有可無）</p>\n                  <p>\n                    3.需誠實告知狗狗習性，如：護食、不喜歡公狗、比較敏感、有嚴重區域，不喜歡被摸屁屁、耳朵等等\n                  </p>\n                  <p>4.信任彼此 ⚠️毛孩如有任何過敏體質或是食物請告知</p>\n\n                  <p class=\"size-7 mt-2\">&#128205; 家中環境介紹：</p>\n                  <p>\n                    家裡有廣大的空地（有安排防護）以及24小時過濾水提供（不是自來水或地下水）陽光充足\n                  </p>\n                  <p>\n                    住宿不關籠（如有關籠需求提前告知）、睡覺睡室內玩耍再室外，環境不是最乾淨但絕對不無聊，安排多項供貓咪玩耍的玩具及高空環境\n                  </p>\n                  <p>\n                    老寶貝也可來住宿，有獨立空間感不受打擾，清幽住宿，安心養老。\n                  </p>\n                  <p>✅全職的保姆，寶貝24小時陪伴照顧</p>\n                  <p>✅有照顧奶貓7年以上經驗</p>\n                  <p>✅曾在中途之家擔任志工多年</p>\n                  <p class=\"size-7 mt-3\">&#128205; 到府照顧服務說明：</p>\n                  <p>🕍毛孩活動環境整潔（大小便狀況皆會說明）</p>\n                  <p>\n                    🍖餵食、換水補水（寶貝的罐罐需要秤重可以提前告知我喔～）\n                  </p>\n                  <p>💡毛孩狀況照實回報，主人安心出門</p>\n                  <p>🤹🏼‍♀️陪伴娛樂玩耍🎢</p>\n                  <p>📸隨時側拍毛孩給家長看，讓家長身歷其中🥰</p>\n                  <p>✅✅進門前皆會消毒雙手並且告訴家長已抵達家中服務</p>\n                  <p>\n                    ⭐️⭐️第一次預約可找時間安排一個免費家訪，與毛孩彼此互相了解、熟悉。也讓家長更認識我，在出遊期間能更安心❤️❤️如果服務日期接近，家訪時間碰不上，會詳細詢問毛孩狀況以及在家中習慣…等等🐶🐱\n                  </p>\n                </div>', '屏東縣', 1, 0, 0, 450, 850, 400),
(41, '咖啡', '⚠️已接種完成3劑疫苗及定期篩檢，請家長放心⚠️\n🐱🐶有3年個人中途經驗\n🐶從小就非常喜歡小動物對他們也很有耐心的\n家中養的布偶貓是朋友因為家庭因素沒辦法飼養，加上我第一次遇見她就覺得特別有眼緣，所以直接帶回家照顧😍', 'user41@example.com', '0952487672', '<div class=\"d-flex flex-column gap-2\">\n                  <p class=\"size-7\">&#128205; 住宿部分預約須知：</p>\n                  <p>1.需有按時吃驅蟲藥以及心絲蟲</p>\n                  <p>2.需自備碗、飼料（鮮食）、牽繩、自家小被被（可有可無）</p>\n                  <p>\n                    3.需誠實告知狗狗習性，如：護食、不喜歡公狗、比較敏感、有嚴重區域，不喜歡被摸屁屁、耳朵等等\n                  </p>\n                  <p>4.信任彼此 ⚠️毛孩如有任何過敏體質或是食物請告知</p>\n\n                  <p class=\"size-7 mt-2\">&#128205; 家中環境介紹：</p>\n                  <p>\n                    家裡有廣大的空地（有安排防護）以及24小時過濾水提供（不是自來水或地下水）陽光充足\n                  </p>\n                  <p>\n                    住宿不關籠（如有關籠需求提前告知）、睡覺睡室內玩耍再室外，環境不是最乾淨但絕對不無聊，安排多項供貓咪玩耍的玩具及高空環境\n                  </p>\n                  <p>\n                    老寶貝也可來住宿，有獨立空間感不受打擾，清幽住宿，安心養老。\n                  </p>\n                  <p>✅全職的保姆，寶貝24小時陪伴照顧</p>\n                  <p>✅有照顧奶貓7年以上經驗</p>\n                  <p>✅曾在中途之家擔任志工多年</p>\n                  <p class=\"size-7 mt-3\">&#128205; 到府照顧服務說明：</p>\n                  <p>🕍毛孩活動環境整潔（大小便狀況皆會說明）</p>\n                  <p>\n                    🍖餵食、換水補水（寶貝的罐罐需要秤重可以提前告知我喔～）\n                  </p>\n                  <p>💡毛孩狀況照實回報，主人安心出門</p>\n                  <p>🤹🏼‍♀️陪伴娛樂玩耍🎢</p>\n                  <p>📸隨時側拍毛孩給家長看，讓家長身歷其中🥰</p>\n                  <p>✅✅進門前皆會消毒雙手並且告訴家長已抵達家中服務</p>\n                  <p>\n                    ⭐️⭐️第一次預約可找時間安排一個免費家訪，與毛孩彼此互相了解、熟悉。也讓家長更認識我，在出遊期間能更安心❤️❤️如果服務日期接近，家訪時間碰不上，會詳細詢問毛孩狀況以及在家中習慣…等等🐶🐱\n                  </p>\n                </div>', '宜蘭縣', 1, 1, 0, 450, 900, 800),
(42, '橙子', '⚠️已接種完成3劑疫苗及定期篩檢，請家長放心⚠️\n🐱🐶有3年個人中途經驗\n🐶從小就非常喜歡小動物對他們也很有耐心的\n家中養的布偶貓是朋友因為家庭因素沒辦法飼養，加上我第一次遇見她就覺得特別有眼緣，所以直接帶回家照顧😍', 'user42@example.com', '0952487673', '<div class=\"d-flex flex-column gap-2\">\n                  <p class=\"size-7\">&#128205; 住宿部分預約須知：</p>\n                  <p>1.需有按時吃驅蟲藥以及心絲蟲</p>\n                  <p>2.需自備碗、飼料（鮮食）、牽繩、自家小被被（可有可無）</p>\n                  <p>\n                    3.需誠實告知狗狗習性，如：護食、不喜歡公狗、比較敏感、有嚴重區域，不喜歡被摸屁屁、耳朵等等\n                  </p>\n                  <p>4.信任彼此 ⚠️毛孩如有任何過敏體質或是食物請告知</p>\n\n                  <p class=\"size-7 mt-2\">&#128205; 家中環境介紹：</p>\n                  <p>\n                    家裡有廣大的空地（有安排防護）以及24小時過濾水提供（不是自來水或地下水）陽光充足\n                  </p>\n                  <p>\n                    住宿不關籠（如有關籠需求提前告知）、睡覺睡室內玩耍再室外，環境不是最乾淨但絕對不無聊，安排多項供貓咪玩耍的玩具及高空環境\n                  </p>\n                  <p>\n                    老寶貝也可來住宿，有獨立空間感不受打擾，清幽住宿，安心養老。\n                  </p>\n                  <p>✅全職的保姆，寶貝24小時陪伴照顧</p>\n                  <p>✅有照顧奶貓7年以上經驗</p>\n                  <p>✅曾在中途之家擔任志工多年</p>\n                  <p class=\"size-7 mt-3\">&#128205; 到府照顧服務說明：</p>\n                  <p>🕍毛孩活動環境整潔（大小便狀況皆會說明）</p>\n                  <p>\n                    🍖餵食、換水補水（寶貝的罐罐需要秤重可以提前告知我喔～）\n                  </p>\n                  <p>💡毛孩狀況照實回報，主人安心出門</p>\n                  <p>🤹🏼‍♀️陪伴娛樂玩耍🎢</p>\n                  <p>📸隨時側拍毛孩給家長看，讓家長身歷其中🥰</p>\n                  <p>✅✅進門前皆會消毒雙手並且告訴家長已抵達家中服務</p>\n                  <p>\n                    ⭐️⭐️第一次預約可找時間安排一個免費家訪，與毛孩彼此互相了解、熟悉。也讓家長更認識我，在出遊期間能更安心❤️❤️如果服務日期接近，家訪時間碰不上，會詳細詢問毛孩狀況以及在家中習慣…等等🐶🐱\n                  </p>\n                </div>', '花蓮縣', 0, 1, 1, 400, 900, 800),
(43, '雷雷', '⚠️已接種完成3劑疫苗及定期篩檢，請家長放心⚠️\n🐱🐶有3年個人中途經驗\n🐶從小就非常喜歡小動物對他們也很有耐心的\n家中養的布偶貓是朋友因為家庭因素沒辦法飼養，加上我第一次遇見她就覺得特別有眼緣，所以直接帶回家照顧😍', 'user43@example.com', '0952487674', '<div class=\"d-flex flex-column gap-2\">\n                  <p class=\"size-7\">&#128205; 住宿部分預約須知：</p>\n                  <p>1.需有按時吃驅蟲藥以及心絲蟲</p>\n                  <p>2.需自備碗、飼料（鮮食）、牽繩、自家小被被（可有可無）</p>\n                  <p>\n                    3.需誠實告知狗狗習性，如：護食、不喜歡公狗、比較敏感、有嚴重區域，不喜歡被摸屁屁、耳朵等等\n                  </p>\n                  <p>4.信任彼此 ⚠️毛孩如有任何過敏體質或是食物請告知</p>\n\n                  <p class=\"size-7 mt-2\">&#128205; 家中環境介紹：</p>\n                  <p>\n                    家裡有廣大的空地（有安排防護）以及24小時過濾水提供（不是自來水或地下水）陽光充足\n                  </p>\n                  <p>\n                    住宿不關籠（如有關籠需求提前告知）、睡覺睡室內玩耍再室外，環境不是最乾淨但絕對不無聊，安排多項供貓咪玩耍的玩具及高空環境\n                  </p>\n                  <p>\n                    老寶貝也可來住宿，有獨立空間感不受打擾，清幽住宿，安心養老。\n                  </p>\n                  <p>✅全職的保姆，寶貝24小時陪伴照顧</p>\n                  <p>✅有照顧奶貓7年以上經驗</p>\n                  <p>✅曾在中途之家擔任志工多年</p>\n                  <p class=\"size-7 mt-3\">&#128205; 到府照顧服務說明：</p>\n                  <p>🕍毛孩活動環境整潔（大小便狀況皆會說明）</p>\n                  <p>\n                    🍖餵食、換水補水（寶貝的罐罐需要秤重可以提前告知我喔～）\n                  </p>\n                  <p>💡毛孩狀況照實回報，主人安心出門</p>\n                  <p>🤹🏼‍♀️陪伴娛樂玩耍🎢</p>\n                  <p>📸隨時側拍毛孩給家長看，讓家長身歷其中🥰</p>\n                  <p>✅✅進門前皆會消毒雙手並且告訴家長已抵達家中服務</p>\n                  <p>\n                    ⭐️⭐️第一次預約可找時間安排一個免費家訪，與毛孩彼此互相了解、熟悉。也讓家長更認識我，在出遊期間能更安心❤️❤️如果服務日期接近，家訪時間碰不上，會詳細詢問毛孩狀況以及在家中習慣…等等🐶🐱\n                  </p>\n                </div>', '台東縣', 1, 0, 0, 400, 900, 800),
(44, '茄汁蛋', '⚠️已接種完成3劑疫苗及定期篩檢，請家長放心⚠️\n🐱🐶有3年個人中途經驗\n🐶從小就非常喜歡小動物對他們也很有耐心的\n家中養的布偶貓是朋友因為家庭因素沒辦法飼養，加上我第一次遇見她就覺得特別有眼緣，所以直接帶回家照顧😍', 'user44@example.com', '0952487675', '<div class=\"d-flex flex-column gap-2\">\n                  <p class=\"size-7\">&#128205; 住宿部分預約須知：</p>\n                  <p>1.需有按時吃驅蟲藥以及心絲蟲</p>\n                  <p>2.需自備碗、飼料（鮮食）、牽繩、自家小被被（可有可無）</p>\n                  <p>\n                    3.需誠實告知狗狗習性，如：護食、不喜歡公狗、比較敏感、有嚴重區域，不喜歡被摸屁屁、耳朵等等\n                  </p>\n                  <p>4.信任彼此 ⚠️毛孩如有任何過敏體質或是食物請告知</p>\n\n                  <p class=\"size-7 mt-2\">&#128205; 家中環境介紹：</p>\n                  <p>\n                    家裡有廣大的空地（有安排防護）以及24小時過濾水提供（不是自來水或地下水）陽光充足\n                  </p>\n                  <p>\n                    住宿不關籠（如有關籠需求提前告知）、睡覺睡室內玩耍再室外，環境不是最乾淨但絕對不無聊，安排多項供貓咪玩耍的玩具及高空環境\n                  </p>\n                  <p>\n                    老寶貝也可來住宿，有獨立空間感不受打擾，清幽住宿，安心養老。\n                  </p>\n                  <p>✅全職的保姆，寶貝24小時陪伴照顧</p>\n                  <p>✅有照顧奶貓7年以上經驗</p>\n                  <p>✅曾在中途之家擔任志工多年</p>\n                  <p class=\"size-7 mt-3\">&#128205; 到府照顧服務說明：</p>\n                  <p>🕍毛孩活動環境整潔（大小便狀況皆會說明）</p>\n                  <p>\n                    🍖餵食、換水補水（寶貝的罐罐需要秤重可以提前告知我喔～）\n                  </p>\n                  <p>💡毛孩狀況照實回報，主人安心出門</p>\n                  <p>🤹🏼‍♀️陪伴娛樂玩耍🎢</p>\n                  <p>📸隨時側拍毛孩給家長看，讓家長身歷其中🥰</p>\n                  <p>✅✅進門前皆會消毒雙手並且告訴家長已抵達家中服務</p>\n                  <p>\n                    ⭐️⭐️第一次預約可找時間安排一個免費家訪，與毛孩彼此互相了解、熟悉。也讓家長更認識我，在出遊期間能更安心❤️❤️如果服務日期接近，家訪時間碰不上，會詳細詢問毛孩狀況以及在家中習慣…等等🐶🐱\n                  </p>\n                </div>', '澎湖縣', 0, 1, 0, 400, 900, 900),
(45, '椰奶', '⚠️已接種完成3劑疫苗及定期篩檢，請家長放心⚠️\n🐱🐶有3年個人中途經驗\n🐶從小就非常喜歡小動物對他們也很有耐心的\n家中養的布偶貓是朋友因為家庭因素沒辦法飼養，加上我第一次遇見她就覺得特別有眼緣，所以直接帶回家照顧😍', 'user45@example.com', '0952487676', '<div class=\"d-flex flex-column gap-2\">\n                  <p class=\"size-7\">&#128205; 住宿部分預約須知：</p>\n                  <p>1.需有按時吃驅蟲藥以及心絲蟲</p>\n                  <p>2.需自備碗、飼料（鮮食）、牽繩、自家小被被（可有可無）</p>\n                  <p>\n                    3.需誠實告知狗狗習性，如：護食、不喜歡公狗、比較敏感、有嚴重區域，不喜歡被摸屁屁、耳朵等等\n                  </p>\n                  <p>4.信任彼此 ⚠️毛孩如有任何過敏體質或是食物請告知</p>\n\n                  <p class=\"size-7 mt-2\">&#128205; 家中環境介紹：</p>\n                  <p>\n                    家裡有廣大的空地（有安排防護）以及24小時過濾水提供（不是自來水或地下水）陽光充足\n                  </p>\n                  <p>\n                    住宿不關籠（如有關籠需求提前告知）、睡覺睡室內玩耍再室外，環境不是最乾淨但絕對不無聊，安排多項供貓咪玩耍的玩具及高空環境\n                  </p>\n                  <p>\n                    老寶貝也可來住宿，有獨立空間感不受打擾，清幽住宿，安心養老。\n                  </p>\n                  <p>✅全職的保姆，寶貝24小時陪伴照顧</p>\n                  <p>✅有照顧奶貓7年以上經驗</p>\n                  <p>✅曾在中途之家擔任志工多年</p>\n                  <p class=\"size-7 mt-3\">&#128205; 到府照顧服務說明：</p>\n                  <p>🕍毛孩活動環境整潔（大小便狀況皆會說明）</p>\n                  <p>\n                    🍖餵食、換水補水（寶貝的罐罐需要秤重可以提前告知我喔～）\n                  </p>\n                  <p>💡毛孩狀況照實回報，主人安心出門</p>\n                  <p>🤹🏼‍♀️陪伴娛樂玩耍🎢</p>\n                  <p>📸隨時側拍毛孩給家長看，讓家長身歷其中🥰</p>\n                  <p>✅✅進門前皆會消毒雙手並且告訴家長已抵達家中服務</p>\n                  <p>\n                    ⭐️⭐️第一次預約可找時間安排一個免費家訪，與毛孩彼此互相了解、熟悉。也讓家長更認識我，在出遊期間能更安心❤️❤️如果服務日期接近，家訪時間碰不上，會詳細詢問毛孩狀況以及在家中習慣…等等🐶🐱\n                  </p>\n                </div>', '金門縣', 1, 0, 1, 400, 900, 800),
(46, '梨花', '⚠️已接種完成3劑疫苗及定期篩檢，請家長放心⚠️\n🐱🐶有3年個人中途經驗\n🐶從小就非常喜歡小動物對他們也很有耐心的\n家中養的布偶貓是朋友因為家庭因素沒辦法飼養，加上我第一次遇見她就覺得特別有眼緣，所以直接帶回家照顧😍', 'user46@example.com', '0952487677', '<div class=\"d-flex flex-column gap-2\">\n                  <p class=\"size-7\">&#128205; 住宿部分預約須知：</p>\n                  <p>1.需有按時吃驅蟲藥以及心絲蟲</p>\n                  <p>2.需自備碗、飼料（鮮食）、牽繩、自家小被被（可有可無）</p>\n                  <p>\n                    3.需誠實告知狗狗習性，如：護食、不喜歡公狗、比較敏感、有嚴重區域，不喜歡被摸屁屁、耳朵等等\n                  </p>\n                  <p>4.信任彼此 ⚠️毛孩如有任何過敏體質或是食物請告知</p>\n\n                  <p class=\"size-7 mt-2\">&#128205; 家中環境介紹：</p>\n                  <p>\n                    家裡有廣大的空地（有安排防護）以及24小時過濾水提供（不是自來水或地下水）陽光充足\n                  </p>\n                  <p>\n                    住宿不關籠（如有關籠需求提前告知）、睡覺睡室內玩耍再室外，環境不是最乾淨但絕對不無聊，安排多項供貓咪玩耍的玩具及高空環境\n                  </p>\n                  <p>\n                    老寶貝也可來住宿，有獨立空間感不受打擾，清幽住宿，安心養老。\n                  </p>\n                  <p>✅全職的保姆，寶貝24小時陪伴照顧</p>\n                  <p>✅有照顧奶貓7年以上經驗</p>\n                  <p>✅曾在中途之家擔任志工多年</p>\n                  <p class=\"size-7 mt-3\">&#128205; 到府照顧服務說明：</p>\n                  <p>🕍毛孩活動環境整潔（大小便狀況皆會說明）</p>\n                  <p>\n                    🍖餵食、換水補水（寶貝的罐罐需要秤重可以提前告知我喔～）\n                  </p>\n                  <p>💡毛孩狀況照實回報，主人安心出門</p>\n                  <p>🤹🏼‍♀️陪伴娛樂玩耍🎢</p>\n                  <p>📸隨時側拍毛孩給家長看，讓家長身歷其中🥰</p>\n                  <p>✅✅進門前皆會消毒雙手並且告訴家長已抵達家中服務</p>\n                  <p>\n                    ⭐️⭐️第一次預約可找時間安排一個免費家訪，與毛孩彼此互相了解、熟悉。也讓家長更認識我，在出遊期間能更安心❤️❤️如果服務日期接近，家訪時間碰不上，會詳細詢問毛孩狀況以及在家中習慣…等等🐶🐱\n                  </p>\n                </div>', '連江縣', 1, 1, 1, 400, 600, 800),
(47, '蒨倩', '⚠️已接種完成3劑疫苗及定期篩檢，請家長放心⚠️\n🐱🐶有3年個人中途經驗\n🐶從小就非常喜歡小動物對他們也很有耐心的\n家中養的布偶貓是朋友因為家庭因素沒辦法飼養，加上我第一次遇見她就覺得特別有眼緣，所以直接帶回家照顧😍', 'user47@example.com', '0952487678', '<div class=\"d-flex flex-column gap-2\">\n                  <p class=\"size-7\">&#128205; 住宿部分預約須知：</p>\n                  <p>1.需有按時吃驅蟲藥以及心絲蟲</p>\n                  <p>2.需自備碗、飼料（鮮食）、牽繩、自家小被被（可有可無）</p>\n                  <p>\n                    3.需誠實告知狗狗習性，如：護食、不喜歡公狗、比較敏感、有嚴重區域，不喜歡被摸屁屁、耳朵等等\n                  </p>\n                  <p>4.信任彼此 ⚠️毛孩如有任何過敏體質或是食物請告知</p>\n\n                  <p class=\"size-7 mt-2\">&#128205; 家中環境介紹：</p>\n                  <p>\n                    家裡有廣大的空地（有安排防護）以及24小時過濾水提供（不是自來水或地下水）陽光充足\n                  </p>\n                  <p>\n                    住宿不關籠（如有關籠需求提前告知）、睡覺睡室內玩耍再室外，環境不是最乾淨但絕對不無聊，安排多項供貓咪玩耍的玩具及高空環境\n                  </p>\n                  <p>\n                    老寶貝也可來住宿，有獨立空間感不受打擾，清幽住宿，安心養老。\n                  </p>\n                  <p>✅全職的保姆，寶貝24小時陪伴照顧</p>\n                  <p>✅有照顧奶貓7年以上經驗</p>\n                  <p>✅曾在中途之家擔任志工多年</p>\n                  <p class=\"size-7 mt-3\">&#128205; 到府照顧服務說明：</p>\n                  <p>🕍毛孩活動環境整潔（大小便狀況皆會說明）</p>\n                  <p>\n                    🍖餵食、換水補水（寶貝的罐罐需要秤重可以提前告知我喔～）\n                  </p>\n                  <p>💡毛孩狀況照實回報，主人安心出門</p>\n                  <p>🤹🏼‍♀️陪伴娛樂玩耍🎢</p>\n                  <p>📸隨時側拍毛孩給家長看，讓家長身歷其中🥰</p>\n                  <p>✅✅進門前皆會消毒雙手並且告訴家長已抵達家中服務</p>\n                  <p>\n                    ⭐️⭐️第一次預約可找時間安排一個免費家訪，與毛孩彼此互相了解、熟悉。也讓家長更認識我，在出遊期間能更安心❤️❤️如果服務日期接近，家訪時間碰不上，會詳細詢問毛孩狀況以及在家中習慣…等等🐶🐱\n                  </p>\n                </div>', '基隆市', 0, 0, 1, 400, 600, 800),
(48, '範大雄', '⚠️已接種完成3劑疫苗及定期篩檢，請家長放心⚠️\n🐱🐶有3年個人中途經驗\n🐶從小就非常喜歡小動物對他們也很有耐心的\n家中養的布偶貓是朋友因為家庭因素沒辦法飼養，加上我第一次遇見她就覺得特別有眼緣，所以直接帶回家照顧😍', 'user48@example.com', '0952487679', '<div class=\"d-flex flex-column gap-2\">\n                  <p class=\"size-7\">&#128205; 住宿部分預約須知：</p>\n                  <p>1.需有按時吃驅蟲藥以及心絲蟲</p>\n                  <p>2.需自備碗、飼料（鮮食）、牽繩、自家小被被（可有可無）</p>\n                  <p>\n                    3.需誠實告知狗狗習性，如：護食、不喜歡公狗、比較敏感、有嚴重區域，不喜歡被摸屁屁、耳朵等等\n                  </p>\n                  <p>4.信任彼此 ⚠️毛孩如有任何過敏體質或是食物請告知</p>\n\n                  <p class=\"size-7 mt-2\">&#128205; 家中環境介紹：</p>\n                  <p>\n                    家裡有廣大的空地（有安排防護）以及24小時過濾水提供（不是自來水或地下水）陽光充足\n                  </p>\n                  <p>\n                    住宿不關籠（如有關籠需求提前告知）、睡覺睡室內玩耍再室外，環境不是最乾淨但絕對不無聊，安排多項供貓咪玩耍的玩具及高空環境\n                  </p>\n                  <p>\n                    老寶貝也可來住宿，有獨立空間感不受打擾，清幽住宿，安心養老。\n                  </p>\n                  <p>✅全職的保姆，寶貝24小時陪伴照顧</p>\n                  <p>✅有照顧奶貓7年以上經驗</p>\n                  <p>✅曾在中途之家擔任志工多年</p>\n                  <p class=\"size-7 mt-3\">&#128205; 到府照顧服務說明：</p>\n                  <p>🕍毛孩活動環境整潔（大小便狀況皆會說明）</p>\n                  <p>\n                    🍖餵食、換水補水（寶貝的罐罐需要秤重可以提前告知我喔～）\n                  </p>\n                  <p>💡毛孩狀況照實回報，主人安心出門</p>\n                  <p>🤹🏼‍♀️陪伴娛樂玩耍🎢</p>\n                  <p>📸隨時側拍毛孩給家長看，讓家長身歷其中🥰</p>\n                  <p>✅✅進門前皆會消毒雙手並且告訴家長已抵達家中服務</p>\n                  <p>\n                    ⭐️⭐️第一次預約可找時間安排一個免費家訪，與毛孩彼此互相了解、熟悉。也讓家長更認識我，在出遊期間能更安心❤️❤️如果服務日期接近，家訪時間碰不上，會詳細詢問毛孩狀況以及在家中習慣…等等🐶🐱\n                  </p>\n                </div>', '南投縣', 1, 1, 0, 400, 600, 800),
(49, '卜松松', '⚠️已接種完成3劑疫苗及定期篩檢，請家長放心⚠️\n🐱🐶有3年個人中途經驗\n🐶從小就非常喜歡小動物對他們也很有耐心的\n家中養的布偶貓是朋友因為家庭因素沒辦法飼養，加上我第一次遇見她就覺得特別有眼緣，所以直接帶回家照顧😍', 'user49@example.com', '0952487680', '<div class=\"d-flex flex-column gap-2\">\n                  <p class=\"size-7\">&#128205; 住宿部分預約須知：</p>\n                  <p>1.需有按時吃驅蟲藥以及心絲蟲</p>\n                  <p>2.需自備碗、飼料（鮮食）、牽繩、自家小被被（可有可無）</p>\n                  <p>\n                    3.需誠實告知狗狗習性，如：護食、不喜歡公狗、比較敏感、有嚴重區域，不喜歡被摸屁屁、耳朵等等\n                  </p>\n                  <p>4.信任彼此 ⚠️毛孩如有任何過敏體質或是食物請告知</p>\n\n                  <p class=\"size-7 mt-2\">&#128205; 家中環境介紹：</p>\n                  <p>\n                    家裡有廣大的空地（有安排防護）以及24小時過濾水提供（不是自來水或地下水）陽光充足\n                  </p>\n                  <p>\n                    住宿不關籠（如有關籠需求提前告知）、睡覺睡室內玩耍再室外，環境不是最乾淨但絕對不無聊，安排多項供貓咪玩耍的玩具及高空環境\n                  </p>\n                  <p>\n                    老寶貝也可來住宿，有獨立空間感不受打擾，清幽住宿，安心養老。\n                  </p>\n                  <p>✅全職的保姆，寶貝24小時陪伴照顧</p>\n                  <p>✅有照顧奶貓7年以上經驗</p>\n                  <p>✅曾在中途之家擔任志工多年</p>\n                  <p class=\"size-7 mt-3\">&#128205; 到府照顧服務說明：</p>\n                  <p>🕍毛孩活動環境整潔（大小便狀況皆會說明）</p>\n                  <p>\n                    🍖餵食、換水補水（寶貝的罐罐需要秤重可以提前告知我喔～）\n                  </p>\n                  <p>💡毛孩狀況照實回報，主人安心出門</p>\n                  <p>🤹🏼‍♀️陪伴娛樂玩耍🎢</p>\n                  <p>📸隨時側拍毛孩給家長看，讓家長身歷其中🥰</p>\n                  <p>✅✅進門前皆會消毒雙手並且告訴家長已抵達家中服務</p>\n                  <p>\n                    ⭐️⭐️第一次預約可找時間安排一個免費家訪，與毛孩彼此互相了解、熟悉。也讓家長更認識我，在出遊期間能更安心❤️❤️如果服務日期接近，家訪時間碰不上，會詳細詢問毛孩狀況以及在家中習慣…等等🐶🐱\n                  </p>\n                </div>', '雲林縣', 1, 0, 0, 400, 600, 800),
(50, '小蘋', '⚠️已接種完成3劑疫苗及定期篩檢，請家長放心⚠️\n🐱🐶有3年個人中途經驗\n🐶從小就非常喜歡小動物對他們也很有耐心的\n家中養的布偶貓是朋友因為家庭因素沒辦法飼養，加上我第一次遇見她就覺得特別有眼緣，所以直接帶回家照顧😍', 'user50@example.com', '0952487681', '<div class=\"d-flex flex-column gap-2\">\n                  <p class=\"size-7\">&#128205; 住宿部分預約須知：</p>\n                  <p>1.需有按時吃驅蟲藥以及心絲蟲</p>\n                  <p>2.需自備碗、飼料（鮮食）、牽繩、自家小被被（可有可無）</p>\n                  <p>\n                    3.需誠實告知狗狗習性，如：護食、不喜歡公狗、比較敏感、有嚴重區域，不喜歡被摸屁屁、耳朵等等\n                  </p>\n                  <p>4.信任彼此 ⚠️毛孩如有任何過敏體質或是食物請告知</p>\n\n                  <p class=\"size-7 mt-2\">&#128205; 家中環境介紹：</p>\n                  <p>\n                    家裡有廣大的空地（有安排防護）以及24小時過濾水提供（不是自來水或地下水）陽光充足\n                  </p>\n                  <p>\n                    住宿不關籠（如有關籠需求提前告知）、睡覺睡室內玩耍再室外，環境不是最乾淨但絕對不無聊，安排多項供貓咪玩耍的玩具及高空環境\n                  </p>\n                  <p>\n                    老寶貝也可來住宿，有獨立空間感不受打擾，清幽住宿，安心養老。\n                  </p>\n                  <p>✅全職的保姆，寶貝24小時陪伴照顧</p>\n                  <p>✅有照顧奶貓7年以上經驗</p>\n                  <p>✅曾在中途之家擔任志工多年</p>\n                  <p class=\"size-7 mt-3\">&#128205; 到府照顧服務說明：</p>\n                  <p>🕍毛孩活動環境整潔（大小便狀況皆會說明）</p>\n                  <p>\n                    🍖餵食、換水補水（寶貝的罐罐需要秤重可以提前告知我喔～）\n                  </p>\n                  <p>💡毛孩狀況照實回報，主人安心出門</p>\n                  <p>🤹🏼‍♀️陪伴娛樂玩耍🎢</p>\n                  <p>📸隨時側拍毛孩給家長看，讓家長身歷其中🥰</p>\n                  <p>✅✅進門前皆會消毒雙手並且告訴家長已抵達家中服務</p>\n                  <p>\n                    ⭐️⭐️第一次預約可找時間安排一個免費家訪，與毛孩彼此互相了解、熟悉。也讓家長更認識我，在出遊期間能更安心❤️❤️如果服務日期接近，家訪時間碰不上，會詳細詢問毛孩狀況以及在家中習慣…等等🐶🐱\n                  </p>\n                </div>', '苗栗縣', 0, 0, 1, 400, 850, 600),
(51, '黑佳麗', '⚠️已接種完成3劑疫苗及定期篩檢，請家長放心⚠️\n🐱🐶有3年個人中途經驗\n🐶從小就非常喜歡小動物對他們也很有耐心的\n家中養的布偶貓是朋友因為家庭因素沒辦法飼養，加上我第一次遇見她就覺得特別有眼緣，所以直接帶回家照顧😍', 'user51@example.com', '0952487682', '<div class=\"d-flex flex-column gap-2\">\n                  <p class=\"size-7\">&#128205; 住宿部分預約須知：</p>\n                  <p>1.需有按時吃驅蟲藥以及心絲蟲</p>\n                  <p>2.需自備碗、飼料（鮮食）、牽繩、自家小被被（可有可無）</p>\n                  <p>\n                    3.需誠實告知狗狗習性，如：護食、不喜歡公狗、比較敏感、有嚴重區域，不喜歡被摸屁屁、耳朵等等\n                  </p>\n                  <p>4.信任彼此 ⚠️毛孩如有任何過敏體質或是食物請告知</p>\n\n                  <p class=\"size-7 mt-2\">&#128205; 家中環境介紹：</p>\n                  <p>\n                    家裡有廣大的空地（有安排防護）以及24小時過濾水提供（不是自來水或地下水）陽光充足\n                  </p>\n                  <p>\n                    住宿不關籠（如有關籠需求提前告知）、睡覺睡室內玩耍再室外，環境不是最乾淨但絕對不無聊，安排多項供貓咪玩耍的玩具及高空環境\n                  </p>\n                  <p>\n                    老寶貝也可來住宿，有獨立空間感不受打擾，清幽住宿，安心養老。\n                  </p>\n                  <p>✅全職的保姆，寶貝24小時陪伴照顧</p>\n                  <p>✅有照顧奶貓7年以上經驗</p>\n                  <p>✅曾在中途之家擔任志工多年</p>\n                  <p class=\"size-7 mt-3\">&#128205; 到府照顧服務說明：</p>\n                  <p>🕍毛孩活動環境整潔（大小便狀況皆會說明）</p>\n                  <p>\n                    🍖餵食、換水補水（寶貝的罐罐需要秤重可以提前告知我喔～）\n                  </p>\n                  <p>💡毛孩狀況照實回報，主人安心出門</p>\n                  <p>🤹🏼‍♀️陪伴娛樂玩耍🎢</p>\n                  <p>📸隨時側拍毛孩給家長看，讓家長身歷其中🥰</p>\n                  <p>✅✅進門前皆會消毒雙手並且告訴家長已抵達家中服務</p>\n                  <p>\n                    ⭐️⭐️第一次預約可找時間安排一個免費家訪，與毛孩彼此互相了解、熟悉。也讓家長更認識我，在出遊期間能更安心❤️❤️如果服務日期接近，家訪時間碰不上，會詳細詢問毛孩狀況以及在家中習慣…等等🐶🐱\n                  </p>\n                </div>', '彰化縣', 0, 1, 0, 350, 700, 800),
(52, '果凍', '⚠️已接種完成3劑疫苗及定期篩檢，請家長放心⚠️\n🐱🐶有3年個人中途經驗\n🐶從小就非常喜歡小動物對他們也很有耐心的\n家中養的布偶貓是朋友因為家庭因素沒辦法飼養，加上我第一次遇見她就覺得特別有眼緣，所以直接帶回家照顧😍', 'user52@example.com', '0952487683', '<div class=\"d-flex flex-column gap-2\">\n                  <p class=\"size-7\">&#128205; 住宿部分預約須知：</p>\n                  <p>1.需有按時吃驅蟲藥以及心絲蟲</p>\n                  <p>2.需自備碗、飼料（鮮食）、牽繩、自家小被被（可有可無）</p>\n                  <p>\n                    3.需誠實告知狗狗習性，如：護食、不喜歡公狗、比較敏感、有嚴重區域，不喜歡被摸屁屁、耳朵等等\n                  </p>\n                  <p>4.信任彼此 ⚠️毛孩如有任何過敏體質或是食物請告知</p>\n\n                  <p class=\"size-7 mt-2\">&#128205; 家中環境介紹：</p>\n                  <p>\n                    家裡有廣大的空地（有安排防護）以及24小時過濾水提供（不是自來水或地下水）陽光充足\n                  </p>\n                  <p>\n                    住宿不關籠（如有關籠需求提前告知）、睡覺睡室內玩耍再室外，環境不是最乾淨但絕對不無聊，安排多項供貓咪玩耍的玩具及高空環境\n                  </p>\n                  <p>\n                    老寶貝也可來住宿，有獨立空間感不受打擾，清幽住宿，安心養老。\n                  </p>\n                  <p>✅全職的保姆，寶貝24小時陪伴照顧</p>\n                  <p>✅有照顧奶貓7年以上經驗</p>\n                  <p>✅曾在中途之家擔任志工多年</p>\n                  <p class=\"size-7 mt-3\">&#128205; 到府照顧服務說明：</p>\n                  <p>🕍毛孩活動環境整潔（大小便狀況皆會說明）</p>\n                  <p>\n                    🍖餵食、換水補水（寶貝的罐罐需要秤重可以提前告知我喔～）\n                  </p>\n                  <p>💡毛孩狀況照實回報，主人安心出門</p>\n                  <p>🤹🏼‍♀️陪伴娛樂玩耍🎢</p>\n                  <p>📸隨時側拍毛孩給家長看，讓家長身歷其中🥰</p>\n                  <p>✅✅進門前皆會消毒雙手並且告訴家長已抵達家中服務</p>\n                  <p>\n                    ⭐️⭐️第一次預約可找時間安排一個免費家訪，與毛孩彼此互相了解、熟悉。也讓家長更認識我，在出遊期間能更安心❤️❤️如果服務日期接近，家訪時間碰不上，會詳細詢問毛孩狀況以及在家中習慣…等等🐶🐱\n                  </p>\n                </div>', '南投縣', 1, 0, 0, 350, 700, 800),
(53, '翰蔚', '⚠️已接種完成3劑疫苗及定期篩檢，請家長放心⚠️\n🐱🐶有3年個人中途經驗\n🐶從小就非常喜歡小動物對他們也很有耐心的\n家中養的布偶貓是朋友因為家庭因素沒辦法飼養，加上我第一次遇見她就覺得特別有眼緣，所以直接帶回家照顧😍', 'user53@example.com', '0952487684', '<div class=\"d-flex flex-column gap-2\">\n                  <p class=\"size-7\">&#128205; 住宿部分預約須知：</p>\n                  <p>1.需有按時吃驅蟲藥以及心絲蟲</p>\n                  <p>2.需自備碗、飼料（鮮食）、牽繩、自家小被被（可有可無）</p>\n                  <p>\n                    3.需誠實告知狗狗習性，如：護食、不喜歡公狗、比較敏感、有嚴重區域，不喜歡被摸屁屁、耳朵等等\n                  </p>\n                  <p>4.信任彼此 ⚠️毛孩如有任何過敏體質或是食物請告知</p>\n\n                  <p class=\"size-7 mt-2\">&#128205; 家中環境介紹：</p>\n                  <p>\n                    家裡有廣大的空地（有安排防護）以及24小時過濾水提供（不是自來水或地下水）陽光充足\n                  </p>\n                  <p>\n                    住宿不關籠（如有關籠需求提前告知）、睡覺睡室內玩耍再室外，環境不是最乾淨但絕對不無聊，安排多項供貓咪玩耍的玩具及高空環境\n                  </p>\n                  <p>\n                    老寶貝也可來住宿，有獨立空間感不受打擾，清幽住宿，安心養老。\n                  </p>\n                  <p>✅全職的保姆，寶貝24小時陪伴照顧</p>\n                  <p>✅有照顧奶貓7年以上經驗</p>\n                  <p>✅曾在中途之家擔任志工多年</p>\n                  <p class=\"size-7 mt-3\">&#128205; 到府照顧服務說明：</p>\n                  <p>🕍毛孩活動環境整潔（大小便狀況皆會說明）</p>\n                  <p>\n                    🍖餵食、換水補水（寶貝的罐罐需要秤重可以提前告知我喔～）\n                  </p>\n                  <p>💡毛孩狀況照實回報，主人安心出門</p>\n                  <p>🤹🏼‍♀️陪伴娛樂玩耍🎢</p>\n                  <p>📸隨時側拍毛孩給家長看，讓家長身歷其中🥰</p>\n                  <p>✅✅進門前皆會消毒雙手並且告訴家長已抵達家中服務</p>\n                  <p>\n                    ⭐️⭐️第一次預約可找時間安排一個免費家訪，與毛孩彼此互相了解、熟悉。也讓家長更認識我，在出遊期間能更安心❤️❤️如果服務日期接近，家訪時間碰不上，會詳細詢問毛孩狀況以及在家中習慣…等等🐶🐱\n                  </p>\n                </div>', '雲林縣', 0, 0, 1, 350, 700, 800),
(54, '梓宸', '⚠️已接種完成3劑疫苗及定期篩檢，請家長放心⚠️\n🐱🐶有3年個人中途經驗\n🐶從小就非常喜歡小動物對他們也很有耐心的\n家中養的布偶貓是朋友因為家庭因素沒辦法飼養，加上我第一次遇見她就覺得特別有眼緣，所以直接帶回家照顧😍', 'user54@example.com', '0952487685', '<div class=\"d-flex flex-column gap-2\">\n                  <p class=\"size-7\">&#128205; 住宿部分預約須知：</p>\n                  <p>1.需有按時吃驅蟲藥以及心絲蟲</p>\n                  <p>2.需自備碗、飼料（鮮食）、牽繩、自家小被被（可有可無）</p>\n                  <p>\n                    3.需誠實告知狗狗習性，如：護食、不喜歡公狗、比較敏感、有嚴重區域，不喜歡被摸屁屁、耳朵等等\n                  </p>\n                  <p>4.信任彼此 ⚠️毛孩如有任何過敏體質或是食物請告知</p>\n\n                  <p class=\"size-7 mt-2\">&#128205; 家中環境介紹：</p>\n                  <p>\n                    家裡有廣大的空地（有安排防護）以及24小時過濾水提供（不是自來水或地下水）陽光充足\n                  </p>\n                  <p>\n                    住宿不關籠（如有關籠需求提前告知）、睡覺睡室內玩耍再室外，環境不是最乾淨但絕對不無聊，安排多項供貓咪玩耍的玩具及高空環境\n                  </p>\n                  <p>\n                    老寶貝也可來住宿，有獨立空間感不受打擾，清幽住宿，安心養老。\n                  </p>\n                  <p>✅全職的保姆，寶貝24小時陪伴照顧</p>\n                  <p>✅有照顧奶貓7年以上經驗</p>\n                  <p>✅曾在中途之家擔任志工多年</p>\n                  <p class=\"size-7 mt-3\">&#128205; 到府照顧服務說明：</p>\n                  <p>🕍毛孩活動環境整潔（大小便狀況皆會說明）</p>\n                  <p>\n                    🍖餵食、換水補水（寶貝的罐罐需要秤重可以提前告知我喔～）\n                  </p>\n                  <p>💡毛孩狀況照實回報，主人安心出門</p>\n                  <p>🤹🏼‍♀️陪伴娛樂玩耍🎢</p>\n                  <p>📸隨時側拍毛孩給家長看，讓家長身歷其中🥰</p>\n                  <p>✅✅進門前皆會消毒雙手並且告訴家長已抵達家中服務</p>\n                  <p>\n                    ⭐️⭐️第一次預約可找時間安排一個免費家訪，與毛孩彼此互相了解、熟悉。也讓家長更認識我，在出遊期間能更安心❤️❤️如果服務日期接近，家訪時間碰不上，會詳細詢問毛孩狀況以及在家中習慣…等等🐶🐱\n                  </p>\n                </div>', '嘉義市', 0, 1, 0, 450, 700, 900),
(55, '雨婷', '⚠️已接種完成3劑疫苗及定期篩檢，請家長放心⚠️\n🐱🐶有3年個人中途經驗\n🐶從小就非常喜歡小動物對他們也很有耐心的\n家中養的布偶貓是朋友因為家庭因素沒辦法飼養，加上我第一次遇見她就覺得特別有眼緣，所以直接帶回家照顧😍', 'user55@example.com', '0952487686', '<div class=\"d-flex flex-column gap-2\">\n                  <p class=\"size-7\">&#128205; 住宿部分預約須知：</p>\n                  <p>1.需有按時吃驅蟲藥以及心絲蟲</p>\n                  <p>2.需自備碗、飼料（鮮食）、牽繩、自家小被被（可有可無）</p>\n                  <p>\n                    3.需誠實告知狗狗習性，如：護食、不喜歡公狗、比較敏感、有嚴重區域，不喜歡被摸屁屁、耳朵等等\n                  </p>\n                  <p>4.信任彼此 ⚠️毛孩如有任何過敏體質或是食物請告知</p>\n\n                  <p class=\"size-7 mt-2\">&#128205; 家中環境介紹：</p>\n                  <p>\n                    家裡有廣大的空地（有安排防護）以及24小時過濾水提供（不是自來水或地下水）陽光充足\n                  </p>\n                  <p>\n                    住宿不關籠（如有關籠需求提前告知）、睡覺睡室內玩耍再室外，環境不是最乾淨但絕對不無聊，安排多項供貓咪玩耍的玩具及高空環境\n                  </p>\n                  <p>\n                    老寶貝也可來住宿，有獨立空間感不受打擾，清幽住宿，安心養老。\n                  </p>\n                  <p>✅全職的保姆，寶貝24小時陪伴照顧</p>\n                  <p>✅有照顧奶貓7年以上經驗</p>\n                  <p>✅曾在中途之家擔任志工多年</p>\n                  <p class=\"size-7 mt-3\">&#128205; 到府照顧服務說明：</p>\n                  <p>🕍毛孩活動環境整潔（大小便狀況皆會說明）</p>\n                  <p>\n                    🍖餵食、換水補水（寶貝的罐罐需要秤重可以提前告知我喔～）\n                  </p>\n                  <p>💡毛孩狀況照實回報，主人安心出門</p>\n                  <p>🤹🏼‍♀️陪伴娛樂玩耍🎢</p>\n                  <p>📸隨時側拍毛孩給家長看，讓家長身歷其中🥰</p>\n                  <p>✅✅進門前皆會消毒雙手並且告訴家長已抵達家中服務</p>\n                  <p>\n                    ⭐️⭐️第一次預約可找時間安排一個免費家訪，與毛孩彼此互相了解、熟悉。也讓家長更認識我，在出遊期間能更安心❤️❤️如果服務日期接近，家訪時間碰不上，會詳細詢問毛孩狀況以及在家中習慣…等等🐶🐱\n                  </p>\n                </div>', '嘉義縣', 1, 0, 0, 450, 600, 900),
(56, '銘亮', '⚠️已接種完成3劑疫苗及定期篩檢，請家長放心⚠️\n🐱🐶有3年個人中途經驗\n🐶從小就非常喜歡小動物對他們也很有耐心的\n家中養的布偶貓是朋友因為家庭因素沒辦法飼養，加上我第一次遇見她就覺得特別有眼緣，所以直接帶回家照顧😍', 'user56@example.com', '0952487687', '<div class=\"d-flex flex-column gap-2\">\n                  <p class=\"size-7\">&#128205; 住宿部分預約須知：</p>\n                  <p>1.需有按時吃驅蟲藥以及心絲蟲</p>\n                  <p>2.需自備碗、飼料（鮮食）、牽繩、自家小被被（可有可無）</p>\n                  <p>\n                    3.需誠實告知狗狗習性，如：護食、不喜歡公狗、比較敏感、有嚴重區域，不喜歡被摸屁屁、耳朵等等\n                  </p>\n                  <p>4.信任彼此 ⚠️毛孩如有任何過敏體質或是食物請告知</p>\n\n                  <p class=\"size-7 mt-2\">&#128205; 家中環境介紹：</p>\n                  <p>\n                    家裡有廣大的空地（有安排防護）以及24小時過濾水提供（不是自來水或地下水）陽光充足\n                  </p>\n                  <p>\n                    住宿不關籠（如有關籠需求提前告知）、睡覺睡室內玩耍再室外，環境不是最乾淨但絕對不無聊，安排多項供貓咪玩耍的玩具及高空環境\n                  </p>\n                  <p>\n                    老寶貝也可來住宿，有獨立空間感不受打擾，清幽住宿，安心養老。\n                  </p>\n                  <p>✅全職的保姆，寶貝24小時陪伴照顧</p>\n                  <p>✅有照顧奶貓7年以上經驗</p>\n                  <p>✅曾在中途之家擔任志工多年</p>\n                  <p class=\"size-7 mt-3\">&#128205; 到府照顧服務說明：</p>\n                  <p>🕍毛孩活動環境整潔（大小便狀況皆會說明）</p>\n                  <p>\n                    🍖餵食、換水補水（寶貝的罐罐需要秤重可以提前告知我喔～）\n                  </p>\n                  <p>💡毛孩狀況照實回報，主人安心出門</p>\n                  <p>🤹🏼‍♀️陪伴娛樂玩耍🎢</p>\n                  <p>📸隨時側拍毛孩給家長看，讓家長身歷其中🥰</p>\n                  <p>✅✅進門前皆會消毒雙手並且告訴家長已抵達家中服務</p>\n                  <p>\n                    ⭐️⭐️第一次預約可找時間安排一個免費家訪，與毛孩彼此互相了解、熟悉。也讓家長更認識我，在出遊期間能更安心❤️❤️如果服務日期接近，家訪時間碰不上，會詳細詢問毛孩狀況以及在家中習慣…等等🐶🐱\n                  </p>\n                </div>', '屏東縣', 0, 0, 1, 450, 600, 750),
(57, '心怡', '⚠️已接種完成3劑疫苗及定期篩檢，請家長放心⚠️\n🐱🐶有3年個人中途經驗\n🐶從小就非常喜歡小動物對他們也很有耐心的\n家中養的布偶貓是朋友因為家庭因素沒辦法飼養，加上我第一次遇見她就覺得特別有眼緣，所以直接帶回家照顧😍', 'user57@example.com', '0952487688', '<div class=\"d-flex flex-column gap-2\">\n                  <p class=\"size-7\">&#128205; 住宿部分預約須知：</p>\n                  <p>1.需有按時吃驅蟲藥以及心絲蟲</p>\n                  <p>2.需自備碗、飼料（鮮食）、牽繩、自家小被被（可有可無）</p>\n                  <p>\n                    3.需誠實告知狗狗習性，如：護食、不喜歡公狗、比較敏感、有嚴重區域，不喜歡被摸屁屁、耳朵等等\n                  </p>\n                  <p>4.信任彼此 ⚠️毛孩如有任何過敏體質或是食物請告知</p>\n\n                  <p class=\"size-7 mt-2\">&#128205; 家中環境介紹：</p>\n                  <p>\n                    家裡有廣大的空地（有安排防護）以及24小時過濾水提供（不是自來水或地下水）陽光充足\n                  </p>\n                  <p>\n                    住宿不關籠（如有關籠需求提前告知）、睡覺睡室內玩耍再室外，環境不是最乾淨但絕對不無聊，安排多項供貓咪玩耍的玩具及高空環境\n                  </p>\n                  <p>\n                    老寶貝也可來住宿，有獨立空間感不受打擾，清幽住宿，安心養老。\n                  </p>\n                  <p>✅全職的保姆，寶貝24小時陪伴照顧</p>\n                  <p>✅有照顧奶貓7年以上經驗</p>\n                  <p>✅曾在中途之家擔任志工多年</p>\n                  <p class=\"size-7 mt-3\">&#128205; 到府照顧服務說明：</p>\n                  <p>🕍毛孩活動環境整潔（大小便狀況皆會說明）</p>\n                  <p>\n                    🍖餵食、換水補水（寶貝的罐罐需要秤重可以提前告知我喔～）\n                  </p>\n                  <p>💡毛孩狀況照實回報，主人安心出門</p>\n                  <p>🤹🏼‍♀️陪伴娛樂玩耍🎢</p>\n                  <p>📸隨時側拍毛孩給家長看，讓家長身歷其中🥰</p>\n                  <p>✅✅進門前皆會消毒雙手並且告訴家長已抵達家中服務</p>\n                  <p>\n                    ⭐️⭐️第一次預約可找時間安排一個免費家訪，與毛孩彼此互相了解、熟悉。也讓家長更認識我，在出遊期間能更安心❤️❤️如果服務日期接近，家訪時間碰不上，會詳細詢問毛孩狀況以及在家中習慣…等等🐶🐱\n                  </p>\n                </div>', '宜蘭縣', 0, 1, 0, 450, 600, 750),
(58, '哲翔', '⚠️已接種完成3劑疫苗及定期篩檢，請家長放心⚠️\n🐱🐶有3年個人中途經驗\n🐶從小就非常喜歡小動物對他們也很有耐心的\n家中養的布偶貓是朋友因為家庭因素沒辦法飼養，加上我第一次遇見她就覺得特別有眼緣，所以直接帶回家照顧😍', 'user58@example.com', '0952487689', '<div class=\"d-flex flex-column gap-2\">\n                  <p class=\"size-7\">&#128205; 住宿部分預約須知：</p>\n                  <p>1.需有按時吃驅蟲藥以及心絲蟲</p>\n                  <p>2.需自備碗、飼料（鮮食）、牽繩、自家小被被（可有可無）</p>\n                  <p>\n                    3.需誠實告知狗狗習性，如：護食、不喜歡公狗、比較敏感、有嚴重區域，不喜歡被摸屁屁、耳朵等等\n                  </p>\n                  <p>4.信任彼此 ⚠️毛孩如有任何過敏體質或是食物請告知</p>\n\n                  <p class=\"size-7 mt-2\">&#128205; 家中環境介紹：</p>\n                  <p>\n                    家裡有廣大的空地（有安排防護）以及24小時過濾水提供（不是自來水或地下水）陽光充足\n                  </p>\n                  <p>\n                    住宿不關籠（如有關籠需求提前告知）、睡覺睡室內玩耍再室外，環境不是最乾淨但絕對不無聊，安排多項供貓咪玩耍的玩具及高空環境\n                  </p>\n                  <p>\n                    老寶貝也可來住宿，有獨立空間感不受打擾，清幽住宿，安心養老。\n                  </p>\n                  <p>✅全職的保姆，寶貝24小時陪伴照顧</p>\n                  <p>✅有照顧奶貓7年以上經驗</p>\n                  <p>✅曾在中途之家擔任志工多年</p>\n                  <p class=\"size-7 mt-3\">&#128205; 到府照顧服務說明：</p>\n                  <p>🕍毛孩活動環境整潔（大小便狀況皆會說明）</p>\n                  <p>\n                    🍖餵食、換水補水（寶貝的罐罐需要秤重可以提前告知我喔～）\n                  </p>\n                  <p>💡毛孩狀況照實回報，主人安心出門</p>\n                  <p>🤹🏼‍♀️陪伴娛樂玩耍🎢</p>\n                  <p>📸隨時側拍毛孩給家長看，讓家長身歷其中🥰</p>\n                  <p>✅✅進門前皆會消毒雙手並且告訴家長已抵達家中服務</p>\n                  <p>\n                    ⭐️⭐️第一次預約可找時間安排一個免費家訪，與毛孩彼此互相了解、熟悉。也讓家長更認識我，在出遊期間能更安心❤️❤️如果服務日期接近，家訪時間碰不上，會詳細詢問毛孩狀況以及在家中習慣…等等🐶🐱\n                  </p>\n                </div>', '雲林縣', 1, 0, 0, 450, 600, 800);
INSERT INTO `mission_helper_info` (`user_id`, `name`, `Introduction`, `email`, `phone`, `job_description`, `service_county`, `feed_service`, `house_service`, `beauty_service`, `feed_price`, `house_price`, `beauty_price`) VALUES
(59, '曦蓁', '⚠️已接種完成3劑疫苗及定期篩檢，請家長放心⚠️\n🐱🐶有3年個人中途經驗\n🐶從小就非常喜歡小動物對他們也很有耐心的\n家中養的布偶貓是朋友因為家庭因素沒辦法飼養，加上我第一次遇見她就覺得特別有眼緣，所以直接帶回家照顧😍', 'user59@example.com', '0952487690', '<div class=\"d-flex flex-column gap-2\">\n                  <p class=\"size-7\">&#128205; 住宿部分預約須知：</p>\n                  <p>1.需有按時吃驅蟲藥以及心絲蟲</p>\n                  <p>2.需自備碗、飼料（鮮食）、牽繩、自家小被被（可有可無）</p>\n                  <p>\n                    3.需誠實告知狗狗習性，如：護食、不喜歡公狗、比較敏感、有嚴重區域，不喜歡被摸屁屁、耳朵等等\n                  </p>\n                  <p>4.信任彼此 ⚠️毛孩如有任何過敏體質或是食物請告知</p>\n\n                  <p class=\"size-7 mt-2\">&#128205; 家中環境介紹：</p>\n                  <p>\n                    家裡有廣大的空地（有安排防護）以及24小時過濾水提供（不是自來水或地下水）陽光充足\n                  </p>\n                  <p>\n                    住宿不關籠（如有關籠需求提前告知）、睡覺睡室內玩耍再室外，環境不是最乾淨但絕對不無聊，安排多項供貓咪玩耍的玩具及高空環境\n                  </p>\n                  <p>\n                    老寶貝也可來住宿，有獨立空間感不受打擾，清幽住宿，安心養老。\n                  </p>\n                  <p>✅全職的保姆，寶貝24小時陪伴照顧</p>\n                  <p>✅有照顧奶貓7年以上經驗</p>\n                  <p>✅曾在中途之家擔任志工多年</p>\n                  <p class=\"size-7 mt-3\">&#128205; 到府照顧服務說明：</p>\n                  <p>🕍毛孩活動環境整潔（大小便狀況皆會說明）</p>\n                  <p>\n                    🍖餵食、換水補水（寶貝的罐罐需要秤重可以提前告知我喔～）\n                  </p>\n                  <p>💡毛孩狀況照實回報，主人安心出門</p>\n                  <p>🤹🏼‍♀️陪伴娛樂玩耍🎢</p>\n                  <p>📸隨時側拍毛孩給家長看，讓家長身歷其中🥰</p>\n                  <p>✅✅進門前皆會消毒雙手並且告訴家長已抵達家中服務</p>\n                  <p>\n                    ⭐️⭐️第一次預約可找時間安排一個免費家訪，與毛孩彼此互相了解、熟悉。也讓家長更認識我，在出遊期間能更安心❤️❤️如果服務日期接近，家訪時間碰不上，會詳細詢問毛孩狀況以及在家中習慣…等等🐶🐱\n                  </p>\n                </div>', '嘉義市', 0, 0, 1, 450, 900, 900),
(60, '蔡麗娜', '⚠️已接種完成3劑疫苗及定期篩檢，請家長放心⚠️\n🐱🐶有3年個人中途經驗\n🐶從小就非常喜歡小動物對他們也很有耐心的\n家中養的布偶貓是朋友因為家庭因素沒辦法飼養，加上我第一次遇見她就覺得特別有眼緣，所以直接帶回家照顧😍', 'user60@example.com', '0952487691', '<div class=\"d-flex flex-column gap-2\">\n                  <p class=\"size-7\">&#128205; 住宿部分預約須知：</p>\n                  <p>1.需有按時吃驅蟲藥以及心絲蟲</p>\n                  <p>2.需自備碗、飼料（鮮食）、牽繩、自家小被被（可有可無）</p>\n                  <p>\n                    3.需誠實告知狗狗習性，如：護食、不喜歡公狗、比較敏感、有嚴重區域，不喜歡被摸屁屁、耳朵等等\n                  </p>\n                  <p>4.信任彼此 ⚠️毛孩如有任何過敏體質或是食物請告知</p>\n\n                  <p class=\"size-7 mt-2\">&#128205; 家中環境介紹：</p>\n                  <p>\n                    家裡有廣大的空地（有安排防護）以及24小時過濾水提供（不是自來水或地下水）陽光充足\n                  </p>\n                  <p>\n                    住宿不關籠（如有關籠需求提前告知）、睡覺睡室內玩耍再室外，環境不是最乾淨但絕對不無聊，安排多項供貓咪玩耍的玩具及高空環境\n                  </p>\n                  <p>\n                    老寶貝也可來住宿，有獨立空間感不受打擾，清幽住宿，安心養老。\n                  </p>\n                  <p>✅全職的保姆，寶貝24小時陪伴照顧</p>\n                  <p>✅有照顧奶貓7年以上經驗</p>\n                  <p>✅曾在中途之家擔任志工多年</p>\n                  <p class=\"size-7 mt-3\">&#128205; 到府照顧服務說明：</p>\n                  <p>🕍毛孩活動環境整潔（大小便狀況皆會說明）</p>\n                  <p>\n                    🍖餵食、換水補水（寶貝的罐罐需要秤重可以提前告知我喔～）\n                  </p>\n                  <p>💡毛孩狀況照實回報，主人安心出門</p>\n                  <p>🤹🏼‍♀️陪伴娛樂玩耍🎢</p>\n                  <p>📸隨時側拍毛孩給家長看，讓家長身歷其中🥰</p>\n                  <p>✅✅進門前皆會消毒雙手並且告訴家長已抵達家中服務</p>\n                  <p>\n                    ⭐️⭐️第一次預約可找時間安排一個免費家訪，與毛孩彼此互相了解、熟悉。也讓家長更認識我，在出遊期間能更安心❤️❤️如果服務日期接近，家訪時間碰不上，會詳細詢問毛孩狀況以及在家中習慣…等等🐶🐱\n                  </p>\n                </div>', '嘉義縣', 0, 1, 0, 450, 900, 400),
(61, '兔子', '⚠️已接種完成3劑疫苗及定期篩檢，請家長放心⚠️\n🐱🐶有3年個人中途經驗\n🐶從小就非常喜歡小動物對他們也很有耐心的\n家中養的布偶貓是朋友因為家庭因素沒辦法飼養，加上我第一次遇見她就覺得特別有眼緣，所以直接帶回家照顧😍', 'user61@example.com', '0952487692', '<div class=\"d-flex flex-column gap-2\">\n                  <p class=\"size-7\">&#128205; 住宿部分預約須知：</p>\n                  <p>1.需有按時吃驅蟲藥以及心絲蟲</p>\n                  <p>2.需自備碗、飼料（鮮食）、牽繩、自家小被被（可有可無）</p>\n                  <p>\n                    3.需誠實告知狗狗習性，如：護食、不喜歡公狗、比較敏感、有嚴重區域，不喜歡被摸屁屁、耳朵等等\n                  </p>\n                  <p>4.信任彼此 ⚠️毛孩如有任何過敏體質或是食物請告知</p>\n\n                  <p class=\"size-7 mt-2\">&#128205; 家中環境介紹：</p>\n                  <p>\n                    家裡有廣大的空地（有安排防護）以及24小時過濾水提供（不是自來水或地下水）陽光充足\n                  </p>\n                  <p>\n                    住宿不關籠（如有關籠需求提前告知）、睡覺睡室內玩耍再室外，環境不是最乾淨但絕對不無聊，安排多項供貓咪玩耍的玩具及高空環境\n                  </p>\n                  <p>\n                    老寶貝也可來住宿，有獨立空間感不受打擾，清幽住宿，安心養老。\n                  </p>\n                  <p>✅全職的保姆，寶貝24小時陪伴照顧</p>\n                  <p>✅有照顧奶貓7年以上經驗</p>\n                  <p>✅曾在中途之家擔任志工多年</p>\n                  <p class=\"size-7 mt-3\">&#128205; 到府照顧服務說明：</p>\n                  <p>🕍毛孩活動環境整潔（大小便狀況皆會說明）</p>\n                  <p>\n                    🍖餵食、換水補水（寶貝的罐罐需要秤重可以提前告知我喔～）\n                  </p>\n                  <p>💡毛孩狀況照實回報，主人安心出門</p>\n                  <p>🤹🏼‍♀️陪伴娛樂玩耍🎢</p>\n                  <p>📸隨時側拍毛孩給家長看，讓家長身歷其中🥰</p>\n                  <p>✅✅進門前皆會消毒雙手並且告訴家長已抵達家中服務</p>\n                  <p>\n                    ⭐️⭐️第一次預約可找時間安排一個免費家訪，與毛孩彼此互相了解、熟悉。也讓家長更認識我，在出遊期間能更安心❤️❤️如果服務日期接近，家訪時間碰不上，會詳細詢問毛孩狀況以及在家中習慣…等等🐶🐱\n                  </p>\n                </div>', '屏東縣', 1, 0, 0, 400, 900, 400),
(62, '麵包超人', '⚠️已接種完成3劑疫苗及定期篩檢，請家長放心⚠️\n🐱🐶有3年個人中途經驗\n🐶從小就非常喜歡小動物對他們也很有耐心的\n家中養的布偶貓是朋友因為家庭因素沒辦法飼養，加上我第一次遇見她就覺得特別有眼緣，所以直接帶回家照顧😍', 'user62@example.com', '0952487693', '<div class=\"d-flex flex-column gap-2\">\n                  <p class=\"size-7\">&#128205; 住宿部分預約須知：</p>\n                  <p>1.需有按時吃驅蟲藥以及心絲蟲</p>\n                  <p>2.需自備碗、飼料（鮮食）、牽繩、自家小被被（可有可無）</p>\n                  <p>\n                    3.需誠實告知狗狗習性，如：護食、不喜歡公狗、比較敏感、有嚴重區域，不喜歡被摸屁屁、耳朵等等\n                  </p>\n                  <p>4.信任彼此 ⚠️毛孩如有任何過敏體質或是食物請告知</p>\n\n                  <p class=\"size-7 mt-2\">&#128205; 家中環境介紹：</p>\n                  <p>\n                    家裡有廣大的空地（有安排防護）以及24小時過濾水提供（不是自來水或地下水）陽光充足\n                  </p>\n                  <p>\n                    住宿不關籠（如有關籠需求提前告知）、睡覺睡室內玩耍再室外，環境不是最乾淨但絕對不無聊，安排多項供貓咪玩耍的玩具及高空環境\n                  </p>\n                  <p>\n                    老寶貝也可來住宿，有獨立空間感不受打擾，清幽住宿，安心養老。\n                  </p>\n                  <p>✅全職的保姆，寶貝24小時陪伴照顧</p>\n                  <p>✅有照顧奶貓7年以上經驗</p>\n                  <p>✅曾在中途之家擔任志工多年</p>\n                  <p class=\"size-7 mt-3\">&#128205; 到府照顧服務說明：</p>\n                  <p>🕍毛孩活動環境整潔（大小便狀況皆會說明）</p>\n                  <p>\n                    🍖餵食、換水補水（寶貝的罐罐需要秤重可以提前告知我喔～）\n                  </p>\n                  <p>💡毛孩狀況照實回報，主人安心出門</p>\n                  <p>🤹🏼‍♀️陪伴娛樂玩耍🎢</p>\n                  <p>📸隨時側拍毛孩給家長看，讓家長身歷其中🥰</p>\n                  <p>✅✅進門前皆會消毒雙手並且告訴家長已抵達家中服務</p>\n                  <p>\n                    ⭐️⭐️第一次預約可找時間安排一個免費家訪，與毛孩彼此互相了解、熟悉。也讓家長更認識我，在出遊期間能更安心❤️❤️如果服務日期接近，家訪時間碰不上，會詳細詢問毛孩狀況以及在家中習慣…等等🐶🐱\n                  </p>\n                </div>', '宜蘭縣', 0, 0, 1, 400, 700, 400),
(63, '茶茶', '⚠️已接種完成3劑疫苗及定期篩檢，請家長放心⚠️\n🐱🐶有3年個人中途經驗\n🐶從小就非常喜歡小動物對他們也很有耐心的\n家中養的布偶貓是朋友因為家庭因素沒辦法飼養，加上我第一次遇見她就覺得特別有眼緣，所以直接帶回家照顧😍', 'user63@example.com', '0952487694', '<div class=\"d-flex flex-column gap-2\">\n                  <p class=\"size-7\">&#128205; 住宿部分預約須知：</p>\n                  <p>1.需有按時吃驅蟲藥以及心絲蟲</p>\n                  <p>2.需自備碗、飼料（鮮食）、牽繩、自家小被被（可有可無）</p>\n                  <p>\n                    3.需誠實告知狗狗習性，如：護食、不喜歡公狗、比較敏感、有嚴重區域，不喜歡被摸屁屁、耳朵等等\n                  </p>\n                  <p>4.信任彼此 ⚠️毛孩如有任何過敏體質或是食物請告知</p>\n\n                  <p class=\"size-7 mt-2\">&#128205; 家中環境介紹：</p>\n                  <p>\n                    家裡有廣大的空地（有安排防護）以及24小時過濾水提供（不是自來水或地下水）陽光充足\n                  </p>\n                  <p>\n                    住宿不關籠（如有關籠需求提前告知）、睡覺睡室內玩耍再室外，環境不是最乾淨但絕對不無聊，安排多項供貓咪玩耍的玩具及高空環境\n                  </p>\n                  <p>\n                    老寶貝也可來住宿，有獨立空間感不受打擾，清幽住宿，安心養老。\n                  </p>\n                  <p>✅全職的保姆，寶貝24小時陪伴照顧</p>\n                  <p>✅有照顧奶貓7年以上經驗</p>\n                  <p>✅曾在中途之家擔任志工多年</p>\n                  <p class=\"size-7 mt-3\">&#128205; 到府照顧服務說明：</p>\n                  <p>🕍毛孩活動環境整潔（大小便狀況皆會說明）</p>\n                  <p>\n                    🍖餵食、換水補水（寶貝的罐罐需要秤重可以提前告知我喔～）\n                  </p>\n                  <p>💡毛孩狀況照實回報，主人安心出門</p>\n                  <p>🤹🏼‍♀️陪伴娛樂玩耍🎢</p>\n                  <p>📸隨時側拍毛孩給家長看，讓家長身歷其中🥰</p>\n                  <p>✅✅進門前皆會消毒雙手並且告訴家長已抵達家中服務</p>\n                  <p>\n                    ⭐️⭐️第一次預約可找時間安排一個免費家訪，與毛孩彼此互相了解、熟悉。也讓家長更認識我，在出遊期間能更安心❤️❤️如果服務日期接近，家訪時間碰不上，會詳細詢問毛孩狀況以及在家中習慣…等等🐶🐱\n                  </p>\n                </div>', '花蓮縣', 0, 1, 0, 400, 600, 900),
(64, '卷尺', '⚠️已接種完成3劑疫苗及定期篩檢，請家長放心⚠️\n🐱🐶有3年個人中途經驗\n🐶從小就非常喜歡小動物對他們也很有耐心的\n家中養的布偶貓是朋友因為家庭因素沒辦法飼養，加上我第一次遇見她就覺得特別有眼緣，所以直接帶回家照顧😍', 'user64@example.com', '0952487695', '<div class=\"d-flex flex-column gap-2\">\n                  <p class=\"size-7\">&#128205; 住宿部分預約須知：</p>\n                  <p>1.需有按時吃驅蟲藥以及心絲蟲</p>\n                  <p>2.需自備碗、飼料（鮮食）、牽繩、自家小被被（可有可無）</p>\n                  <p>\n                    3.需誠實告知狗狗習性，如：護食、不喜歡公狗、比較敏感、有嚴重區域，不喜歡被摸屁屁、耳朵等等\n                  </p>\n                  <p>4.信任彼此 ⚠️毛孩如有任何過敏體質或是食物請告知</p>\n\n                  <p class=\"size-7 mt-2\">&#128205; 家中環境介紹：</p>\n                  <p>\n                    家裡有廣大的空地（有安排防護）以及24小時過濾水提供（不是自來水或地下水）陽光充足\n                  </p>\n                  <p>\n                    住宿不關籠（如有關籠需求提前告知）、睡覺睡室內玩耍再室外，環境不是最乾淨但絕對不無聊，安排多項供貓咪玩耍的玩具及高空環境\n                  </p>\n                  <p>\n                    老寶貝也可來住宿，有獨立空間感不受打擾，清幽住宿，安心養老。\n                  </p>\n                  <p>✅全職的保姆，寶貝24小時陪伴照顧</p>\n                  <p>✅有照顧奶貓7年以上經驗</p>\n                  <p>✅曾在中途之家擔任志工多年</p>\n                  <p class=\"size-7 mt-3\">&#128205; 到府照顧服務說明：</p>\n                  <p>🕍毛孩活動環境整潔（大小便狀況皆會說明）</p>\n                  <p>\n                    🍖餵食、換水補水（寶貝的罐罐需要秤重可以提前告知我喔～）\n                  </p>\n                  <p>💡毛孩狀況照實回報，主人安心出門</p>\n                  <p>🤹🏼‍♀️陪伴娛樂玩耍🎢</p>\n                  <p>📸隨時側拍毛孩給家長看，讓家長身歷其中🥰</p>\n                  <p>✅✅進門前皆會消毒雙手並且告訴家長已抵達家中服務</p>\n                  <p>\n                    ⭐️⭐️第一次預約可找時間安排一個免費家訪，與毛孩彼此互相了解、熟悉。也讓家長更認識我，在出遊期間能更安心❤️❤️如果服務日期接近，家訪時間碰不上，會詳細詢問毛孩狀況以及在家中習慣…等等🐶🐱\n                  </p>\n                </div>', '台東縣', 1, 0, 0, 400, 600, 900),
(65, '泡泡狗', '⚠️已接種完成3劑疫苗及定期篩檢，請家長放心⚠️\n🐱🐶有3年個人中途經驗\n🐶從小就非常喜歡小動物對他們也很有耐心的\n家中養的布偶貓是朋友因為家庭因素沒辦法飼養，加上我第一次遇見她就覺得特別有眼緣，所以直接帶回家照顧😍', 'user65@example.com', '0952487696', '<div class=\"d-flex flex-column gap-2\">\n                  <p class=\"size-7\">&#128205; 住宿部分預約須知：</p>\n                  <p>1.需有按時吃驅蟲藥以及心絲蟲</p>\n                  <p>2.需自備碗、飼料（鮮食）、牽繩、自家小被被（可有可無）</p>\n                  <p>\n                    3.需誠實告知狗狗習性，如：護食、不喜歡公狗、比較敏感、有嚴重區域，不喜歡被摸屁屁、耳朵等等\n                  </p>\n                  <p>4.信任彼此 ⚠️毛孩如有任何過敏體質或是食物請告知</p>\n\n                  <p class=\"size-7 mt-2\">&#128205; 家中環境介紹：</p>\n                  <p>\n                    家裡有廣大的空地（有安排防護）以及24小時過濾水提供（不是自來水或地下水）陽光充足\n                  </p>\n                  <p>\n                    住宿不關籠（如有關籠需求提前告知）、睡覺睡室內玩耍再室外，環境不是最乾淨但絕對不無聊，安排多項供貓咪玩耍的玩具及高空環境\n                  </p>\n                  <p>\n                    老寶貝也可來住宿，有獨立空間感不受打擾，清幽住宿，安心養老。\n                  </p>\n                  <p>✅全職的保姆，寶貝24小時陪伴照顧</p>\n                  <p>✅有照顧奶貓7年以上經驗</p>\n                  <p>✅曾在中途之家擔任志工多年</p>\n                  <p class=\"size-7 mt-3\">&#128205; 到府照顧服務說明：</p>\n                  <p>🕍毛孩活動環境整潔（大小便狀況皆會說明）</p>\n                  <p>\n                    🍖餵食、換水補水（寶貝的罐罐需要秤重可以提前告知我喔～）\n                  </p>\n                  <p>💡毛孩狀況照實回報，主人安心出門</p>\n                  <p>🤹🏼‍♀️陪伴娛樂玩耍🎢</p>\n                  <p>📸隨時側拍毛孩給家長看，讓家長身歷其中🥰</p>\n                  <p>✅✅進門前皆會消毒雙手並且告訴家長已抵達家中服務</p>\n                  <p>\n                    ⭐️⭐️第一次預約可找時間安排一個免費家訪，與毛孩彼此互相了解、熟悉。也讓家長更認識我，在出遊期間能更安心❤️❤️如果服務日期接近，家訪時間碰不上，會詳細詢問毛孩狀況以及在家中習慣…等等🐶🐱\n                  </p>\n                </div>', '南投縣', 0, 0, 1, 400, 600, 400),
(66, '炸雞', '⚠️已接種完成3劑疫苗及定期篩檢，請家長放心⚠️\n🐱🐶有3年個人中途經驗\n🐶從小就非常喜歡小動物對他們也很有耐心的\n家中養的布偶貓是朋友因為家庭因素沒辦法飼養，加上我第一次遇見她就覺得特別有眼緣，所以直接帶回家照顧😍', 'user66@example.com', '0952487697', '<div class=\"d-flex flex-column gap-2\">\n                  <p class=\"size-7\">&#128205; 住宿部分預約須知：</p>\n                  <p>1.需有按時吃驅蟲藥以及心絲蟲</p>\n                  <p>2.需自備碗、飼料（鮮食）、牽繩、自家小被被（可有可無）</p>\n                  <p>\n                    3.需誠實告知狗狗習性，如：護食、不喜歡公狗、比較敏感、有嚴重區域，不喜歡被摸屁屁、耳朵等等\n                  </p>\n                  <p>4.信任彼此 ⚠️毛孩如有任何過敏體質或是食物請告知</p>\n\n                  <p class=\"size-7 mt-2\">&#128205; 家中環境介紹：</p>\n                  <p>\n                    家裡有廣大的空地（有安排防護）以及24小時過濾水提供（不是自來水或地下水）陽光充足\n                  </p>\n                  <p>\n                    住宿不關籠（如有關籠需求提前告知）、睡覺睡室內玩耍再室外，環境不是最乾淨但絕對不無聊，安排多項供貓咪玩耍的玩具及高空環境\n                  </p>\n                  <p>\n                    老寶貝也可來住宿，有獨立空間感不受打擾，清幽住宿，安心養老。\n                  </p>\n                  <p>✅全職的保姆，寶貝24小時陪伴照顧</p>\n                  <p>✅有照顧奶貓7年以上經驗</p>\n                  <p>✅曾在中途之家擔任志工多年</p>\n                  <p class=\"size-7 mt-3\">&#128205; 到府照顧服務說明：</p>\n                  <p>🕍毛孩活動環境整潔（大小便狀況皆會說明）</p>\n                  <p>\n                    🍖餵食、換水補水（寶貝的罐罐需要秤重可以提前告知我喔～）\n                  </p>\n                  <p>💡毛孩狀況照實回報，主人安心出門</p>\n                  <p>🤹🏼‍♀️陪伴娛樂玩耍🎢</p>\n                  <p>📸隨時側拍毛孩給家長看，讓家長身歷其中🥰</p>\n                  <p>✅✅進門前皆會消毒雙手並且告訴家長已抵達家中服務</p>\n                  <p>\n                    ⭐️⭐️第一次預約可找時間安排一個免費家訪，與毛孩彼此互相了解、熟悉。也讓家長更認識我，在出遊期間能更安心❤️❤️如果服務日期接近，家訪時間碰不上，會詳細詢問毛孩狀況以及在家中習慣…等等🐶🐱\n                  </p>\n                </div>', '雲林縣', 0, 1, 0, 400, 500, 800),
(67, '奶昔', '⚠️已接種完成3劑疫苗及定期篩檢，請家長放心⚠️\n🐱🐶有3年個人中途經驗\n🐶從小就非常喜歡小動物對他們也很有耐心的\n家中養的布偶貓是朋友因為家庭因素沒辦法飼養，加上我第一次遇見她就覺得特別有眼緣，所以直接帶回家照顧😍', 'user67@example.com', '0952487698', '<div class=\"d-flex flex-column gap-2\">\n                  <p class=\"size-7\">&#128205; 住宿部分預約須知：</p>\n                  <p>1.需有按時吃驅蟲藥以及心絲蟲</p>\n                  <p>2.需自備碗、飼料（鮮食）、牽繩、自家小被被（可有可無）</p>\n                  <p>\n                    3.需誠實告知狗狗習性，如：護食、不喜歡公狗、比較敏感、有嚴重區域，不喜歡被摸屁屁、耳朵等等\n                  </p>\n                  <p>4.信任彼此 ⚠️毛孩如有任何過敏體質或是食物請告知</p>\n\n                  <p class=\"size-7 mt-2\">&#128205; 家中環境介紹：</p>\n                  <p>\n                    家裡有廣大的空地（有安排防護）以及24小時過濾水提供（不是自來水或地下水）陽光充足\n                  </p>\n                  <p>\n                    住宿不關籠（如有關籠需求提前告知）、睡覺睡室內玩耍再室外，環境不是最乾淨但絕對不無聊，安排多項供貓咪玩耍的玩具及高空環境\n                  </p>\n                  <p>\n                    老寶貝也可來住宿，有獨立空間感不受打擾，清幽住宿，安心養老。\n                  </p>\n                  <p>✅全職的保姆，寶貝24小時陪伴照顧</p>\n                  <p>✅有照顧奶貓7年以上經驗</p>\n                  <p>✅曾在中途之家擔任志工多年</p>\n                  <p class=\"size-7 mt-3\">&#128205; 到府照顧服務說明：</p>\n                  <p>🕍毛孩活動環境整潔（大小便狀況皆會說明）</p>\n                  <p>\n                    🍖餵食、換水補水（寶貝的罐罐需要秤重可以提前告知我喔～）\n                  </p>\n                  <p>💡毛孩狀況照實回報，主人安心出門</p>\n                  <p>🤹🏼‍♀️陪伴娛樂玩耍🎢</p>\n                  <p>📸隨時側拍毛孩給家長看，讓家長身歷其中🥰</p>\n                  <p>✅✅進門前皆會消毒雙手並且告訴家長已抵達家中服務</p>\n                  <p>\n                    ⭐️⭐️第一次預約可找時間安排一個免費家訪，與毛孩彼此互相了解、熟悉。也讓家長更認識我，在出遊期間能更安心❤️❤️如果服務日期接近，家訪時間碰不上，會詳細詢問毛孩狀況以及在家中習慣…等等🐶🐱\n                  </p>\n                </div>', '苗栗縣', 1, 0, 0, 400, 900, 800),
(68, '狐貍', '⚠️已接種完成3劑疫苗及定期篩檢，請家長放心⚠️\n🐱🐶有3年個人中途經驗\n🐶從小就非常喜歡小動物對他們也很有耐心的\n家中養的布偶貓是朋友因為家庭因素沒辦法飼養，加上我第一次遇見她就覺得特別有眼緣，所以直接帶回家照顧😍', 'user68@example.com', '0952487699', '<div class=\"d-flex flex-column gap-2\">\n                  <p class=\"size-7\">&#128205; 住宿部分預約須知：</p>\n                  <p>1.需有按時吃驅蟲藥以及心絲蟲</p>\n                  <p>2.需自備碗、飼料（鮮食）、牽繩、自家小被被（可有可無）</p>\n                  <p>\n                    3.需誠實告知狗狗習性，如：護食、不喜歡公狗、比較敏感、有嚴重區域，不喜歡被摸屁屁、耳朵等等\n                  </p>\n                  <p>4.信任彼此 ⚠️毛孩如有任何過敏體質或是食物請告知</p>\n\n                  <p class=\"size-7 mt-2\">&#128205; 家中環境介紹：</p>\n                  <p>\n                    家裡有廣大的空地（有安排防護）以及24小時過濾水提供（不是自來水或地下水）陽光充足\n                  </p>\n                  <p>\n                    住宿不關籠（如有關籠需求提前告知）、睡覺睡室內玩耍再室外，環境不是最乾淨但絕對不無聊，安排多項供貓咪玩耍的玩具及高空環境\n                  </p>\n                  <p>\n                    老寶貝也可來住宿，有獨立空間感不受打擾，清幽住宿，安心養老。\n                  </p>\n                  <p>✅全職的保姆，寶貝24小時陪伴照顧</p>\n                  <p>✅有照顧奶貓7年以上經驗</p>\n                  <p>✅曾在中途之家擔任志工多年</p>\n                  <p class=\"size-7 mt-3\">&#128205; 到府照顧服務說明：</p>\n                  <p>🕍毛孩活動環境整潔（大小便狀況皆會說明）</p>\n                  <p>\n                    🍖餵食、換水補水（寶貝的罐罐需要秤重可以提前告知我喔～）\n                  </p>\n                  <p>💡毛孩狀況照實回報，主人安心出門</p>\n                  <p>🤹🏼‍♀️陪伴娛樂玩耍🎢</p>\n                  <p>📸隨時側拍毛孩給家長看，讓家長身歷其中🥰</p>\n                  <p>✅✅進門前皆會消毒雙手並且告訴家長已抵達家中服務</p>\n                  <p>\n                    ⭐️⭐️第一次預約可找時間安排一個免費家訪，與毛孩彼此互相了解、熟悉。也讓家長更認識我，在出遊期間能更安心❤️❤️如果服務日期接近，家訪時間碰不上，會詳細詢問毛孩狀況以及在家中習慣…等等🐶🐱\n                  </p>\n                </div>', '彰化縣', 0, 0, 1, 400, 900, 800),
(69, '蛋糕', '⚠️已接種完成3劑疫苗及定期篩檢，請家長放心⚠️\n🐱🐶有3年個人中途經驗\n🐶從小就非常喜歡小動物對他們也很有耐心的\n家中養的布偶貓是朋友因為家庭因素沒辦法飼養，加上我第一次遇見她就覺得特別有眼緣，所以直接帶回家照顧😍', 'user69@example.com', '0952487700', '<div class=\"d-flex flex-column gap-2\">\n                  <p class=\"size-7\">&#128205; 住宿部分預約須知：</p>\n                  <p>1.需有按時吃驅蟲藥以及心絲蟲</p>\n                  <p>2.需自備碗、飼料（鮮食）、牽繩、自家小被被（可有可無）</p>\n                  <p>\n                    3.需誠實告知狗狗習性，如：護食、不喜歡公狗、比較敏感、有嚴重區域，不喜歡被摸屁屁、耳朵等等\n                  </p>\n                  <p>4.信任彼此 ⚠️毛孩如有任何過敏體質或是食物請告知</p>\n\n                  <p class=\"size-7 mt-2\">&#128205; 家中環境介紹：</p>\n                  <p>\n                    家裡有廣大的空地（有安排防護）以及24小時過濾水提供（不是自來水或地下水）陽光充足\n                  </p>\n                  <p>\n                    住宿不關籠（如有關籠需求提前告知）、睡覺睡室內玩耍再室外，環境不是最乾淨但絕對不無聊，安排多項供貓咪玩耍的玩具及高空環境\n                  </p>\n                  <p>\n                    老寶貝也可來住宿，有獨立空間感不受打擾，清幽住宿，安心養老。\n                  </p>\n                  <p>✅全職的保姆，寶貝24小時陪伴照顧</p>\n                  <p>✅有照顧奶貓7年以上經驗</p>\n                  <p>✅曾在中途之家擔任志工多年</p>\n                  <p class=\"size-7 mt-3\">&#128205; 到府照顧服務說明：</p>\n                  <p>🕍毛孩活動環境整潔（大小便狀況皆會說明）</p>\n                  <p>\n                    🍖餵食、換水補水（寶貝的罐罐需要秤重可以提前告知我喔～）\n                  </p>\n                  <p>💡毛孩狀況照實回報，主人安心出門</p>\n                  <p>🤹🏼‍♀️陪伴娛樂玩耍🎢</p>\n                  <p>📸隨時側拍毛孩給家長看，讓家長身歷其中🥰</p>\n                  <p>✅✅進門前皆會消毒雙手並且告訴家長已抵達家中服務</p>\n                  <p>\n                    ⭐️⭐️第一次預約可找時間安排一個免費家訪，與毛孩彼此互相了解、熟悉。也讓家長更認識我，在出遊期間能更安心❤️❤️如果服務日期接近，家訪時間碰不上，會詳細詢問毛孩狀況以及在家中習慣…等等🐶🐱\n                  </p>\n                </div>', '南投縣', 0, 0, 1, 400, 700, 900),
(70, '夢夢', '⚠️已接種完成3劑疫苗及定期篩檢，請家長放心⚠️\n🐱🐶有3年個人中途經驗\n🐶從小就非常喜歡小動物對他們也很有耐心的\n家中養的布偶貓是朋友因為家庭因素沒辦法飼養，加上我第一次遇見她就覺得特別有眼緣，所以直接帶回家照顧😍', 'user70@example.com', '0952487701', '<div class=\"d-flex flex-column gap-2\">\n                  <p class=\"size-7\">&#128205; 住宿部分預約須知：</p>\n                  <p>1.需有按時吃驅蟲藥以及心絲蟲</p>\n                  <p>2.需自備碗、飼料（鮮食）、牽繩、自家小被被（可有可無）</p>\n                  <p>\n                    3.需誠實告知狗狗習性，如：護食、不喜歡公狗、比較敏感、有嚴重區域，不喜歡被摸屁屁、耳朵等等\n                  </p>\n                  <p>4.信任彼此 ⚠️毛孩如有任何過敏體質或是食物請告知</p>\n\n                  <p class=\"size-7 mt-2\">&#128205; 家中環境介紹：</p>\n                  <p>\n                    家裡有廣大的空地（有安排防護）以及24小時過濾水提供（不是自來水或地下水）陽光充足\n                  </p>\n                  <p>\n                    住宿不關籠（如有關籠需求提前告知）、睡覺睡室內玩耍再室外，環境不是最乾淨但絕對不無聊，安排多項供貓咪玩耍的玩具及高空環境\n                  </p>\n                  <p>\n                    老寶貝也可來住宿，有獨立空間感不受打擾，清幽住宿，安心養老。\n                  </p>\n                  <p>✅全職的保姆，寶貝24小時陪伴照顧</p>\n                  <p>✅有照顧奶貓7年以上經驗</p>\n                  <p>✅曾在中途之家擔任志工多年</p>\n                  <p class=\"size-7 mt-3\">&#128205; 到府照顧服務說明：</p>\n                  <p>🕍毛孩活動環境整潔（大小便狀況皆會說明）</p>\n                  <p>\n                    🍖餵食、換水補水（寶貝的罐罐需要秤重可以提前告知我喔～）\n                  </p>\n                  <p>💡毛孩狀況照實回報，主人安心出門</p>\n                  <p>🤹🏼‍♀️陪伴娛樂玩耍🎢</p>\n                  <p>📸隨時側拍毛孩給家長看，讓家長身歷其中🥰</p>\n                  <p>✅✅進門前皆會消毒雙手並且告訴家長已抵達家中服務</p>\n                  <p>\n                    ⭐️⭐️第一次預約可找時間安排一個免費家訪，與毛孩彼此互相了解、熟悉。也讓家長更認識我，在出遊期間能更安心❤️❤️如果服務日期接近，家訪時間碰不上，會詳細詢問毛孩狀況以及在家中習慣…等等🐶🐱\n                  </p>\n                </div>', '雲林縣', 0, 1, 0, 350, 700, 800),
(71, '檸檬', '⚠️已接種完成3劑疫苗及定期篩檢，請家長放心⚠️\n🐱🐶有3年個人中途經驗\n🐶從小就非常喜歡小動物對他們也很有耐心的\n家中養的布偶貓是朋友因為家庭因素沒辦法飼養，加上我第一次遇見她就覺得特別有眼緣，所以直接帶回家照顧😍', 'user71@example.com', '0952487702', '<div class=\"d-flex flex-column gap-2\">\n                  <p class=\"size-7\">&#128205; 住宿部分預約須知：</p>\n                  <p>1.需有按時吃驅蟲藥以及心絲蟲</p>\n                  <p>2.需自備碗、飼料（鮮食）、牽繩、自家小被被（可有可無）</p>\n                  <p>\n                    3.需誠實告知狗狗習性，如：護食、不喜歡公狗、比較敏感、有嚴重區域，不喜歡被摸屁屁、耳朵等等\n                  </p>\n                  <p>4.信任彼此 ⚠️毛孩如有任何過敏體質或是食物請告知</p>\n\n                  <p class=\"size-7 mt-2\">&#128205; 家中環境介紹：</p>\n                  <p>\n                    家裡有廣大的空地（有安排防護）以及24小時過濾水提供（不是自來水或地下水）陽光充足\n                  </p>\n                  <p>\n                    住宿不關籠（如有關籠需求提前告知）、睡覺睡室內玩耍再室外，環境不是最乾淨但絕對不無聊，安排多項供貓咪玩耍的玩具及高空環境\n                  </p>\n                  <p>\n                    老寶貝也可來住宿，有獨立空間感不受打擾，清幽住宿，安心養老。\n                  </p>\n                  <p>✅全職的保姆，寶貝24小時陪伴照顧</p>\n                  <p>✅有照顧奶貓7年以上經驗</p>\n                  <p>✅曾在中途之家擔任志工多年</p>\n                  <p class=\"size-7 mt-3\">&#128205; 到府照顧服務說明：</p>\n                  <p>🕍毛孩活動環境整潔（大小便狀況皆會說明）</p>\n                  <p>\n                    🍖餵食、換水補水（寶貝的罐罐需要秤重可以提前告知我喔～）\n                  </p>\n                  <p>💡毛孩狀況照實回報，主人安心出門</p>\n                  <p>🤹🏼‍♀️陪伴娛樂玩耍🎢</p>\n                  <p>📸隨時側拍毛孩給家長看，讓家長身歷其中🥰</p>\n                  <p>✅✅進門前皆會消毒雙手並且告訴家長已抵達家中服務</p>\n                  <p>\n                    ⭐️⭐️第一次預約可找時間安排一個免費家訪，與毛孩彼此互相了解、熟悉。也讓家長更認識我，在出遊期間能更安心❤️❤️如果服務日期接近，家訪時間碰不上，會詳細詢問毛孩狀況以及在家中習慣…等等🐶🐱\n                  </p>\n                </div>', '嘉義市', 1, 0, 0, 350, 600, 750),
(72, '橙子', '⚠️已接種完成3劑疫苗及定期篩檢，請家長放心⚠️\n🐱🐶有3年個人中途經驗\n🐶從小就非常喜歡小動物對他們也很有耐心的\n家中養的布偶貓是朋友因為家庭因素沒辦法飼養，加上我第一次遇見她就覺得特別有眼緣，所以直接帶回家照顧😍', 'user72@example.com', '0952487703', '<div class=\"d-flex flex-column gap-2\">\n                  <p class=\"size-7\">&#128205; 住宿部分預約須知：</p>\n                  <p>1.需有按時吃驅蟲藥以及心絲蟲</p>\n                  <p>2.需自備碗、飼料（鮮食）、牽繩、自家小被被（可有可無）</p>\n                  <p>\n                    3.需誠實告知狗狗習性，如：護食、不喜歡公狗、比較敏感、有嚴重區域，不喜歡被摸屁屁、耳朵等等\n                  </p>\n                  <p>4.信任彼此 ⚠️毛孩如有任何過敏體質或是食物請告知</p>\n\n                  <p class=\"size-7 mt-2\">&#128205; 家中環境介紹：</p>\n                  <p>\n                    家裡有廣大的空地（有安排防護）以及24小時過濾水提供（不是自來水或地下水）陽光充足\n                  </p>\n                  <p>\n                    住宿不關籠（如有關籠需求提前告知）、睡覺睡室內玩耍再室外，環境不是最乾淨但絕對不無聊，安排多項供貓咪玩耍的玩具及高空環境\n                  </p>\n                  <p>\n                    老寶貝也可來住宿，有獨立空間感不受打擾，清幽住宿，安心養老。\n                  </p>\n                  <p>✅全職的保姆，寶貝24小時陪伴照顧</p>\n                  <p>✅有照顧奶貓7年以上經驗</p>\n                  <p>✅曾在中途之家擔任志工多年</p>\n                  <p class=\"size-7 mt-3\">&#128205; 到府照顧服務說明：</p>\n                  <p>🕍毛孩活動環境整潔（大小便狀況皆會說明）</p>\n                  <p>\n                    🍖餵食、換水補水（寶貝的罐罐需要秤重可以提前告知我喔～）\n                  </p>\n                  <p>💡毛孩狀況照實回報，主人安心出門</p>\n                  <p>🤹🏼‍♀️陪伴娛樂玩耍🎢</p>\n                  <p>📸隨時側拍毛孩給家長看，讓家長身歷其中🥰</p>\n                  <p>✅✅進門前皆會消毒雙手並且告訴家長已抵達家中服務</p>\n                  <p>\n                    ⭐️⭐️第一次預約可找時間安排一個免費家訪，與毛孩彼此互相了解、熟悉。也讓家長更認識我，在出遊期間能更安心❤️❤️如果服務日期接近，家訪時間碰不上，會詳細詢問毛孩狀況以及在家中習慣…等等🐶🐱\n                  </p>\n                </div>', '嘉義縣', 1, 0, 1, 350, 600, 450),
(73, '熱狗蛋', '⚠️已接種完成3劑疫苗及定期篩檢，請家長放心⚠️\n🐱🐶有3年個人中途經驗\n🐶從小就非常喜歡小動物對他們也很有耐心的\n家中養的布偶貓是朋友因為家庭因素沒辦法飼養，加上我第一次遇見她就覺得特別有眼緣，所以直接帶回家照顧😍', 'user73@example.com', '0952487704', '<div class=\"d-flex flex-column gap-2\">\n                  <p class=\"size-7\">&#128205; 住宿部分預約須知：</p>\n                  <p>1.需有按時吃驅蟲藥以及心絲蟲</p>\n                  <p>2.需自備碗、飼料（鮮食）、牽繩、自家小被被（可有可無）</p>\n                  <p>\n                    3.需誠實告知狗狗習性，如：護食、不喜歡公狗、比較敏感、有嚴重區域，不喜歡被摸屁屁、耳朵等等\n                  </p>\n                  <p>4.信任彼此 ⚠️毛孩如有任何過敏體質或是食物請告知</p>\n\n                  <p class=\"size-7 mt-2\">&#128205; 家中環境介紹：</p>\n                  <p>\n                    家裡有廣大的空地（有安排防護）以及24小時過濾水提供（不是自來水或地下水）陽光充足\n                  </p>\n                  <p>\n                    住宿不關籠（如有關籠需求提前告知）、睡覺睡室內玩耍再室外，環境不是最乾淨但絕對不無聊，安排多項供貓咪玩耍的玩具及高空環境\n                  </p>\n                  <p>\n                    老寶貝也可來住宿，有獨立空間感不受打擾，清幽住宿，安心養老。\n                  </p>\n                  <p>✅全職的保姆，寶貝24小時陪伴照顧</p>\n                  <p>✅有照顧奶貓7年以上經驗</p>\n                  <p>✅曾在中途之家擔任志工多年</p>\n                  <p class=\"size-7 mt-3\">&#128205; 到府照顧服務說明：</p>\n                  <p>🕍毛孩活動環境整潔（大小便狀況皆會說明）</p>\n                  <p>\n                    🍖餵食、換水補水（寶貝的罐罐需要秤重可以提前告知我喔～）\n                  </p>\n                  <p>💡毛孩狀況照實回報，主人安心出門</p>\n                  <p>🤹🏼‍♀️陪伴娛樂玩耍🎢</p>\n                  <p>📸隨時側拍毛孩給家長看，讓家長身歷其中🥰</p>\n                  <p>✅✅進門前皆會消毒雙手並且告訴家長已抵達家中服務</p>\n                  <p>\n                    ⭐️⭐️第一次預約可找時間安排一個免費家訪，與毛孩彼此互相了解、熟悉。也讓家長更認識我，在出遊期間能更安心❤️❤️如果服務日期接近，家訪時間碰不上，會詳細詢問毛孩狀況以及在家中習慣…等等🐶🐱\n                  </p>\n                </div>', '屏東縣', 0, 1, 1, 350, 600, 450),
(74, '林建國', '⚠️已接種完成3劑疫苗及定期篩檢，請家長放心⚠️\n🐱🐶有3年個人中途經驗\n🐶從小就非常喜歡小動物對他們也很有耐心的\n家中養的布偶貓是朋友因為家庭因素沒辦法飼養，加上我第一次遇見她就覺得特別有眼緣，所以直接帶回家照顧😍', 'user74@example.com', '0952487705', '<div class=\"d-flex flex-column gap-2\">\n                  <p class=\"size-7\">&#128205; 住宿部分預約須知：</p>\n                  <p>1.需有按時吃驅蟲藥以及心絲蟲</p>\n                  <p>2.需自備碗、飼料（鮮食）、牽繩、自家小被被（可有可無）</p>\n                  <p>\n                    3.需誠實告知狗狗習性，如：護食、不喜歡公狗、比較敏感、有嚴重區域，不喜歡被摸屁屁、耳朵等等\n                  </p>\n                  <p>4.信任彼此 ⚠️毛孩如有任何過敏體質或是食物請告知</p>\n\n                  <p class=\"size-7 mt-2\">&#128205; 家中環境介紹：</p>\n                  <p>\n                    家裡有廣大的空地（有安排防護）以及24小時過濾水提供（不是自來水或地下水）陽光充足\n                  </p>\n                  <p>\n                    住宿不關籠（如有關籠需求提前告知）、睡覺睡室內玩耍再室外，環境不是最乾淨但絕對不無聊，安排多項供貓咪玩耍的玩具及高空環境\n                  </p>\n                  <p>\n                    老寶貝也可來住宿，有獨立空間感不受打擾，清幽住宿，安心養老。\n                  </p>\n                  <p>✅全職的保姆，寶貝24小時陪伴照顧</p>\n                  <p>✅有照顧奶貓7年以上經驗</p>\n                  <p>✅曾在中途之家擔任志工多年</p>\n                  <p class=\"size-7 mt-3\">&#128205; 到府照顧服務說明：</p>\n                  <p>🕍毛孩活動環境整潔（大小便狀況皆會說明）</p>\n                  <p>\n                    🍖餵食、換水補水（寶貝的罐罐需要秤重可以提前告知我喔～）\n                  </p>\n                  <p>💡毛孩狀況照實回報，主人安心出門</p>\n                  <p>🤹🏼‍♀️陪伴娛樂玩耍🎢</p>\n                  <p>📸隨時側拍毛孩給家長看，讓家長身歷其中🥰</p>\n                  <p>✅✅進門前皆會消毒雙手並且告訴家長已抵達家中服務</p>\n                  <p>\n                    ⭐️⭐️第一次預約可找時間安排一個免費家訪，與毛孩彼此互相了解、熟悉。也讓家長更認識我，在出遊期間能更安心❤️❤️如果服務日期接近，家訪時間碰不上，會詳細詢問毛孩狀況以及在家中習慣…等等🐶🐱\n                  </p>\n                </div>', '南投縣', 1, 0, 0, 450, 850, 600),
(75, '香香', '⚠️已接種完成3劑疫苗及定期篩檢，請家長放心⚠️\n🐱🐶有3年個人中途經驗\n🐶從小就非常喜歡小動物對他們也很有耐心的\n家中養的布偶貓是朋友因為家庭因素沒辦法飼養，加上我第一次遇見她就覺得特別有眼緣，所以直接帶回家照顧😍', 'user75@example.com', '0952487706', '<div class=\"d-flex flex-column gap-2\">\n                  <p class=\"size-7\">&#128205; 住宿部分預約須知：</p>\n                  <p>1.需有按時吃驅蟲藥以及心絲蟲</p>\n                  <p>2.需自備碗、飼料（鮮食）、牽繩、自家小被被（可有可無）</p>\n                  <p>\n                    3.需誠實告知狗狗習性，如：護食、不喜歡公狗、比較敏感、有嚴重區域，不喜歡被摸屁屁、耳朵等等\n                  </p>\n                  <p>4.信任彼此 ⚠️毛孩如有任何過敏體質或是食物請告知</p>\n\n                  <p class=\"size-7 mt-2\">&#128205; 家中環境介紹：</p>\n                  <p>\n                    家裡有廣大的空地（有安排防護）以及24小時過濾水提供（不是自來水或地下水）陽光充足\n                  </p>\n                  <p>\n                    住宿不關籠（如有關籠需求提前告知）、睡覺睡室內玩耍再室外，環境不是最乾淨但絕對不無聊，安排多項供貓咪玩耍的玩具及高空環境\n                  </p>\n                  <p>\n                    老寶貝也可來住宿，有獨立空間感不受打擾，清幽住宿，安心養老。\n                  </p>\n                  <p>✅全職的保姆，寶貝24小時陪伴照顧</p>\n                  <p>✅有照顧奶貓7年以上經驗</p>\n                  <p>✅曾在中途之家擔任志工多年</p>\n                  <p class=\"size-7 mt-3\">&#128205; 到府照顧服務說明：</p>\n                  <p>🕍毛孩活動環境整潔（大小便狀況皆會說明）</p>\n                  <p>\n                    🍖餵食、換水補水（寶貝的罐罐需要秤重可以提前告知我喔～）\n                  </p>\n                  <p>💡毛孩狀況照實回報，主人安心出門</p>\n                  <p>🤹🏼‍♀️陪伴娛樂玩耍🎢</p>\n                  <p>📸隨時側拍毛孩給家長看，讓家長身歷其中🥰</p>\n                  <p>✅✅進門前皆會消毒雙手並且告訴家長已抵達家中服務</p>\n                  <p>\n                    ⭐️⭐️第一次預約可找時間安排一個免費家訪，與毛孩彼此互相了解、熟悉。也讓家長更認識我，在出遊期間能更安心❤️❤️如果服務日期接近，家訪時間碰不上，會詳細詢問毛孩狀況以及在家中習慣…等等🐶🐱\n                  </p>\n                </div>', '雲林縣', 1, 1, 0, 450, 850, 800),
(76, '詩涵', '⚠️已接種完成3劑疫苗及定期篩檢，請家長放心⚠️\n🐱🐶有3年個人中途經驗\n🐶從小就非常喜歡小動物對他們也很有耐心的\n家中養的布偶貓是朋友因為家庭因素沒辦法飼養，加上我第一次遇見她就覺得特別有眼緣，所以直接帶回家照顧😍', 'user76@example.com', '0952487707', '<div class=\"d-flex flex-column gap-2\">\n                  <p class=\"size-7\">&#128205; 住宿部分預約須知：</p>\n                  <p>1.需有按時吃驅蟲藥以及心絲蟲</p>\n                  <p>2.需自備碗、飼料（鮮食）、牽繩、自家小被被（可有可無）</p>\n                  <p>\n                    3.需誠實告知狗狗習性，如：護食、不喜歡公狗、比較敏感、有嚴重區域，不喜歡被摸屁屁、耳朵等等\n                  </p>\n                  <p>4.信任彼此 ⚠️毛孩如有任何過敏體質或是食物請告知</p>\n\n                  <p class=\"size-7 mt-2\">&#128205; 家中環境介紹：</p>\n                  <p>\n                    家裡有廣大的空地（有安排防護）以及24小時過濾水提供（不是自來水或地下水）陽光充足\n                  </p>\n                  <p>\n                    住宿不關籠（如有關籠需求提前告知）、睡覺睡室內玩耍再室外，環境不是最乾淨但絕對不無聊，安排多項供貓咪玩耍的玩具及高空環境\n                  </p>\n                  <p>\n                    老寶貝也可來住宿，有獨立空間感不受打擾，清幽住宿，安心養老。\n                  </p>\n                  <p>✅全職的保姆，寶貝24小時陪伴照顧</p>\n                  <p>✅有照顧奶貓7年以上經驗</p>\n                  <p>✅曾在中途之家擔任志工多年</p>\n                  <p class=\"size-7 mt-3\">&#128205; 到府照顧服務說明：</p>\n                  <p>🕍毛孩活動環境整潔（大小便狀況皆會說明）</p>\n                  <p>\n                    🍖餵食、換水補水（寶貝的罐罐需要秤重可以提前告知我喔～）\n                  </p>\n                  <p>💡毛孩狀況照實回報，主人安心出門</p>\n                  <p>🤹🏼‍♀️陪伴娛樂玩耍🎢</p>\n                  <p>📸隨時側拍毛孩給家長看，讓家長身歷其中🥰</p>\n                  <p>✅✅進門前皆會消毒雙手並且告訴家長已抵達家中服務</p>\n                  <p>\n                    ⭐️⭐️第一次預約可找時間安排一個免費家訪，與毛孩彼此互相了解、熟悉。也讓家長更認識我，在出遊期間能更安心❤️❤️如果服務日期接近，家訪時間碰不上，會詳細詢問毛孩狀況以及在家中習慣…等等🐶🐱\n                  </p>\n                </div>', '苗栗縣', 0, 1, 1, 450, 500, 800),
(77, '藝洋', '⚠️已接種完成3劑疫苗及定期篩檢，請家長放心⚠️\n🐱🐶有3年個人中途經驗\n🐶從小就非常喜歡小動物對他們也很有耐心的\n家中養的布偶貓是朋友因為家庭因素沒辦法飼養，加上我第一次遇見她就覺得特別有眼緣，所以直接帶回家照顧😍', 'user77@example.com', '0952487708', '<div class=\"d-flex flex-column gap-2\">\n                  <p class=\"size-7\">&#128205; 住宿部分預約須知：</p>\n                  <p>1.需有按時吃驅蟲藥以及心絲蟲</p>\n                  <p>2.需自備碗、飼料（鮮食）、牽繩、自家小被被（可有可無）</p>\n                  <p>\n                    3.需誠實告知狗狗習性，如：護食、不喜歡公狗、比較敏感、有嚴重區域，不喜歡被摸屁屁、耳朵等等\n                  </p>\n                  <p>4.信任彼此 ⚠️毛孩如有任何過敏體質或是食物請告知</p>\n\n                  <p class=\"size-7 mt-2\">&#128205; 家中環境介紹：</p>\n                  <p>\n                    家裡有廣大的空地（有安排防護）以及24小時過濾水提供（不是自來水或地下水）陽光充足\n                  </p>\n                  <p>\n                    住宿不關籠（如有關籠需求提前告知）、睡覺睡室內玩耍再室外，環境不是最乾淨但絕對不無聊，安排多項供貓咪玩耍的玩具及高空環境\n                  </p>\n                  <p>\n                    老寶貝也可來住宿，有獨立空間感不受打擾，清幽住宿，安心養老。\n                  </p>\n                  <p>✅全職的保姆，寶貝24小時陪伴照顧</p>\n                  <p>✅有照顧奶貓7年以上經驗</p>\n                  <p>✅曾在中途之家擔任志工多年</p>\n                  <p class=\"size-7 mt-3\">&#128205; 到府照顧服務說明：</p>\n                  <p>🕍毛孩活動環境整潔（大小便狀況皆會說明）</p>\n                  <p>\n                    🍖餵食、換水補水（寶貝的罐罐需要秤重可以提前告知我喔～）\n                  </p>\n                  <p>💡毛孩狀況照實回報，主人安心出門</p>\n                  <p>🤹🏼‍♀️陪伴娛樂玩耍🎢</p>\n                  <p>📸隨時側拍毛孩給家長看，讓家長身歷其中🥰</p>\n                  <p>✅✅進門前皆會消毒雙手並且告訴家長已抵達家中服務</p>\n                  <p>\n                    ⭐️⭐️第一次預約可找時間安排一個免費家訪，與毛孩彼此互相了解、熟悉。也讓家長更認識我，在出遊期間能更安心❤️❤️如果服務日期接近，家訪時間碰不上，會詳細詢問毛孩狀況以及在家中習慣…等等🐶🐱\n                  </p>\n                </div>', '彰化縣', 1, 0, 0, 450, 500, 800),
(78, '雨辰', '⚠️已接種完成3劑疫苗及定期篩檢，請家長放心⚠️\n🐱🐶有3年個人中途經驗\n🐶從小就非常喜歡小動物對他們也很有耐心的\n家中養的布偶貓是朋友因為家庭因素沒辦法飼養，加上我第一次遇見她就覺得特別有眼緣，所以直接帶回家照顧😍', 'user78@example.com', '0952487709', '<div class=\"d-flex flex-column gap-2\">\n                  <p class=\"size-7\">&#128205; 住宿部分預約須知：</p>\n                  <p>1.需有按時吃驅蟲藥以及心絲蟲</p>\n                  <p>2.需自備碗、飼料（鮮食）、牽繩、自家小被被（可有可無）</p>\n                  <p>\n                    3.需誠實告知狗狗習性，如：護食、不喜歡公狗、比較敏感、有嚴重區域，不喜歡被摸屁屁、耳朵等等\n                  </p>\n                  <p>4.信任彼此 ⚠️毛孩如有任何過敏體質或是食物請告知</p>\n\n                  <p class=\"size-7 mt-2\">&#128205; 家中環境介紹：</p>\n                  <p>\n                    家裡有廣大的空地（有安排防護）以及24小時過濾水提供（不是自來水或地下水）陽光充足\n                  </p>\n                  <p>\n                    住宿不關籠（如有關籠需求提前告知）、睡覺睡室內玩耍再室外，環境不是最乾淨但絕對不無聊，安排多項供貓咪玩耍的玩具及高空環境\n                  </p>\n                  <p>\n                    老寶貝也可來住宿，有獨立空間感不受打擾，清幽住宿，安心養老。\n                  </p>\n                  <p>✅全職的保姆，寶貝24小時陪伴照顧</p>\n                  <p>✅有照顧奶貓7年以上經驗</p>\n                  <p>✅曾在中途之家擔任志工多年</p>\n                  <p class=\"size-7 mt-3\">&#128205; 到府照顧服務說明：</p>\n                  <p>🕍毛孩活動環境整潔（大小便狀況皆會說明）</p>\n                  <p>\n                    🍖餵食、換水補水（寶貝的罐罐需要秤重可以提前告知我喔～）\n                  </p>\n                  <p>💡毛孩狀況照實回報，主人安心出門</p>\n                  <p>🤹🏼‍♀️陪伴娛樂玩耍🎢</p>\n                  <p>📸隨時側拍毛孩給家長看，讓家長身歷其中🥰</p>\n                  <p>✅✅進門前皆會消毒雙手並且告訴家長已抵達家中服務</p>\n                  <p>\n                    ⭐️⭐️第一次預約可找時間安排一個免費家訪，與毛孩彼此互相了解、熟悉。也讓家長更認識我，在出遊期間能更安心❤️❤️如果服務日期接近，家訪時間碰不上，會詳細詢問毛孩狀況以及在家中習慣…等等🐶🐱\n                  </p>\n                </div>', '南投縣', 0, 1, 0, 450, 700, 900),
(79, '宇軒', '⚠️已接種完成3劑疫苗及定期篩檢，請家長放心⚠️\n🐱🐶有3年個人中途經驗\n🐶從小就非常喜歡小動物對他們也很有耐心的\n家中養的布偶貓是朋友因為家庭因素沒辦法飼養，加上我第一次遇見她就覺得特別有眼緣，所以直接帶回家照顧😍', 'user79@example.com', '0952487710', '<div class=\"d-flex flex-column gap-2\">\n                  <p class=\"size-7\">&#128205; 住宿部分預約須知：</p>\n                  <p>1.需有按時吃驅蟲藥以及心絲蟲</p>\n                  <p>2.需自備碗、飼料（鮮食）、牽繩、自家小被被（可有可無）</p>\n                  <p>\n                    3.需誠實告知狗狗習性，如：護食、不喜歡公狗、比較敏感、有嚴重區域，不喜歡被摸屁屁、耳朵等等\n                  </p>\n                  <p>4.信任彼此 ⚠️毛孩如有任何過敏體質或是食物請告知</p>\n\n                  <p class=\"size-7 mt-2\">&#128205; 家中環境介紹：</p>\n                  <p>\n                    家裡有廣大的空地（有安排防護）以及24小時過濾水提供（不是自來水或地下水）陽光充足\n                  </p>\n                  <p>\n                    住宿不關籠（如有關籠需求提前告知）、睡覺睡室內玩耍再室外，環境不是最乾淨但絕對不無聊，安排多項供貓咪玩耍的玩具及高空環境\n                  </p>\n                  <p>\n                    老寶貝也可來住宿，有獨立空間感不受打擾，清幽住宿，安心養老。\n                  </p>\n                  <p>✅全職的保姆，寶貝24小時陪伴照顧</p>\n                  <p>✅有照顧奶貓7年以上經驗</p>\n                  <p>✅曾在中途之家擔任志工多年</p>\n                  <p class=\"size-7 mt-3\">&#128205; 到府照顧服務說明：</p>\n                  <p>🕍毛孩活動環境整潔（大小便狀況皆會說明）</p>\n                  <p>\n                    🍖餵食、換水補水（寶貝的罐罐需要秤重可以提前告知我喔～）\n                  </p>\n                  <p>💡毛孩狀況照實回報，主人安心出門</p>\n                  <p>🤹🏼‍♀️陪伴娛樂玩耍🎢</p>\n                  <p>📸隨時側拍毛孩給家長看，讓家長身歷其中🥰</p>\n                  <p>✅✅進門前皆會消毒雙手並且告訴家長已抵達家中服務</p>\n                  <p>\n                    ⭐️⭐️第一次預約可找時間安排一個免費家訪，與毛孩彼此互相了解、熟悉。也讓家長更認識我，在出遊期間能更安心❤️❤️如果服務日期接近，家訪時間碰不上，會詳細詢問毛孩狀況以及在家中習慣…等等🐶🐱\n                  </p>\n                </div>', '雲林縣', 1, 0, 1, 450, 600, 900),
(80, '玉米棒', '⚠️已接種完成3劑疫苗及定期篩檢，請家長放心⚠️\n🐱🐶有3年個人中途經驗\n🐶從小就非常喜歡小動物對他們也很有耐心的\n家中養的布偶貓是朋友因為家庭因素沒辦法飼養，加上我第一次遇見她就覺得特別有眼緣，所以直接帶回家照顧😍', 'user80@example.com', '0952487711', '<div class=\"d-flex flex-column gap-2\">\n                  <p class=\"size-7\">&#128205; 住宿部分預約須知：</p>\n                  <p>1.需有按時吃驅蟲藥以及心絲蟲</p>\n                  <p>2.需自備碗、飼料（鮮食）、牽繩、自家小被被（可有可無）</p>\n                  <p>\n                    3.需誠實告知狗狗習性，如：護食、不喜歡公狗、比較敏感、有嚴重區域，不喜歡被摸屁屁、耳朵等等\n                  </p>\n                  <p>4.信任彼此 ⚠️毛孩如有任何過敏體質或是食物請告知</p>\n\n                  <p class=\"size-7 mt-2\">&#128205; 家中環境介紹：</p>\n                  <p>\n                    家裡有廣大的空地（有安排防護）以及24小時過濾水提供（不是自來水或地下水）陽光充足\n                  </p>\n                  <p>\n                    住宿不關籠（如有關籠需求提前告知）、睡覺睡室內玩耍再室外，環境不是最乾淨但絕對不無聊，安排多項供貓咪玩耍的玩具及高空環境\n                  </p>\n                  <p>\n                    老寶貝也可來住宿，有獨立空間感不受打擾，清幽住宿，安心養老。\n                  </p>\n                  <p>✅全職的保姆，寶貝24小時陪伴照顧</p>\n                  <p>✅有照顧奶貓7年以上經驗</p>\n                  <p>✅曾在中途之家擔任志工多年</p>\n                  <p class=\"size-7 mt-3\">&#128205; 到府照顧服務說明：</p>\n                  <p>🕍毛孩活動環境整潔（大小便狀況皆會說明）</p>\n                  <p>\n                    🍖餵食、換水補水（寶貝的罐罐需要秤重可以提前告知我喔～）\n                  </p>\n                  <p>💡毛孩狀況照實回報，主人安心出門</p>\n                  <p>🤹🏼‍♀️陪伴娛樂玩耍🎢</p>\n                  <p>📸隨時側拍毛孩給家長看，讓家長身歷其中🥰</p>\n                  <p>✅✅進門前皆會消毒雙手並且告訴家長已抵達家中服務</p>\n                  <p>\n                    ⭐️⭐️第一次預約可找時間安排一個免費家訪，與毛孩彼此互相了解、熟悉。也讓家長更認識我，在出遊期間能更安心❤️❤️如果服務日期接近，家訪時間碰不上，會詳細詢問毛孩狀況以及在家中習慣…等等🐶🐱\n                  </p>\n                </div>', '嘉義市', 1, 1, 1, 450, 600, 800);

-- --------------------------------------------------------

--
-- 資料表結構 `mission_helper_reviews`
--

CREATE TABLE `mission_helper_reviews` (
  `review_id` int(30) NOT NULL,
  `request_id` int(100) NOT NULL,
  `user_id` int(30) NOT NULL,
  `helper_id` int(30) NOT NULL,
  `review_content` varchar(255) NOT NULL,
  `star_rating` int(30) NOT NULL,
  `review_date` date NOT NULL DEFAULT current_timestamp()
) ENGINE=InnoDB DEFAULT CHARSET=utf8mb4 COLLATE=utf8mb4_general_ci;

--
-- 傾印資料表的資料 `mission_helper_reviews`
--

INSERT INTO `mission_helper_reviews` (`review_id`, `request_id`, `user_id`, `helper_id`, `review_content`, `star_rating`, `review_date`) VALUES
(1, 1, 1, 3, '服務非常周到，照顧貓小孩還有整理環境，回來時減少其他負擔。大力推薦！！', 2, '2023-09-27'),
(2, 2, 1, 24, '服務非常周到，照顧貓小孩還有整理環境，回來時減少其他負擔。大力推薦！！', 5, '2023-09-28'),
(3, 3, 2, 31, '服務非常周到，照顧貓小孩還有整理環境，回來時減少其他負擔。大力推薦！！', 5, '2023-09-29'),
(4, 4, 4, 18, '服務非常周到，照顧貓小孩還有整理環境，回來時減少其他負擔。大力推薦！！', 5, '2023-10-04'),
(5, 5, 6, 38, '服務非常周到，照顧貓小孩還有整理環境，回來時減少其他負擔。大力推薦！！', 5, '2023-10-05'),
(6, 6, 7, 30, '服務非常周到，照顧貓小孩還有整理環境，回來時減少其他負擔。大力推薦！！', 2, '2023-09-16'),
(7, 7, 10, 7, '服務非常周到，照顧貓小孩還有整理環境，回來時減少其他負擔。大力推薦！！', 5, '2023-09-16'),
(8, 8, 10, 52, '服務非常周到，照顧貓小孩還有整理環境，回來時減少其他負擔。大力推薦！！', 5, '2023-09-16'),
(9, 9, 13, 42, '服務非常周到，照顧貓小孩還有整理環境，回來時減少其他負擔。大力推薦！！', 5, '2023-09-17'),
(10, 10, 17, 3, '服務非常周到，照顧貓小孩還有整理環境，回來時減少其他負擔。大力推薦！！', 5, '2023-09-18'),
(11, 11, 17, 48, '服務非常周到，照顧貓小孩還有整理環境，回來時減少其他負擔。大力推薦！！', 5, '2023-09-19'),
(12, 12, 18, 37, '服務非常周到，照顧貓小孩還有整理環境，回來時減少其他負擔。大力推薦！！', 5, '2023-09-18'),
(13, 13, 21, 48, '服務非常周到，照顧貓小孩還有整理環境，回來時減少其他負擔。大力推薦！！', 5, '2023-10-03'),
(14, 14, 25, 35, '服務非常周到，照顧貓小孩還有整理環境，回來時減少其他負擔。大力推薦！！', 4, '2023-10-04'),
(15, 15, 26, 1, '很感謝Amanda，在我旅遊的時間，照顧貓貓🐱，讓我非常放心、安心的玩🥰下一次旅遊還會找妳！！', 4, '2023-10-05'),
(16, 16, 27, 6, '服務非常周到，照顧貓小孩還有整理環境，回來時減少其他負擔。大力推薦！！', 5, '2023-10-03'),
(17, 17, 27, 18, '服務非常周到，照顧貓小孩還有整理環境，回來時減少其他負擔。大力推薦！！', 5, '2023-10-04'),
(18, 18, 28, 10, '感謝保姆讓我們能夠享受外出的樂趣，不必擔心毛孩。', 5, '2023-10-05'),
(19, 19, 30, 4, '服務非常周到，照顧貓小孩還有整理環境，回來時減少其他負擔。大力推薦！！', 3, '2023-10-03'),
(20, 20, 30, 7, '服務非常周到，照顧貓小孩還有整理環境，回來時減少其他負擔。大力推薦！！', 5, '2023-10-04'),
(21, 21, 31, 2, '服務非常周到，照顧貓小孩還有整理環境，回來時減少其他負擔。大力推薦！！', 5, '2023-10-05'),
(22, 22, 33, 1, '服務超讚！給五顆心都不夠😆😆 ', 5, '2023-09-16'),
(23, 23, 33, 17, '有愛心及耐心的寵物保姆，外出時有即時影片及照片讓我們放心，看著毛孩在保姆家開開心心，我們也放心', 5, '2023-09-16'),
(24, 24, 34, 10, '有愛心及耐心的寵物保姆，外出時有即時影片及照片讓我們放心，看著毛孩在保姆家開開心心，我們也放心', 5, '2023-10-04'),
(25, 25, 35, 25, '有愛心及耐心的寵物保姆，外出時有即時影片及照片讓我們放心，看著毛孩在保姆家開開心心，我們也放心', 5, '2023-10-05'),
(26, 26, 39, 21, '有愛心及耐心的寵物保姆，外出時有即時影片及照片讓我們放心，看著毛孩在保姆家開開心心，我們也放心', 5, '2023-10-03'),
(27, 27, 40, 17, '有愛心及耐心的寵物保姆，外出時有即時影片及照片讓我們放心，看著毛孩在保姆家開開心心，我們也放心', 5, '2023-10-04'),
(28, 28, 42, 13, '有愛心及耐心的寵物保姆，外出時有即時影片及照片讓我們放心，看著毛孩在保姆家開開心心，我們也放心', 5, '2023-10-04'),
(29, 29, 1, 3, '有愛心及耐心的寵物保姆，外出時有即時影片及照片讓我們放心，看著毛孩在保姆家開開心心，我們也放心', 5, '2023-09-16'),
(30, 30, 1, 24, '有愛心及耐心的寵物保姆，外出時有即時影片及照片讓我們放心，看著毛孩在保姆家開開心心，我們也放心', 5, '2023-09-16'),
(31, 31, 1, 36, '有愛心及耐心的寵物保姆，外出時有即時影片及照片讓我們放心，看著毛孩在保姆家開開心心，我們也放心', 4, '2023-09-16'),
(32, 32, 3, 32, '有愛心及耐心的寵物保姆，外出時有即時影片及照片讓我們放心，看著毛孩在保姆家開開心心，我們也放心', 5, '2023-09-16'),
(33, 33, 5, 18, '有愛心及耐心的寵物保姆，外出時有即時影片及照片讓我們放心，看著毛孩在保姆家開開心心，我們也放心', 5, '2023-09-16'),
(34, 34, 6, 38, '有愛心及耐心的寵物保姆，外出時有即時影片及照片讓我們放心，看著毛孩在保姆家開開心心，我們也放心', 5, '2023-09-16'),
(35, 35, 7, 30, '有愛心及耐心的寵物保姆，外出時有即時影片及照片讓我們放心，看著毛孩在保姆家開開心心，我們也放心', 5, '2023-09-16'),
(36, 36, 10, 7, '有愛心及耐心的寵物保姆，外出時有即時影片及照片讓我們放心，看著毛孩在保姆家開開心心，我們也放心', 5, '2023-09-17'),
(37, 37, 10, 52, '有愛心及耐心的寵物保姆，外出時有即時影片及照片讓我們放心，看著毛孩在保姆家開開心心，我們也放心', 5, '2023-09-22'),
(38, 38, 14, 43, '有愛心及耐心的寵物保姆，外出時有即時影片及照片讓我們放心，看著毛孩在保姆家開開心心，我們也放心', 5, '2023-09-16'),
(39, 39, 18, 3, '有愛心及耐心的寵物保姆，外出時有即時影片及照片讓我們放心，看著毛孩在保姆家開開心心，我們也放心', 5, '2023-09-16'),
(40, 40, 18, 48, '有愛心及耐心的寵物保姆，外出時有即時影片及照片讓我們放心，看著毛孩在保姆家開開心心，我們也放心', 4, '2023-09-16'),
(41, 41, 19, 37, '有愛心及耐心的寵物保姆，外出時有即時影片及照片讓我們放心，看著毛孩在保姆家開開心心，我們也放心', 5, '2023-09-17'),
(42, 42, 22, 48, '有愛心及耐心的寵物保姆，外出時有即時影片及照片讓我們放心，看著毛孩在保姆家開開心心，我們也放心', 4, '2023-09-18'),
(43, 43, 26, 1, '可以安心交付皮下輸液和餵藥，讓媽媽出遠門也能放心 ', 2, '2023-10-04'),
(44, 44, 27, 19, '因為擔心毛孩第一次要外宿褓姆家 ，怕寶寶不熟悉 ，所以讓他先到哈哈媽媽家玩半天 ，哈哈媽媽，哈哈哈哈哈超棒', 5, '2023-10-05'),
(45, 45, 28, 6, '因為擔心毛孩第一次要外宿褓姆家 ，怕寶寶不熟悉 ，所以讓他先到哈哈媽媽家玩半天 ，哈哈媽媽，哈哈哈哈哈超棒', 5, '2023-10-03'),
(46, 46, 29, 10, '因為擔心毛孩第一次要外宿褓姆家 ，怕寶寶不熟悉 ，所以讓他先到哈哈媽媽家玩半天 ，哈哈媽媽，哈哈哈哈哈超棒', 5, '2023-10-04'),
(47, 47, 30, 5, '因為擔心毛孩第一次要外宿褓姆家 ，怕寶寶不熟悉 ，所以讓他先到哈哈媽媽家玩半天 ，哈哈媽媽，哈哈哈哈哈超棒', 4, '2023-10-05'),
(48, 48, 30, 7, '因為擔心毛孩第一次要外宿褓姆家 ，怕寶寶不熟悉 ，所以讓他先到哈哈媽媽家玩半天 ，哈哈媽媽，哈哈哈哈哈超棒', 5, '2023-09-16'),
(49, 49, 32, 3, '因為擔心毛孩第一次要外宿褓姆家 ，怕寶寶不熟悉 ，所以讓他先到哈哈媽媽家玩半天 ，哈哈媽媽，哈哈哈哈哈超棒', 5, '2023-09-16'),
(50, 50, 33, 1, '因為擔心毛孩第一次要外宿褓姆家 ，怕寶寶不熟悉 ，所以讓他先到哈哈媽媽家玩半天 ，哈哈媽媽，哈哈哈哈哈超棒', 5, '2023-10-04'),
(51, 51, 33, 18, '因為擔心毛孩第一次要外宿褓姆家 ，怕寶寶不熟悉 ，所以讓他先到哈哈媽媽家玩半天 ，哈哈媽媽，哈哈哈哈哈超棒', 5, '2023-10-05'),
(52, 52, 35, 10, '因為擔心毛孩第一次要外宿褓姆家 ，怕寶寶不熟悉 ，所以讓他先到哈哈媽媽家玩半天 ，哈哈媽媽，哈哈哈哈哈超棒', 5, '2023-10-03'),
(53, 53, 36, 1, '因臨時安排開刀，謝謝保姆百忙中願意接下我們的急單🥹，不但手腳俐落，也認真細心照顧毛孩', 5, '2023-10-04'),
(54, 54, 39, 22, '因為擔心毛孩第一次要外宿褓姆家 ，怕寶寶不熟悉 ，所以讓他先到哈哈媽媽家玩半天 ，哈哈媽媽，哈哈哈哈哈超棒', 5, '2023-10-04'),
(55, 55, 41, 18, '因為擔心毛孩第一次要外宿褓姆家 ，怕寶寶不熟悉 ，所以讓他先到哈哈媽媽家玩半天 ，哈哈媽媽，哈哈哈哈哈超棒', 5, '2023-09-16'),
(56, 56, 43, 14, '因為擔心毛孩第一次要外宿褓姆家 ，怕寶寶不熟悉 ，所以讓他先到哈哈媽媽家玩半天 ，哈哈媽媽，哈哈哈哈哈超棒', 5, '2023-09-16'),
(57, 57, 2, 7, '因為擔心毛孩第一次要外宿褓姆家 ，怕寶寶不熟悉 ，所以讓他先到哈哈媽媽家玩半天 ，哈哈媽媽，哈哈哈哈哈超棒', 5, '2023-09-16'),
(58, 58, 3, 52, '因為擔心毛孩第一次要外宿褓姆家 ，怕寶寶不熟悉 ，所以讓他先到哈哈媽媽家玩半天 ，哈哈媽媽，哈哈哈哈哈超棒', 5, '2023-09-16'),
(59, 59, 5, 34, '因為擔心毛孩第一次要外宿褓姆家 ，怕寶寶不熟悉 ，所以讓他先到哈哈媽媽家玩半天 ，哈哈媽媽，哈哈哈哈哈超棒', 4, '2023-09-16'),
(60, 60, 6, 48, '因為擔心毛孩第一次要外宿褓姆家 ，怕寶寶不熟悉 ，所以讓他先到哈哈媽媽家玩半天 ，哈哈媽媽，哈哈哈哈哈超棒', 5, '2023-09-16'),
(61, 61, 8, 3, '因為擔心毛孩第一次要外宿褓姆家 ，怕寶寶不熟悉 ，所以讓他先到哈哈媽媽家玩半天 ，哈哈媽媽，哈哈哈哈哈超棒', 5, '2023-09-16'),
(62, 62, 8, 26, '因為擔心毛孩第一次要外宿褓姆家 ，怕寶寶不熟悉 ，所以讓他先到哈哈媽媽家玩半天 ，哈哈媽媽，哈哈哈哈哈超棒', 5, '2023-09-17'),
(63, 63, 9, 24, '因為擔心毛孩第一次要外宿褓姆家 ，怕寶寶不熟悉 ，所以讓他先到哈哈媽媽家玩半天 ，哈哈媽媽，哈哈哈哈哈超棒', 5, '2023-09-18'),
(64, 64, 12, 42, '因為擔心毛孩第一次要外宿褓姆家 ，怕寶寶不熟悉 ，所以讓他先到哈哈媽媽家玩半天 ，哈哈媽媽，哈哈哈哈哈超棒', 5, '2023-09-19'),
(65, 65, 14, 28, '因為擔心毛孩第一次要外宿褓姆家 ，怕寶寶不熟悉 ，所以讓他先到哈哈媽媽家玩半天 ，哈哈媽媽，哈哈哈哈哈超棒', 5, '2023-09-20'),
(66, 66, 16, 38, '因為擔心毛孩第一次要外宿褓姆家 ，怕寶寶不熟悉 ，所以讓他先到哈哈媽媽家玩半天 ，哈哈媽媽，哈哈哈哈哈超棒', 5, '2023-09-21'),
(67, 67, 20, 38, '因為擔心毛孩第一次要外宿褓姆家 ，怕寶寶不熟悉 ，所以讓他先到哈哈媽媽家玩半天 ，哈哈媽媽，哈哈哈哈哈超棒', 5, '2023-09-22'),
(68, 68, 23, 18, '謝謝Renee, 超級用心的照顧OREO, 下次還是會指定Renee（大推薦 🧡', 5, '2023-09-16'),
(69, 69, 24, 26, '謝謝Renee, 超級用心的照顧OREO, 下次還是會指定Renee（大推薦 🧡', 5, '2023-09-16'),
(70, 70, 3, 7, '謝謝Renee, 超級用心的照顧OREO, 下次還是會指定Renee（大推薦 🧡', 5, '2023-10-01'),
(71, 71, 4, 52, '很棒 ，照顧寵物非常的細心，回報狀況也很完整，讓我出國很放心，值得推薦！！ ', 5, '2023-10-02'),
(72, 72, 6, 35, '謝謝Renee, 超級用心的照顧OREO, 下次還是會指定Renee（大推薦 🧡', 2, '2023-10-03'),
(73, 73, 7, 48, '謝謝Renee, 超級用心的照顧OREO, 下次還是會指定Renee（大推薦 🧡', 5, '2023-10-04'),
(74, 74, 9, 3, '謝謝Renee, 超級用心的照顧OREO, 下次還是會指定Renee（大推薦 🧡', 5, '2023-10-05'),
(75, 75, 9, 27, '謝謝Renee, 超級用心的照顧OREO, 下次還是會指定Renee（大推薦 🧡', 2, '2023-09-16'),
(76, 76, 10, 24, '謝謝Renee, 超級用心的照顧OREO, 下次還是會指定Renee（大推薦 🧡', 5, '2023-09-16'),
(77, 77, 13, 42, '謝謝Renee, 超級用心的照顧OREO, 下次還是會指定Renee（大推薦 🧡', 5, '2023-09-16'),
(78, 78, 15, 28, '謝謝Renee, 超級用心的照顧OREO, 下次還是會指定Renee（大推薦 🧡', 5, '2023-09-17'),
(79, 79, 17, 38, '謝謝Renee, 超級用心的照顧OREO, 下次還是會指定Renee（大推薦 🧡', 5, '2023-09-18'),
(80, 80, 21, 38, '謝謝Renee, 超級用心的照顧OREO, 下次還是會指定Renee（大推薦 🧡', 5, '2023-09-19'),
(81, 81, 24, 18, '謝謝Renee, 超級用心的照顧OREO, 下次還是會指定Renee（大推薦 🧡', 5, '2023-09-18'),
(82, 82, 25, 26, '謝謝Renee, 超級用心的照顧OREO, 下次還是會指定Renee（大推薦 🧡', 5, '2023-10-03'),
(83, 83, 26, 8, '謝謝Renee, 超級用心的照顧OREO, 下次還是會指定Renee（大推薦 🧡', 2, '2023-10-04'),
(84, 84, 26, 8, '謝謝Renee, 超級用心的照顧OREO, 下次還是會指定Renee（大推薦 🧡', 5, '2023-10-05'),
(85, 85, 26, 24, '謝謝Renee, 超級用心的照顧OREO, 下次還是會指定Renee（大推薦 🧡', 5, '2023-10-03'),
(86, 86, 28, 14, '謝謝Renee, 超級用心的照顧OREO, 下次還是會指定Renee（大推薦 🧡', 5, '2023-10-04'),
(87, 87, 30, 6, '謝謝Renee, 超級用心的照顧OREO, 下次還是會指定Renee（大推薦 🧡', 5, '2023-10-05'),
(88, 88, 30, 23, '三小隻都很乖非常討人喜歡，馬麻對毛孩的日常照護非常用心，是幸福的孩子們❤️ ', 5, '2023-10-03'),
(89, 89, 32, 3, '我家阿曼真的超愛哈媽和哈爸的，帶過去的時候看到哈爸頭也不回就跟著跑了，平時也黏著哈媽撒嬌', 5, '2023-10-04'),
(90, 90, 32, 20, '我家阿曼真的超愛哈媽和哈爸的，帶過去的時候看到哈爸頭也不回就跟著跑了，平時也黏著哈媽撒嬌', 5, '2023-10-05'),
(91, 91, 33, 2, '我家阿曼真的超愛哈媽和哈爸的，帶過去的時候看到哈爸頭也不回就跟著跑了，平時也黏著哈媽撒嬌', 5, '2023-09-16'),
(92, 92, 34, 5, '我家阿曼真的超愛哈媽和哈爸的，帶過去的時候看到哈爸頭也不回就跟著跑了，平時也黏著哈媽撒嬌', 5, '2023-09-16'),
(93, 93, 38, 9, '我家阿曼真的超愛哈媽和哈爸的，帶過去的時候看到哈爸頭也不回就跟著跑了，平時也黏著哈媽撒嬌', 5, '2023-10-04'),
(94, 94, 40, 16, '我家阿曼真的超愛哈媽和哈爸的，帶過去的時候看到哈爸頭也不回就跟著跑了，平時也黏著哈媽撒嬌', 5, '2023-10-05'),
(95, 95, 42, 12, '我家阿曼真的超愛哈媽和哈爸的，帶過去的時候看到哈爸頭也不回就跟著跑了，平時也黏著哈媽撒嬌', 5, '2023-10-03'),
(96, 96, 1, 3, '我家阿曼真的超愛哈媽和哈爸的，帶過去的時候看到哈爸頭也不回就跟著跑了，平時也黏著哈媽撒嬌', 5, '2023-10-04'),
(97, 97, 1, 27, '我家阿曼真的超愛哈媽和哈爸的，帶過去的時候看到哈爸頭也不回就跟著跑了，平時也黏著哈媽撒嬌', 5, '2023-10-04'),
(98, 98, 1, 37, '我家阿曼真的超愛哈媽和哈爸的，帶過去的時候看到哈爸頭也不回就跟著跑了，平時也黏著哈媽撒嬌', 5, '2023-09-16'),
(99, 99, 2, 24, '我家阿曼真的超愛哈媽和哈爸的，帶過去的時候看到哈爸頭也不回就跟著跑了，平時也黏著哈媽撒嬌', 5, '2023-09-16'),
(100, 100, 4, 7, '我家阿曼真的超愛哈媽和哈爸的，帶過去的時候看到哈爸頭也不回就跟著跑了，平時也黏著哈媽撒嬌', 5, '2023-09-16'),
(101, 101, 4, 33, '我家阿曼真的超愛哈媽和哈爸的，帶過去的時候看到哈爸頭也不回就跟著跑了，平時也黏著哈媽撒嬌', 5, '2023-09-16'),
(102, 102, 4, 52, '我家阿曼真的超愛哈媽和哈爸的，帶過去的時候看到哈爸頭也不回就跟著跑了，平時也黏著哈媽撒嬌', 5, '2023-09-29'),
(103, 103, 6, 18, '我家阿曼真的超愛哈媽和哈爸的，帶過去的時候看到哈爸頭也不回就跟著跑了，平時也黏著哈媽撒嬌', 2, '2023-09-30'),
(104, 104, 6, 36, '我家阿曼真的超愛哈媽和哈爸的，帶過去的時候看到哈爸頭也不回就跟著跑了，平時也黏著哈媽撒嬌', 4, '2023-10-01'),
(105, 105, 6, 38, '服務很親切，每天告知貓咪狀況跟陪玩，出遠門也可以很放心👍👍👍👍', 5, '2023-10-02'),
(106, 106, 7, 38, '我家阿曼真的超愛哈媽和哈爸的，帶過去的時候看到哈爸頭也不回就跟著跑了，平時也黏著哈媽撒嬌', 5, '2023-10-03'),
(107, 107, 7, 48, '我家阿曼真的超愛哈媽和哈爸的，帶過去的時候看到哈爸頭也不回就跟著跑了，平時也黏著哈媽撒嬌', 5, '2023-10-04'),
(108, 108, 10, 3, '我家阿曼真的超愛哈媽和哈爸的，帶過去的時候看到哈爸頭也不回就跟著跑了，平時也黏著哈媽撒嬌', 5, '2023-10-05'),
(109, 109, 10, 7, '我家阿曼真的超愛哈媽和哈爸的，帶過去的時候看到哈爸頭也不回就跟著跑了，平時也黏著哈媽撒嬌', 5, '2023-09-16'),
(110, 110, 10, 24, '我家阿曼真的超愛哈媽和哈爸的，帶過去的時候看到哈爸頭也不回就跟著跑了，平時也黏著哈媽撒嬌', 5, '2023-09-16'),
(111, 111, 10, 28, '我家阿曼真的超愛哈媽和哈爸的，帶過去的時候看到哈爸頭也不回就跟著跑了，平時也黏著哈媽撒嬌', 5, '2023-09-16'),
(112, 112, 11, 52, '我家阿曼真的超愛哈媽和哈爸的，帶過去的時候看到哈爸頭也不回就跟著跑了，平時也黏著哈媽撒嬌', 4, '2023-09-17'),
(113, 113, 14, 43, '我家阿曼真的超愛哈媽和哈爸的，帶過去的時候看到哈爸頭也不回就跟著跑了，平時也黏著哈媽撒嬌', 5, '2023-09-18'),
(114, 114, 15, 44, '傍晚貓咪不知道為什麼一直喵個不停，連續快6小時。緊急的通知小妍。真的超級感謝小妍', 5, '2023-09-19'),
(115, 115, 16, 28, '傍晚貓咪不知道為什麼一直喵個不停，連續快6小時。緊急的通知小妍。真的超級感謝小妍', 5, '2023-09-18'),
(116, 116, 18, 38, '傍晚貓咪不知道為什麼一直喵個不停，連續快6小時。緊急的通知小妍。真的超級感謝小妍', 5, '2023-10-03'),
(117, 117, 19, 7, '傍晚貓咪不知道為什麼一直喵個不停，連續快6小時。緊急的通知小妍。真的超級感謝小妍', 5, '2023-10-04'),
(118, 118, 19, 48, '傍晚貓咪不知道為什麼一直喵個不停，連續快6小時。緊急的通知小妍。真的超級感謝小妍', 5, '2023-10-05'),
(119, 119, 20, 37, '服務細心，出發時間跟做了什麼都會提出同步 家裡貓咪安心，我們也放心 ', 5, '2023-10-03'),
(120, 120, 22, 38, '傍晚貓咪不知道為什麼一直喵個不停，連續快6小時。緊急的通知小妍。真的超級感謝小妍', 4, '2023-10-04'),
(121, 121, 23, 48, '傍晚貓咪不知道為什麼一直喵個不停，連續快6小時。緊急的通知小妍。真的超級感謝小妍', 5, '2023-09-27'),
(122, 122, 25, 18, '傍晚貓咪不知道為什麼一直喵個不停，連續快6小時。緊急的通知小妍。真的超級感謝小妍', 4, '2023-09-28'),
(123, 123, 26, 9, '傍晚貓咪不知道為什麼一直喵個不停，連續快6小時。緊急的通知小妍。真的超級感謝小妍', 5, '2023-09-29'),
(124, 124, 26, 25, '傍晚貓咪不知道為什麼一直喵個不停，連續快6小時。緊急的通知小妍。真的超級感謝小妍', 5, '2023-09-30'),
(125, 125, 27, 9, '傍晚貓咪不知道為什麼一直喵個不停，連續快6小時。緊急的通知小妍。真的超級感謝小妍', 5, '2023-10-01'),
(126, 126, 28, 15, '幫忙照顧家中的幾位貓孩子，很細心也很用心的回報給我，讓我出去玩也能很安心☺️ ', 5, '2023-10-02'),
(127, 127, 30, 24, '傍晚貓咪不知道為什麼一直喵個不停，連續快6小時。緊急的通知小妍。真的超級感謝小妍', 5, '2023-10-03'),
(128, 128, 31, 7, '傍晚貓咪不知道為什麼一直喵個不停，連續快6小時。緊急的通知小妍。真的超級感謝小妍', 5, '2023-10-04'),
(129, 129, 33, 3, '服務超讚！給五顆心都不夠😆😆 ', 5, '2023-10-05'),
(130, 130, 33, 4, '傍晚貓咪不知道為什麼一直喵個不停，連續快6小時。緊急的通知小妍。真的超級感謝小妍', 5, '2023-09-16'),
(131, 131, 33, 21, '傍晚貓咪不知道為什麼一直喵個不停，連續快6小時。緊急的通知小妍。真的超級感謝小妍', 4, '2023-09-16'),
(132, 132, 35, 6, '傍晚貓咪不知道為什麼一直喵個不停，連續快6小時。緊急的通知小妍。真的超級感謝小妍', 5, '2023-09-16'),
(133, 133, 39, 10, '傍晚貓咪不知道為什麼一直喵個不停，連續快6小時。緊急的通知小妍。真的超級感謝小妍', 5, '2023-09-17'),
(134, 134, 40, 17, '傍晚貓咪不知道為什麼一直喵個不停，連續快6小時。緊急的通知小妍。真的超級感謝小妍', 5, '2023-09-18'),
(135, 135, 42, 13, '傍晚貓咪不知道為什麼一直喵個不停，連續快6小時。緊急的通知小妍。真的超級感謝小妍', 5, '2023-09-19'),
(136, 136, 1, 18, '傍晚貓咪不知道為什麼一直喵個不停，連續快6小時。緊急的通知小妍。真的超級感謝小妍', 5, '2023-09-18'),
(137, 137, 1, 18, '傍晚貓咪不知道為什麼一直喵個不停，連續快6小時。緊急的通知小妍。真的超級感謝小妍', 5, '2023-10-03'),
(138, 138, 1, 27, '傍晚貓咪不知道為什麼一直喵個不停，連續快6小時。緊急的通知小妍。真的超級感謝小妍', 4, '2023-10-04'),
(139, 139, 1, 38, '超讚的小妍，貓咪很黏他😆😆😆還帶了自己的玩具跟他玩 下次還會再找他', 5, '2023-10-05'),
(140, 140, 2, 3, '超讚的小妍，貓咪很黏他😆😆😆還帶了自己的玩具跟他玩 下次還會再找他', 5, '2023-10-03'),
(141, 141, 2, 24, '超讚的小妍，貓咪很黏他😆😆😆還帶了自己的玩具跟他玩 下次還會再找他', 5, '2023-10-04'),
(142, 142, 4, 7, '超讚的小妍，貓咪很黏他😆😆😆還帶了自己的玩具跟他玩 下次還會再找他', 3, '2023-10-05'),
(143, 143, 4, 52, '超讚的小妍，貓咪很黏他😆😆😆還帶了自己的玩具跟他玩 下次還會再找他', 5, '2023-10-03'),
(144, 144, 5, 34, '超讚的小妍，貓咪很黏他😆😆😆還帶了自己的玩具跟他玩 下次還會再找他', 5, '2023-10-04'),
(145, 145, 6, 37, '超讚的小妍，貓咪很黏他😆😆😆還帶了自己的玩具跟他玩 下次還會再找他', 2, '2023-10-05'),
(146, 146, 6, 38, '超讚的小妍，貓咪很黏他😆😆😆還帶了自己的玩具跟他玩 下次還會再找他', 5, '2023-09-16'),
(147, 147, 7, 48, '超讚的小妍，貓咪很黏他😆😆😆還帶了自己的玩具跟他玩 下次還會再找他', 4, '2023-09-16'),
(148, 148, 8, 38, '超讚的小妍，貓咪很黏他😆😆😆還帶了自己的玩具跟他玩 下次還會再找他', 5, '2023-10-04'),
(149, 149, 10, 3, '超讚的小妍，貓咪很黏他😆😆😆還帶了自己的玩具跟他玩 下次還會再找他', 5, '2023-10-05'),
(150, 150, 10, 24, '超讚的小妍，貓咪很黏他😆😆😆還帶了自己的玩具跟他玩 下次還會再找他', 5, '2023-10-03'),
(151, 151, 11, 7, '超讚的小妍，貓咪很黏他😆😆😆還帶了自己的玩具跟他玩 下次還會再找他', 4, '2023-10-04'),
(152, 152, 11, 29, '親切專業的保姆，而且很會拍照 ', 5, '2023-10-04'),
(153, 153, 12, 52, '超讚的小妍，貓咪很黏他😆😆😆還帶了自己的玩具跟他玩 下次還會再找他', 5, '2023-09-16'),
(154, 154, 15, 44, '超讚的小妍，貓咪很黏他😆😆😆還帶了自己的玩具跟他玩 下次還會再找他', 5, '2023-09-16'),
(155, 155, 16, 26, '超讚的小妍，貓咪很黏他😆😆😆還帶了自己的玩具跟他玩 下次還會再找他', 2, '2023-09-16'),
(156, 156, 17, 29, '超讚的小妍，貓咪很黏他😆😆😆還帶了自己的玩具跟他玩 下次還會再找他', 5, '2023-09-16'),
(157, 157, 19, 38, '超讚的小妍，貓咪很黏他😆😆😆還帶了自己的玩具跟他玩 下次還會再找他', 5, '2023-09-16'),
(158, 158, 20, 7, '超讚的小妍，貓咪很黏他😆😆😆還帶了自己的玩具跟他玩 下次還會再找他', 2, '2023-09-16'),
(159, 159, 20, 48, '超讚的小妍，貓咪很黏他😆😆😆還帶了自己的玩具跟他玩 下次還會再找他', 5, '2023-09-16'),
(160, 160, 21, 37, '超讚的小妍，貓咪很黏他😆😆😆還帶了自己的玩具跟他玩 下次還會再找他', 5, '2023-09-17'),
(161, 161, 23, 38, '超讚的小妍，貓咪很黏他😆😆😆還帶了自己的玩具跟他玩 下次還會再找他', 5, '2023-09-18'),
(162, 162, 24, 48, '超讚的小妍，貓咪很黏他😆😆😆還帶了自己的玩具跟他玩 下次還會再找他', 5, '2023-09-19'),
(163, 163, 26, 1, '寵物保姆對毛孩的照顧就像是家人一樣，真的太感謝了。', 5, '2023-09-20'),
(164, 164, 26, 10, 'Renee很細心，也會充分的跟貓咪互動，貓咪本來很怕生，最後還會主動找他討摸！😍謝謝他的用心照顧！', 5, '2023-09-21'),
(165, 165, 27, 1, '服務超讚！給五顆心都不夠😆😆 ', 5, '2023-09-22'),
(166, 166, 28, 10, 'Renee很細心，也會充分的跟貓咪互動，貓咪本來很怕生，最後還會主動找他討摸！😍謝謝他的用心照顧！', 5, '2023-09-16'),
(167, 167, 28, 16, 'Renee很細心，也會充分的跟貓咪互動，貓咪本來很怕生，最後還會主動找他討摸！😍謝謝他的用心照顧！', 5, '2023-09-16'),
(168, 168, 28, 20, 'Renee很細心，也會充分的跟貓咪互動，貓咪本來很怕生，最後還會主動找他討摸！😍謝謝他的用心照顧！', 4, '2023-09-16'),
(169, 169, 29, 6, 'Renee很細心，也會充分的跟貓咪互動，貓咪本來很怕生，最後還會主動找他討摸！😍謝謝他的用心照顧！', 5, '2023-09-17'),
(170, 170, 29, 10, 'Renee很細心，也會充分的跟貓咪互動，貓咪本來很怕生，最後還會主動找他討摸！😍謝謝他的用心照顧！', 5, '2023-09-27'),
(171, 171, 30, 6, 'Renee很細心，也會充分的跟貓咪互動，貓咪本來很怕生，最後還會主動找他討摸！😍謝謝他的用心照顧！', 5, '2023-09-28'),
(172, 172, 30, 7, 'Renee很細心，也會充分的跟貓咪互動，貓咪本來很怕生，最後還會主動找他討摸！😍謝謝他的用心照顧！', 5, '2023-09-29'),
(173, 173, 30, 25, 'Renee很細心，也會充分的跟貓咪互動，貓咪本來很怕生，最後還會主動找他討摸！😍謝謝他的用心照顧！', 5, '2023-09-30'),
(174, 174, 32, 7, 'Renee很細心，也會充分的跟貓咪互動，貓咪本來很怕生，最後還會主動找他討摸！😍謝謝他的用心照顧！', 5, '2023-10-01'),
(175, 175, 33, 2, '毛孩在保姆家度過的時間都是快樂和愉快的。', 2, '2023-10-02'),
(176, 176, 33, 4, 'Renee很細心，也會充分的跟貓咪互動，貓咪本來很怕生，最後還會主動找他討摸！😍謝謝他的用心照顧！', 3, '2023-10-03'),
(177, 177, 33, 4, 'Renee很細心，也會充分的跟貓咪互動，貓咪本來很怕生，最後還會主動找他討摸！😍謝謝他的用心照顧！', 5, '2023-10-04'),
(178, 178, 33, 4, 'Renee很細心，也會充分的跟貓咪互動，貓咪本來很怕生，最後還會主動找他討摸！😍謝謝他的用心照顧！', 5, '2023-10-05'),
(179, 179, 33, 19, 'Renee很細心，也會充分的跟貓咪互動，貓咪本來很怕生，最後還會主動找他討摸！😍謝謝他的用心照顧！', 5, '2023-09-16'),
(180, 180, 34, 22, 'Renee很細心，也會充分的跟貓咪互動，貓咪本來很怕生，最後還會主動找他討摸！😍謝謝他的用心照顧！', 5, '2023-09-16'),
(181, 181, 36, 6, 'Renee很細心，也會充分的跟貓咪互動，貓咪本來很怕生，最後還會主動找他討摸！😍謝謝他的用心照顧！', 5, '2023-09-16'),
(182, 182, 36, 11, 'Renee很細心，也會充分的跟貓咪互動，貓咪本來很怕生，最後還會主動找他討摸！😍謝謝他的用心照顧！', 5, '2023-09-17'),
(183, 183, 37, 1, '服務很親切，每天告知貓咪狀況跟陪玩，出遠門也可以很放心👍👍👍👍', 2, '2023-09-18'),
(184, 184, 39, 23, 'Renee很細心，也會充分的跟貓咪互動，貓咪本來很怕生，最後還會主動找他討摸！😍謝謝他的用心照顧！', 5, '2023-09-19'),
(185, 185, 40, 10, 'Renee很細心，也會充分的跟貓咪互動，貓咪本來很怕生，最後還會主動找他討摸！😍謝謝他的用心照顧！', 5, '2023-09-18'),
(186, 186, 41, 18, 'Renee很細心，也會充分的跟貓咪互動，貓咪本來很怕生，最後還會主動找他討摸！😍謝謝他的用心照顧！', 5, '2023-10-03'),
(187, 187, 41, 19, 'Renee很細心，也會充分的跟貓咪互動，貓咪本來很怕生，最後還會主動找他討摸！😍謝謝他的用心照顧！', 3, '2023-10-04'),
(188, 188, 43, 14, 'Renee很細心，也會充分的跟貓咪互動，貓咪本來很怕生，最後還會主動找他討摸！😍謝謝他的用心照顧！', 5, '2023-10-05'),
(189, 189, 44, 15, '服務很親切，每天告知貓咪狀況跟陪玩，出遠門也可以很放心👍👍👍👍', 5, '2023-10-03'),
(190, 190, 1, 18, '服務很親切，每天告知貓咪狀況跟陪玩，出遠門也可以很放心👍👍👍👍', 5, '2023-10-04'),
(191, 191, 1, 28, '服務很親切，每天告知貓咪狀況跟陪玩，出遠門也可以很放心👍👍👍👍', 5, '2023-10-05'),
(192, 192, 2, 3, '服務很親切，每天告知貓咪狀況跟陪玩，出遠門也可以很放心👍👍👍👍', 4, '2023-10-03'),
(193, 193, 2, 24, '服務很親切，每天告知貓咪狀況跟陪玩，出遠門也可以很放心👍👍👍👍', 5, '2023-10-04'),
(194, 194, 2, 39, '服務很親切，每天告知貓咪狀況跟陪玩，出遠門也可以很放心👍👍👍👍', 5, '2023-10-05'),
(195, 195, 4, 7, '服務很親切，每天告知貓咪狀況跟陪玩，出遠門也可以很放心👍👍👍👍', 5, '2023-09-16'),
(196, 196, 5, 52, '服務很親切，每天告知貓咪狀況跟陪玩，出遠門也可以很放心👍👍👍👍', 3, '2023-09-16'),
(197, 197, 6, 35, '照片和影片的分享讓我們能夠看到毛孩的點滴，這對我們而言非常重要。', 5, '2023-10-04'),
(198, 198, 6, 38, '服務很親切，每天告知貓咪狀況跟陪玩，出遠門也可以很放心👍👍👍👍', 5, '2023-10-05'),
(199, 199, 7, 18, '服務很親切，每天告知貓咪狀況跟陪玩，出遠門也可以很放心👍👍👍👍', 5, '2023-10-03'),
(200, 200, 7, 38, '謝謝保姆，因為你，我們可以享受外出的樂趣，不用擔心毛孩。', 5, '2023-10-04'),
(201, 201, 8, 48, '服務很親切，每天告知貓咪狀況跟陪玩，出遠門也可以很放心👍👍👍👍', 5, '2023-10-04'),
(202, 202, 9, 38, '服務很親切，每天告知貓咪狀況跟陪玩，出遠門也可以很放心👍👍👍👍', 5, '2023-09-16'),
(203, 203, 10, 3, '服務很親切，每天告知貓咪狀況跟陪玩，出遠門也可以很放心👍👍👍👍', 5, '2023-09-16'),
(204, 204, 10, 37, '服務很親切，每天告知貓咪狀況跟陪玩，出遠門也可以很放心👍👍👍👍', 5, '2023-09-16'),
(205, 205, 12, 7, '服務很親切，每天告知貓咪狀況跟陪玩，出遠門也可以很放心👍👍👍👍', 5, '2023-09-16'),
(206, 206, 12, 30, '服務很親切，每天告知貓咪狀況跟陪玩，出遠門也可以很放心👍👍👍👍', 5, '2023-09-16'),
(207, 207, 13, 52, '服務很親切，每天告知貓咪狀況跟陪玩，出遠門也可以很放心👍👍👍👍', 5, '2023-09-16'),
(208, 208, 16, 26, '服務很親切，每天告知貓咪狀況跟陪玩，出遠門也可以很放心👍👍👍👍', 5, '2023-09-16'),
(209, 209, 17, 27, '服務很親切，每天告知貓咪狀況跟陪玩，出遠門也可以很放心👍👍👍👍', 5, '2023-09-17'),
(210, 210, 18, 29, '服務很親切，每天告知貓咪狀況跟陪玩，出遠門也可以很放心👍👍👍👍', 5, '2023-09-18'),
(211, 211, 20, 38, '服務很親切，每天告知貓咪狀況跟陪玩，出遠門也可以很放心👍👍👍👍', 5, '2023-09-19'),
(212, 212, 21, 7, '服務很親切，每天告知貓咪狀況跟陪玩，出遠門也可以很放心👍👍👍👍', 5, '2023-09-20'),
(213, 213, 21, 48, '服務很親切，每天告知貓咪狀況跟陪玩，出遠門也可以很放心👍👍👍👍', 4, '2023-09-21'),
(214, 214, 22, 37, 'Amanda是我外出時家裡毛小孩最妥帖的照護夥伴。感謝🙏', 5, '2023-09-22'),
(215, 215, 24, 38, 'Amanda是我外出時家裡毛小孩最妥帖的照護夥伴。感謝🙏', 4, '2023-09-16'),
(216, 216, 25, 48, 'Amanda是我外出時家裡毛小孩最妥帖的照護夥伴。感謝🙏', 5, '2023-09-16'),
(217, 217, 26, 1, '超級有愛 確實認真的好女孩 孩子交給她大大大大大個放心❤️ ', 5, '2023-09-16'),
(218, 218, 26, 10, 'Amanda是我外出時家裡毛小孩最妥帖的照護夥伴。感謝🙏', 5, '2023-09-17'),
(219, 219, 26, 16, 'Amanda是我外出時家裡毛小孩最妥帖的照護夥伴。感謝🙏', 5, '2023-09-27'),
(220, 220, 27, 1, '超讚的小妍，貓咪很黏他😆😆😆還帶了自己的玩具跟他玩 下次還會再找他', 5, '2023-09-28'),
(221, 221, 28, 21, 'Amanda是我外出時家裡毛小孩最妥帖的照護夥伴。感謝🙏', 5, '2023-09-29'),
(222, 222, 29, 11, 'Amanda是我外出時家裡毛小孩最妥帖的照護夥伴。感謝🙏', 5, '2023-09-30'),
(223, 223, 29, 11, 'Amanda是我外出時家裡毛小孩最妥帖的照護夥伴。感謝🙏', 5, '2023-10-01'),
(224, 224, 29, 17, 'Renee很細心，也會充分的跟貓咪互動，貓咪本來很怕生，最後還會主動找他討摸！😍謝謝他的用心照顧！', 5, '2023-10-02'),
(225, 225, 30, 1, 'Amanda是我外出時家裡毛小孩最妥帖的照護夥伴。感謝🙏', 5, '2023-10-03'),
(226, 226, 30, 1, '保姆的服務讓我們能夠專注於工作，因為我們知道毛孩在她那里很安全。', 5, '2023-10-04'),
(227, 227, 30, 6, 'Amanda是我外出時家裡毛小孩最妥帖的照護夥伴。感謝🙏', 4, '2023-10-05'),
(228, 228, 31, 8, 'Amanda是我外出時家裡毛小孩最妥帖的照護夥伴。感謝🙏', 2, '2023-09-16'),
(229, 229, 33, 4, 'Amanda是我外出時家裡毛小孩最妥帖的照護夥伴。感謝🙏', 5, '2023-09-16'),
(230, 230, 33, 4, 'Amanda是我外出時家裡毛小孩最妥帖的照護夥伴。感謝🙏', 4, '2023-09-16'),
(231, 231, 33, 7, 'Amanda是我外出時家裡毛小孩最妥帖的照護夥伴。感謝🙏', 5, '2023-09-17'),
(232, 232, 33, 20, 'Amanda是我外出時家裡毛小孩最妥帖的照護夥伴。感謝🙏', 4, '2023-09-18'),
(233, 233, 34, 2, 'Amanda是我外出時家裡毛小孩最妥帖的照護夥伴。感謝🙏', 2, '2023-09-19'),
(234, 234, 34, 5, 'Amanda是我外出時家裡毛小孩最妥帖的照護夥伴。感謝🙏', 5, '2023-09-18'),
(235, 235, 35, 23, 'Amanda是我外出時家裡毛小孩最妥帖的照護夥伴。感謝🙏', 5, '2023-10-03'),
(236, 236, 37, 6, 'Amanda是我外出時家裡毛小孩最妥帖的照護夥伴。感謝🙏', 5, '2023-10-04'),
(237, 237, 37, 12, 'Amanda是我外出時家裡毛小孩最妥帖的照護夥伴。感謝🙏', 5, '2023-10-05'),
(238, 238, 38, 1, '服務細心，出發時間跟做了什麼都會提出同步 家裡貓咪安心，我們也放心 ', 5, '2023-10-03'),
(239, 239, 40, 24, '因臨時安排開刀，謝謝保姆百忙中願意接下我們的急單🥹，不但手腳俐落，也認真細心照顧毛孩', 5, '2023-10-04'),
(240, 240, 41, 10, '太謝謝啦～～把貓貓照顧的很好！在照顧其間，會發當下做了什麼事，跟貓貓玩的照片，讓媽媽放心🥰', 5, '2023-10-05'),
(241, 241, 41, 19, '太謝謝啦～～把貓貓照顧的很好！在照顧其間，會發當下做了什麼事，跟貓貓玩的照片，讓媽媽放心🥰', 5, '2023-10-03'),
(242, 242, 42, 20, '太謝謝啦～～把貓貓照顧的很好！在照顧其間，會發當下做了什麼事，跟貓貓玩的照片，讓媽媽放心🥰', 4, '2023-10-04'),
(243, 243, 44, 15, '太謝謝啦～～把貓貓照顧的很好！在照顧其間，會發當下做了什麼事，跟貓貓玩的照片，讓媽媽放心🥰', 5, '2023-10-05'),
(244, 244, 1, 18, '太謝謝啦～～把貓貓照顧的很好！在照顧其間，會發當下做了什麼事，跟貓貓玩的照片，讓媽媽放心🥰', 5, '2023-09-16'),
(245, 245, 1, 48, '太謝謝啦～～把貓貓照顧的很好！在照顧其間，會發當下做了什麼事，跟貓貓玩的照片，讓媽媽放心🥰', 5, '2023-09-16'),
(246, 246, 2, 3, '太謝謝啦～～把貓貓照顧的很好！在照顧其間，會發當下做了什麼事，跟貓貓玩的照片，讓媽媽放心🥰', 5, '2023-10-04'),
(247, 247, 2, 24, '太謝謝啦～～把貓貓照顧的很好！在照顧其間，會發當下做了什麼事，跟貓貓玩的照片，讓媽媽放心🥰', 5, '2023-10-05'),
(248, 248, 2, 28, '太謝謝啦～～把貓貓照顧的很好！在照顧其間，會發當下做了什麼事，跟貓貓玩的照片，讓媽媽放心🥰', 5, '2023-10-03'),
(249, 249, 3, 39, '太謝謝啦～～把貓貓照顧的很好！在照顧其間，會發當下做了什麼事，跟貓貓玩的照片，讓媽媽放心🥰', 5, '2023-10-04'),
(250, 250, 5, 7, '太謝謝啦～～把貓貓照顧的很好！在照顧其間，會發當下做了什麼事，跟貓貓玩的照片，讓媽媽放心🥰', 5, '2023-10-04'),
(251, 251, 6, 36, '太謝謝啦～～把貓貓照顧的很好！在照顧其間，會發當下做了什麼事，跟貓貓玩的照片，讓媽媽放心🥰', 5, '2023-09-16'),
(252, 252, 6, 52, '太謝謝啦～～把貓貓照顧的很好！在照顧其間，會發當下做了什麼事，跟貓貓玩的照片，讓媽媽放心🥰', 5, '2023-09-16'),
(253, 253, 7, 38, '太謝謝啦～～把貓貓照顧的很好！在照顧其間，會發當下做了什麼事，跟貓貓玩的照片，讓媽媽放心🥰', 5, '2023-09-16'),
(254, 254, 7, 39, '太謝謝啦～～把貓貓照顧的很好！在照顧其間，會發當下做了什麼事，跟貓貓玩的照片，讓媽媽放心🥰', 5, '2023-09-16'),
(255, 255, 8, 18, '太謝謝啦～～把貓貓照顧的很好！在照顧其間，會發當下做了什麼事，跟貓貓玩的照片，讓媽媽放心🥰', 5, '2023-09-16'),
(256, 256, 9, 48, '太謝謝啦～～把貓貓照顧的很好！在照顧其間，會發當下做了什麼事，跟貓貓玩的照片，讓媽媽放心🥰', 5, '2023-09-16'),
(257, 257, 10, 3, '太謝謝啦～～把貓貓照顧的很好！在照顧其間，會發當下做了什麼事，跟貓貓玩的照片，讓媽媽放心🥰', 5, '2023-09-16'),
(258, 258, 10, 37, '太謝謝啦～～把貓貓照顧的很好！在照顧其間，會發當下做了什麼事，跟貓貓玩的照片，讓媽媽放心🥰', 5, '2023-09-17'),
(259, 259, 10, 38, '太謝謝啦～～把貓貓照顧的很好！在照顧其間，會發當下做了什麼事，跟貓貓玩的照片，讓媽媽放心🥰', 5, '2023-09-18'),
(260, 260, 13, 7, '太謝謝啦～～把貓貓照顧的很好！在照顧其間，會發當下做了什麼事，跟貓貓玩的照片，讓媽媽放心🥰', 3, '2023-09-19'),
(261, 261, 13, 31, '太謝謝啦～～把貓貓照顧的很好！在照顧其間，會發當下做了什麼事，跟貓貓玩的照片，讓媽媽放心🥰', 5, '2023-09-20'),
(262, 262, 14, 52, '太謝謝啦～～把貓貓照顧的很好！在照顧其間，會發當下做了什麼事，跟貓貓玩的照片，讓媽媽放心🥰', 5, '2023-09-21'),
(263, 263, 17, 27, '太謝謝啦～～把貓貓照顧的很好！在照顧其間，會發當下做了什麼事，跟貓貓玩的照片，讓媽媽放心🥰', 3, '2023-09-22'),
(264, 264, 18, 28, '很感謝Amanda，在我旅遊的時間，照顧貓貓🐱，讓我非常放心、安心的玩🥰下一次旅遊還會找妳！！', 3, '2023-09-16'),
(265, 265, 19, 29, '很感謝Amanda，在我旅遊的時間，照顧貓貓🐱，讓我非常放心、安心的玩🥰下一次旅遊還會找妳！！', 5, '2023-09-16'),
(266, 266, 21, 38, '很感謝Amanda，在我旅遊的時間，照顧貓貓🐱，讓我非常放心、安心的玩🥰下一次旅遊還會找妳！！', 5, '2023-09-16'),
(267, 267, 22, 7, '很感謝Amanda，在我旅遊的時間，照顧貓貓🐱，讓我非常放心、安心的玩🥰下一次旅遊還會找妳！！', 5, '2023-09-17'),
(268, 268, 22, 48, '很感謝Amanda，在我旅遊的時間，照顧貓貓🐱，讓我非常放心、安心的玩🥰下一次旅遊還會找妳！！', 5, '2023-09-18'),
(269, 269, 23, 37, '很感謝Amanda，在我旅遊的時間，照顧貓貓🐱，讓我非常放心、安心的玩🥰下一次旅遊還會找妳！！', 5, '2023-10-06'),
(270, 270, 25, 38, '很感謝Amanda，在我旅遊的時間，照顧貓貓🐱，讓我非常放心、安心的玩🥰下一次旅遊還會找妳！！', 2, '2023-10-06'),
(271, 271, 26, 1, '幫忙照顧家中的幾位貓孩子，很細心也很用心的回報給我，讓我出去玩也能很安心☺️ ', 5, '2023-10-06'),
(272, 272, 26, 10, '很感謝Amanda，在我旅遊的時間，照顧貓貓🐱，讓我非常放心、安心的玩🥰下一次旅遊還會找妳！！', 5, '2023-10-06'),
(273, 273, 26, 16, '很感謝Amanda，在我旅遊的時間，照顧貓貓🐱，讓我非常放心、安心的玩🥰下一次旅遊還會找妳！！', 5, '2023-10-06'),
(274, 274, 27, 17, '很感謝Amanda，在我旅遊的時間，照顧貓貓🐱，讓我非常放心、安心的玩🥰下一次旅遊還會找妳！！', 5, '2023-10-06'),
(275, 275, 28, 1, '謝謝Renee, 超級用心的照顧OREO, 下次還是會指定Renee（大推薦 🧡', 5, '2023-10-06'),
(276, 276, 28, 22, '很感謝Amanda，在我旅遊的時間，照顧貓貓🐱，讓我非常放心、安心的玩🥰下一次旅遊還會找妳！！', 5, '2023-10-06'),
(277, 277, 29, 12, '很感謝Amanda，在我旅遊的時間，照顧貓貓🐱，讓我非常放心、安心的玩🥰下一次旅遊還會找妳！！', 4, '2023-10-06'),
(278, 278, 29, 18, '很感謝Amanda，在我旅遊的時間，照顧貓貓🐱，讓我非常放心、安心的玩🥰下一次旅遊還會找妳！！', 5, '2023-10-06'),
(279, 279, 30, 1, '謝謝保姆，因為你，我們可以享受外出的樂趣，不用擔心毛孩。', 5, '2023-10-06'),
(280, 280, 30, 7, '很感謝Amanda，在我旅遊的時間，照顧貓貓🐱，讓我非常放心、安心的玩🥰下一次旅遊還會找妳！！', 5, '2023-10-06'),
(281, 281, 30, 12, '很感謝Amanda，在我旅遊的時間，照顧貓貓🐱，讓我非常放心、安心的玩🥰下一次旅遊還會找妳！！', 4, '2023-10-06'),
(282, 282, 31, 7, '很感謝Amanda，在我旅遊的時間，照顧貓貓🐱，讓我非常放心、安心的玩🥰下一次旅遊還會找妳！！', 5, '2023-10-06'),
(283, 283, 32, 9, '很感謝Amanda，在我旅遊的時間，照顧貓貓🐱，讓我非常放心、安心的玩🥰下一次旅遊還會找妳！！', 5, '2023-10-06'),
(284, 284, 33, 4, '很感謝Amanda，在我旅遊的時間，照顧貓貓🐱，讓我非常放心、安心的玩🥰下一次旅遊還會找妳！！', 5, '2023-10-06'),
(285, 285, 33, 5, '很感謝Amanda，在我旅遊的時間，照顧貓貓🐱，讓我非常放心、安心的玩🥰下一次旅遊還會找妳！！', 2, '2023-10-06'),
(286, 286, 33, 21, '很感謝Amanda，在我旅遊的時間，照顧貓貓🐱，讓我非常放心、安心的玩🥰下一次旅遊還會找妳！！', 5, '2023-10-06'),
(287, 287, 34, 8, '非常貼心而且負責的到府照顧，讓離家多天的我們放心很多，每天都會拍照讓我們知道家中寶貝的近況 ', 4, '2023-10-06'),
(288, 288, 35, 2, '很感謝Amanda，在我旅遊的時間，照顧貓貓🐱，讓我非常放心、安心的玩🥰下一次旅遊還會找妳！！', 5, '2023-10-06'),
(289, 289, 35, 6, '因臨時安排開刀，謝謝保姆百忙中願意接下我們的急單🥹，不但手腳俐落，也認真細心照顧毛孩', 5, '2023-10-06'),
(290, 290, 36, 24, '因臨時安排開刀，謝謝保姆百忙中願意接下我們的急單🥹，不但手腳俐落，也認真細心照顧毛孩', 5, '2023-10-06'),
(291, 291, 38, 6, '因臨時安排開刀，謝謝保姆百忙中願意接下我們的急單🥹，不但手腳俐落，也認真細心照顧毛孩', 1, '2023-10-06'),
(292, 292, 38, 13, '因臨時安排開刀，謝謝保姆百忙中願意接下我們的急單🥹，不但手腳俐落，也認真細心照顧毛孩', 5, '2023-10-06'),
(293, 293, 39, 2, '因臨時安排開刀，謝謝保姆百忙中願意接下我們的急單🥹，不但手腳俐落，也認真細心照顧毛孩', 5, '2023-10-06'),
(294, 294, 40, 25, '因臨時安排開刀，謝謝保姆百忙中願意接下我們的急單🥹，不但手腳俐落，也認真細心照顧毛孩', 5, '2023-10-06'),
(295, 295, 42, 10, '因臨時安排開刀，謝謝保姆百忙中願意接下我們的急單🥹，不但手腳俐落，也認真細心照顧毛孩', 5, '2023-10-06'),
(296, 296, 42, 20, '因臨時安排開刀，謝謝保姆百忙中願意接下我們的急單🥹，不但手腳俐落，也認真細心照顧毛孩', 5, '2023-10-06'),
(297, 297, 42, 21, '我們的毛孩在保姆家過得太開心了，看得出保姆真的很有愛心。', 5, '2023-10-06'),
(298, 298, 1, 38, '我家阿曼真的超愛哈媽和哈爸的，帶過去的時候看到哈爸頭也不回就跟著跑了，平時也黏著哈媽撒嬌', 2, '2023-10-06'),
(299, 299, 1, 48, '每次回家，我的毛孩都充滿活力，這全因她的關愛。', 5, '2023-10-06'),
(300, 300, 1, 52, '因臨時安排開刀，謝謝保姆百忙中願意接下我們的急單🥹，不但手腳俐落，也認真細心照顧毛孩', 5, '2023-10-06'),
(301, 301, 2, 3, '因臨時安排開刀，謝謝保姆百忙中願意接下我們的急單🥹，不但手腳俐落，也認真細心照顧毛孩', 5, '2023-10-06'),
(302, 302, 2, 18, '因臨時安排開刀，謝謝保姆百忙中願意接下我們的急單🥹，不但手腳俐落，也認真細心照顧毛孩', 4, '2023-10-06'),
(303, 303, 3, 24, '因臨時安排開刀，謝謝保姆百忙中願意接下我們的急單🥹，不但手腳俐落，也認真細心照顧毛孩', 5, '2023-10-06'),
(304, 304, 3, 28, '因臨時安排開刀，謝謝保姆百忙中願意接下我們的急單🥹，不但手腳俐落，也認真細心照顧毛孩', 5, '2023-10-06'),
(305, 305, 4, 39, '因臨時安排開刀，謝謝保姆百忙中願意接下我們的急單🥹，不但手腳俐落，也認真細心照顧毛孩', 5, '2023-10-06'),
(306, 306, 6, 7, '因臨時安排開刀，謝謝保姆百忙中願意接下我們的急單🥹，不但手腳俐落，也認真細心照顧毛孩', 2, '2023-10-06'),
(307, 307, 6, 37, '因臨時安排開刀，謝謝保姆百忙中願意接下我們的急單🥹，不但手腳俐落，也認真細心照顧毛孩', 5, '2023-10-06'),
(308, 308, 7, 38, '因臨時安排開刀，謝謝保姆百忙中願意接下我們的急單🥹，不但手腳俐落，也認真細心照顧毛孩', 5, '2023-10-06'),
(309, 309, 7, 39, '因臨時安排開刀，謝謝保姆百忙中願意接下我們的急單🥹，不但手腳俐落，也認真細心照顧毛孩', 5, '2023-10-06'),
(310, 310, 9, 18, '有愛心及耐心的寵物保姆，外出時有即時影片及照片讓我們放心，看著毛孩在保姆家開開心心，我們也放心', 5, '2023-10-06'),
(311, 311, 10, 3, '因臨時安排開刀，謝謝保姆百忙中願意接下我們的急單🥹，不但手腳俐落，也認真細心照顧毛孩', 5, '2023-10-06'),
(312, 312, 10, 48, '因臨時安排開刀，謝謝保姆百忙中願意接下我們的急單🥹，不但手腳俐落，也認真細心照顧毛孩', 5, '2023-10-06'),
(313, 313, 11, 37, '因臨時安排開刀，謝謝保姆百忙中願意接下我們的急單🥹，不但手腳俐落，也認真細心照顧毛孩', 4, '2023-10-06'),
(314, 314, 11, 38, '五毛媽照顧我家寶貝細心又貼心，到府服務還把寶貝跟家裡都顧的乾乾淨淨，真的是太棒了！', 5, '2023-10-06'),
(315, 315, 14, 18, '五毛媽照顧我家寶貝細心又貼心，到府服務還把寶貝跟家裡都顧的乾乾淨淨，真的是太棒了！', 4, '2023-10-06'),
(316, 316, 14, 32, '五毛媽照顧我家寶貝細心又貼心，到府服務還把寶貝跟家裡都顧的乾乾淨淨，真的是太棒了！', 5, '2023-10-06'),
(317, 317, 15, 52, '五毛媽照顧我家寶貝細心又貼心，到府服務還把寶貝跟家裡都顧的乾乾淨淨，真的是太棒了！', 5, '2023-10-06'),
(318, 318, 18, 28, '五毛媽照顧我家寶貝細心又貼心，到府服務還把寶貝跟家裡都顧的乾乾淨淨，真的是太棒了！', 5, '2023-10-06'),
(319, 319, 19, 29, '五毛媽照顧我家寶貝細心又貼心，到府服務還把寶貝跟家裡都顧的乾乾淨淨，真的是太棒了！', 3, '2023-10-06'),
(320, 320, 20, 29, '五毛媽照顧我家寶貝細心又貼心，到府服務還把寶貝跟家裡都顧的乾乾淨淨，真的是太棒了！', 5, '2023-10-06'),
(321, 321, 22, 38, '五毛媽照顧我家寶貝細心又貼心，到府服務還把寶貝跟家裡都顧的乾乾淨淨，真的是太棒了！', 5, '2023-10-06'),
(322, 322, 23, 7, '五毛媽照顧我家寶貝細心又貼心，到府服務還把寶貝跟家裡都顧的乾乾淨淨，真的是太棒了！', 5, '2023-10-06'),
(323, 323, 23, 48, '五毛媽照顧我家寶貝細心又貼心，到府服務還把寶貝跟家裡都顧的乾乾淨淨，真的是太棒了！', 5, '2023-10-06'),
(324, 324, 24, 37, '五毛媽照顧我家寶貝細心又貼心，到府服務還把寶貝跟家裡都顧的乾乾淨淨，真的是太棒了！', 5, '2023-10-06'),
(325, 325, 26, 1, '服務非常周到，照顧貓小孩還有整理環境，回來時減少其他負擔。大力推薦！！', 5, '2023-10-06'),
(326, 326, 26, 10, '五毛媽照顧我家寶貝細心又貼心，到府服務還把寶貝跟家裡都顧的乾乾淨淨，真的是太棒了！', 5, '2023-10-06'),
(327, 327, 27, 17, '五毛媽照顧我家寶貝細心又貼心，到府服務還把寶貝跟家裡都顧的乾乾淨淨，真的是太棒了！', 5, '2023-10-06'),
(328, 328, 28, 2, '五毛媽照顧我家寶貝細心又貼心，到府服務還把寶貝跟家裡都顧的乾乾淨淨，真的是太棒了！', 5, '2023-10-06'),
(329, 329, 28, 18, '五毛媽照顧我家寶貝細心又貼心，到府服務還把寶貝跟家裡都顧的乾乾淨淨，真的是太棒了！', 5, '2023-10-06'),
(330, 330, 28, 23, '五毛媽照顧我家寶貝細心又貼心，到府服務還把寶貝跟家裡都顧的乾乾淨淨，真的是太棒了！', 5, '2023-10-06'),
(331, 331, 29, 19, '五毛媽照顧我家寶貝細心又貼心，到府服務還把寶貝跟家裡都顧的乾乾淨淨，真的是太棒了！', 5, '2023-10-06'),
(332, 332, 30, 1, '我感謝她給予我們的寶貴成員如此愛與關懷。', 1, '2023-10-06'),
(333, 333, 30, 8, '五毛媽照顧我家寶貝細心又貼心，到府服務還把寶貝跟家裡都顧的乾乾淨淨，真的是太棒了！', 5, '2023-10-06'),
(334, 334, 30, 13, '因為擔心毛孩第一次要外宿褓姆家 ，怕寶寶不熟悉 ，所以讓他先到哈哈媽媽家玩半天 ，哈哈媽媽，哈哈哈哈哈超棒', 5, '2023-10-06'),
(335, 335, 31, 13, '五毛媽照顧我家寶貝細心又貼心，到府服務還把寶貝跟家裡都顧的乾乾淨淨，真的是太棒了！', 5, '2023-10-06'),
(336, 336, 32, 7, '五毛媽照顧我家寶貝細心又貼心，到府服務還把寶貝跟家裡都顧的乾乾淨淨，真的是太棒了！', 5, '2023-10-06'),
(337, 337, 33, 5, '五毛媽照顧我家寶貝細心又貼心，到府服務還把寶貝跟家裡都顧的乾乾淨淨，真的是太棒了！', 5, '2023-10-06'),
(338, 338, 33, 10, '服務非常周到，照顧貓小孩還有整理環境，回來時減少其他負擔。大力推薦！！', 5, '2023-09-27'),
(339, 339, 33, 22, '服務非常周到，照顧貓小孩還有整理環境，回來時減少其他負擔。大力推薦！！', 5, '2023-09-28'),
(340, 340, 34, 6, '服務非常周到，照顧貓小孩還有整理環境，回來時減少其他負擔。大力推薦！！', 2, '2023-09-29'),
(341, 341, 35, 9, '服務非常周到，照顧貓小孩還有整理環境，回來時減少其他負擔。大力推薦！！', 5, '2023-09-30'),
(342, 342, 36, 2, '服務非常周到，照顧貓小孩還有整理環境，回來時減少其他負擔。大力推薦！！', 5, '2023-10-01'),
(343, 343, 36, 6, '超讚的小妍，貓咪很黏他😆😆😆還帶了自己的玩具跟他玩 下次還會再找他', 5, '2023-10-02'),
(344, 344, 37, 25, '服務非常周到，照顧貓小孩還有整理環境，回來時減少其他負擔。大力推薦！！', 4, '2023-10-03'),
(345, 345, 39, 3, '服務非常周到，照顧貓小孩還有整理環境，回來時減少其他負擔。大力推薦！！', 5, '2023-10-04'),
(346, 346, 39, 7, '服務非常周到，照顧貓小孩還有整理環境，回來時減少其他負擔。大力推薦！！', 5, '2023-10-05'),
(347, 347, 39, 14, '服務非常周到，照顧貓小孩還有整理環境，回來時減少其他負擔。大力推薦！！', 5, '2023-09-16'),
(348, 348, 41, 1, '傍晚貓咪不知道為什麼一直喵個不停，連續快6小時。緊急的通知小妍。真的超級感謝小妍', 5, '2023-09-16'),
(349, 349, 42, 21, '服務非常周到，照顧貓小孩還有整理環境，回來時減少其他負擔。大力推薦！！', 5, '2023-09-16'),
(350, 350, 43, 10, '服務非常周到，照顧貓小孩還有整理環境，回來時減少其他負擔。大力推薦！！', 5, '2023-09-17'),
(351, 351, 43, 22, '服務非常周到，照顧貓小孩還有整理環境，回來時減少其他負擔。大力推薦！！', 5, '2023-09-18'),
(352, 352, 1, 7, '服務非常周到，照顧貓小孩還有整理環境，回來時減少其他負擔。大力推薦！！', 5, '2023-09-19'),
(353, 353, 1, 38, '服務非常周到，照顧貓小孩還有整理環境，回來時減少其他負擔。大力推薦！！', 5, '2023-09-18'),
(354, 354, 1, 48, '感謝她讓我們無後顧之憂，因為我們知道毛孩在她那里很安全。', 4, '2023-10-03'),
(355, 355, 2, 18, '服務非常周到，照顧貓小孩還有整理環境，回來時減少其他負擔。大力推薦！！', 5, '2023-10-04'),
(356, 356, 4, 3, '超讚的小妍，貓咪很黏他😆😆😆還帶了自己的玩具跟他玩 下次還會再找他', 5, '2023-10-05'),
(357, 357, 4, 24, '服務非常周到，照顧貓小孩還有整理環境，回來時減少其他負擔。大力推薦！！', 5, '2023-10-03'),
(358, 358, 4, 28, '服務非常周到，照顧貓小孩還有整理環境，回來時減少其他負擔。大力推薦！！', 4, '2023-10-04'),
(359, 359, 5, 40, '服務非常周到，照顧貓小孩還有整理環境，回來時減少其他負擔。大力推薦！！', 2, '2023-10-05'),
(360, 360, 6, 38, '服務非常周到，照顧貓小孩還有整理環境，回來時減少其他負擔。大力推薦！！', 4, '2023-10-03'),
(361, 361, 7, 39, '服務非常周到，照顧貓小孩還有整理環境，回來時減少其他負擔。大力推薦！！', 5, '2023-10-04'),
(362, 362, 7, 52, '服務非常周到，照顧貓小孩還有整理環境，回來時減少其他負擔。大力推薦！！', 5, '2023-10-05'),
(363, 363, 8, 38, '有愛心及耐心的寵物保姆，外出時有即時影片及照片讓我們放心，看著毛孩在保姆家開開心心，我們也放心', 5, '2023-09-16'),
(364, 364, 10, 30, '有愛心及耐心的寵物保姆，外出時有即時影片及照片讓我們放心，看著毛孩在保姆家開開心心，我們也放心', 5, '2023-09-16'),
(365, 365, 11, 3, '寵物保姆非常細心，每次外出都會即時分享照片和影片，真是太貼心了。', 5, '2023-10-04'),
(366, 366, 11, 48, '寵物保姆的服務讓我們外出時完全放心，毛孩也很喜歡她。', 5, '2023-10-05'),
(367, 367, 12, 37, '很用心，每天都會回報奶貓狀況🥺接回時奶貓被照顧得白白胖胖的', 3, '2023-10-03'),
(368, 368, 12, 38, '謝謝保姆，因為你，我們可以享受外出的樂趣，不用擔心毛孩。', 2, '2023-10-04'),
(369, 369, 15, 18, '感謝保姆的耐心和愛心，我們的毛孩過得非常開心。', 5, '2023-10-04'),
(370, 370, 15, 33, '保姆的服務讓我們能夠專注於工作，因為我們知道毛孩在她那里很安全。', 5, '2023-09-16'),
(371, 371, 16, 52, '照片和影片的分享是我們的心靈慰藉，謝謝保姆。', 5, '2023-09-16'),
(372, 372, 19, 29, '寵物保姆真的懂得如何讓毛孩感到舒適和快樂。', 5, '2023-09-16'),
(373, 373, 20, 30, '保姆的關心不僅讓毛孩開心，也讓我們感到放心。', 4, '2023-09-16'),
(374, 374, 21, 30, '寵物保姆的專業素養讓我們對她的服務充滿信心。', 5, '2023-09-16'),
(375, 375, 23, 38, '感謝保姆讓我們能夠享受外出的樂趣，不必擔心毛孩。', 5, '2023-09-16'),
(376, 376, 24, 7, '毛孩在保姆家度過的時間都是快樂和愉快的。', 5, '2023-09-16'),
(377, 377, 24, 48, '保姆不僅是寵物照顧者，還是一個真正的朋友。', 5, '2023-09-17'),
(378, 378, 25, 37, '有愛心及耐心的寵物保姆，外出時有即時影片及照片讓我們放心，看著毛孩在保姆家開開心心，我們也放心', 5, '2023-09-18'),
(379, 379, 26, 1, '非常貼心而且負責的到府照顧，讓離家多天的我們放心很多，每天都會拍照讓我們知道家中寶貝的近況 ', 5, '2023-09-19'),
(380, 380, 26, 10, '有愛心及耐心的寵物保姆，外出時有即時影片及照片讓我們放心，看著毛孩在保姆家開開心心，我們也放心', 4, '2023-09-20'),
(381, 381, 28, 3, '有愛心及耐心的寵物保姆，外出時有即時影片及照片讓我們放心，看著毛孩在保姆家開開心心，我們也放心', 5, '2023-09-21'),
(382, 382, 28, 18, '有愛心及耐心的寵物保姆，外出時有即時影片及照片讓我們放心，看著毛孩在保姆家開開心心，我們也放心', 5, '2023-09-22'),
(383, 383, 28, 24, '有愛心及耐心的寵物保姆，外出時有即時影片及照片讓我們放心，看著毛孩在保姆家開開心心，我們也放心', 5, '2023-09-16'),
(384, 384, 29, 3, '有愛心及耐心的寵物保姆，外出時有即時影片及照片讓我們放心，看著毛孩在保姆家開開心心，我們也放心', 5, '2023-09-16'),
(385, 385, 29, 19, '有愛心及耐心的寵物保姆，外出時有即時影片及照片讓我們放心，看著毛孩在保姆家開開心心，我們也放心', 5, '2023-09-16'),
(386, 386, 29, 20, '有愛心及耐心的寵物保姆，外出時有即時影片及照片讓我們放心，看著毛孩在保姆家開開心心，我們也放心', 2, '2023-09-17'),
(387, 387, 30, 2, '有愛心及耐心的寵物保姆，外出時有即時影片及照片讓我們放心，看著毛孩在保姆家開開心心，我們也放心', 2, '2023-09-18'),
(388, 388, 30, 9, '因為擔心毛孩第一次要外宿褓姆家 ，怕寶寶不熟悉 ，所以讓他先到哈哈媽媽家玩半天 ，哈哈媽媽，哈哈哈哈哈超棒', 5, '2023-10-04'),
(389, 389, 30, 14, '因為擔心毛孩第一次要外宿褓姆家 ，怕寶寶不熟悉 ，所以讓他先到哈哈媽媽家玩半天 ，哈哈媽媽，哈哈哈哈哈超棒', 2, '2023-10-05'),
(390, 390, 32, 14, '因為擔心毛孩第一次要外宿褓姆家 ，怕寶寶不熟悉 ，所以讓他先到哈哈媽媽家玩半天 ，哈哈媽媽，哈哈哈哈哈超棒', 4, '2023-10-03'),
(391, 391, 33, 6, '因為擔心毛孩第一次要外宿褓姆家 ，怕寶寶不熟悉 ，所以讓他先到哈哈媽媽家玩半天 ，哈哈媽媽，哈哈哈哈哈超棒', 3, '2023-10-04'),
(392, 392, 33, 7, '因為擔心毛孩第一次要外宿褓姆家 ，怕寶寶不熟悉 ，所以讓他先到哈哈媽媽家玩半天 ，哈哈媽媽，哈哈哈哈哈超棒', 5, '2023-10-05'),
(393, 393, 33, 11, '因為擔心毛孩第一次要外宿褓姆家 ，怕寶寶不熟悉 ，所以讓他先到哈哈媽媽家玩半天 ，哈哈媽媽，哈哈哈哈哈超棒', 5, '2023-09-16'),
(394, 394, 33, 23, '因為擔心毛孩第一次要外宿褓姆家 ，怕寶寶不熟悉 ，所以讓他先到哈哈媽媽家玩半天 ，哈哈媽媽，哈哈哈哈哈超棒', 5, '2023-09-16'),
(396, 396, 36, 10, '因為擔心毛孩第一次要外宿褓姆家 ，怕寶寶不熟悉 ，所以讓他先到哈哈媽媽家玩半天 ，哈哈媽媽，哈哈哈哈哈超棒', 4, '2023-10-05'),
(397, 397, 37, 6, '她的照顧方式就像是自己的孩子，我們感到非常幸福。', 5, '2023-10-03'),
(399, 399, 39, 4, '因為擔心毛孩第一次要外宿褓姆家 ，怕寶寶不熟悉 ，所以讓他先到哈哈媽媽家玩半天 ，哈哈媽媽，哈哈哈哈哈超棒', 5, '2023-10-04'),
(400, 400, 39, 7, '因為擔心毛孩第一次要外宿褓姆家 ，怕寶寶不熟悉 ，所以讓他先到哈哈媽媽家玩半天 ，哈哈媽媽，哈哈哈哈哈超棒', 5, '2023-09-16'),
(401, 401, 40, 15, '因為擔心毛孩第一次要外宿褓姆家 ，怕寶寶不熟悉 ，所以讓他先到哈哈媽媽家玩半天 ，哈哈媽媽，哈哈哈哈哈超棒', 5, '2023-09-16'),
(403, 403, 43, 22, '寵物保姆對毛孩的照顧就像是家人一樣，真的太感謝了。', 2, '2023-09-16'),
(404, 404, 44, 11, '有愛心及耐心的寵物保姆，外出時有即時影片及照片讓我們放心，看著毛孩在保姆家開開心心，我們也放心', 2, '2023-09-16'),
(405, 405, 44, 23, '寵物保姆非常細心，每次外出都會即時分享照片和影片，真是太貼心了。', 5, '2023-09-16'),
(406, 406, 1, 37, '寵物保姆的服務讓我們外出時完全放心，毛孩也很喜歡她。', 5, '2023-09-16'),
(407, 407, 1, 38, '照片和影片的分享讓我們能夠看到毛孩的點滴，這對我們而言非常重要。', 5, '2023-09-17'),
(408, 408, 2, 18, '我家阿曼真的超愛哈媽和哈爸的，帶過去的時候看到哈爸頭也不回就跟著跑了，平時也黏著哈媽撒嬌', 5, '2023-09-18'),
(409, 409, 2, 48, '我的毛孩在她那裡過得開心又安心，這是我們最大的安慰。', 4, '2023-09-19'),
(410, 410, 4, 3, '寵物保母的照顧方式總是超越我們的期望，謝謝她。', 5, '2023-09-20'),
(411, 411, 4, 24, '服務很親切，每天告知貓咪狀況跟陪玩，出遠門也可以很放心👍👍👍👍', 5, '2023-09-21'),
(412, 412, 5, 28, '因為擔心毛孩第一次要外宿褓姆家 ，怕寶寶不熟悉 ，所以讓他先到哈哈媽媽家玩半天 ，哈哈媽媽，哈哈哈哈哈超棒', 2, '2023-09-22'),
(413, 413, 6, 40, '謝謝Renee, 超級用心的照顧OREO, 下次還是會指定Renee（大推薦 🧡', 5, '2023-09-16'),
(414, 414, 7, 39, '謝謝Renee, 超級用心的照顧OREO, 下次還是會指定Renee（大推薦 🧡', 5, '2023-09-16'),
(415, 415, 8, 7, '謝謝Renee, 超級用心的照顧OREO, 下次還是會指定Renee（大推薦 🧡', 5, '2023-09-16'),
(416, 416, 8, 40, '謝謝Renee, 超級用心的照顧OREO, 下次還是會指定Renee（大推薦 🧡', 5, '2023-09-17'),
(417, 417, 8, 52, '謝謝Renee, 超級用心的照顧OREO, 下次還是會指定Renee（大推薦 🧡', 5, '2023-09-29'),
(418, 418, 9, 38, '謝謝Renee, 超級用心的照顧OREO, 下次還是會指定Renee（大推薦 🧡', 5, '2023-09-30'),
(419, 419, 10, 30, '謝謝Renee, 超級用心的照顧OREO, 下次還是會指定Renee（大推薦 🧡', 4, '2023-10-01'),
(420, 420, 12, 3, '很細心，也隨時拍照更新狀況！', 5, '2023-10-02'),
(421, 421, 12, 48, '謝謝Renee, 超級用心的照顧OREO, 下次還是會指定Renee（大推薦 🧡', 5, '2023-10-03'),
(422, 422, 13, 37, '謝謝Renee, 超級用心的照顧OREO, 下次還是會指定Renee（大推薦 🧡', 2, '2023-10-04'),
(423, 423, 13, 38, '謝謝Renee, 超級用心的照顧OREO, 下次還是會指定Renee（大推薦 🧡', 5, '2023-10-05'),
(424, 424, 16, 18, '謝謝Renee, 超級用心的照顧OREO, 下次還是會指定Renee（大推薦 🧡', 5, '2023-09-16'),
(425, 425, 16, 34, '謝謝Renee, 超級用心的照顧OREO, 下次還是會指定Renee（大推薦 🧡', 5, '2023-09-16'),
(426, 426, 17, 42, '謝謝Renee, 超級用心的照顧OREO, 下次還是會指定Renee（大推薦 🧡', 4, '2023-09-16'),
(427, 427, 20, 30, '謝謝Renee, 超級用心的照顧OREO, 下次還是會指定Renee（大推薦 🧡', 5, '2023-09-17'),
(428, 428, 21, 31, '謝謝Renee, 超級用心的照顧OREO, 下次還是會指定Renee（大推薦 🧡', 5, '2023-09-18'),
(429, 429, 22, 30, '謝謝Renee, 超級用心的照顧OREO, 下次還是會指定Renee（大推薦 🧡', 2, '2023-09-19'),
(430, 430, 24, 38, '謝謝Renee, 超級用心的照顧OREO, 下次還是會指定Renee（大推薦 🧡', 3, '2023-09-18'),
(431, 431, 25, 7, '謝謝Renee, 超級用心的照顧OREO, 下次還是會指定Renee（大推薦 🧡', 5, '2023-10-03'),
(432, 432, 25, 48, '謝謝Renee, 超級用心的照顧OREO, 下次還是會指定Renee（大推薦 🧡', 5, '2023-10-04'),
(433, 433, 26, 1, '太謝謝啦～～把貓貓照顧的很好！在照顧其間，會發當下做了什麼事，跟貓貓玩的照片，讓媽媽放心🥰', 5, '2023-10-05'),
(434, 434, 26, 11, '謝謝Renee, 超級用心的照顧OREO, 下次還是會指定Renee（大推薦 🧡', 5, '2023-10-03'),
(435, 435, 26, 24, '謝謝Renee, 超級用心的照顧OREO, 下次還是會指定Renee（大推薦 🧡', 5, '2023-10-04'),
(436, 436, 28, 4, '謝謝Renee, 超級用心的照顧OREO, 下次還是會指定Renee（大推薦 🧡', 4, '2023-10-05'),
(437, 437, 29, 19, '謝謝Renee, 超級用心的照顧OREO, 下次還是會指定Renee（大推薦 🧡', 2, '2023-10-03'),
(438, 438, 29, 25, '我家阿曼真的超愛哈媽和哈爸的，帶過去的時候看到哈爸頭也不回就跟著跑了，平時也黏著哈媽撒嬌', 5, '2023-10-04'),
(439, 439, 30, 2, '毛孩總是迫不及待地期待去保姆家，證明她一定對他很好。', 5, '2023-10-05'),
(440, 440, 30, 4, '保姆對毛孩的耐心和關愛讓我們感到非常感激。', 5, '2023-09-16'),
(441, 441, 30, 10, '謝謝保姆，因為你，我們可以享受外出的樂趣，不用擔心毛孩。', 5, '2023-09-16'),
(442, 442, 30, 15, '感謝保姆的耐心和愛心，我們的毛孩過得非常開心。', 5, '2023-10-04'),
(443, 443, 30, 20, '保姆的服務讓我們能夠專注於工作，因為我們知道毛孩在她那里很安全。', 4, '2023-10-05'),
(444, 444, 30, 21, '非常認真地照顧我家小黑，確保飲食、遊玩和健康都無微不至。都會拍照保留最新近況，推薦給所有需要的人', 5, '2023-10-03'),
(445, 445, 33, 1, '親切專業的保姆，而且很會拍照 ', 5, '2023-10-04'),
(446, 446, 33, 12, '她照顧毛孩的方式就像是自己的孩子一樣，我們感到溫暖。', 5, '2023-10-04'),
(447, 447, 33, 15, '我感謝她給予我們的寶貴成員如此愛與關懷。', 5, '2023-09-16'),
(448, 448, 33, 24, 'Amanda是我外出時家裡毛小孩最妥帖的照護夥伴。感謝🙏', 4, '2023-09-16'),
(449, 449, 34, 8, '我家阿曼真的超愛哈媽和哈爸的，帶過去的時候看到哈爸頭也不回就跟著跑了，平時也黏著哈媽撒嬌', 5, '2023-09-16'),
(450, 450, 36, 7, '我家阿曼真的超愛哈媽和哈爸的，帶過去的時候看到哈爸頭也不回就跟著跑了，平時也黏著哈媽撒嬌', 4, '2023-09-16'),
(451, 451, 37, 11, '我家阿曼真的超愛哈媽和哈爸的，帶過去的時候看到哈爸頭也不回就跟著跑了，平時也黏著哈媽撒嬌', 5, '2023-09-29'),
(452, 452, 38, 6, '我家阿曼真的超愛哈媽和哈爸的，帶過去的時候看到哈爸頭也不回就跟著跑了，平時也黏著哈媽撒嬌', 5, '2023-09-30'),
(454, 454, 39, 7, '我家阿曼真的超愛哈媽和哈爸的，帶過去的時候看到哈爸頭也不回就跟著跑了，平時也黏著哈媽撒嬌', 4, '2023-10-02'),
(455, 455, 40, 5, '我家阿曼真的超愛哈媽和哈爸的，帶過去的時候看到哈爸頭也不回就跟著跑了，平時也黏著哈媽撒嬌', 5, '2023-10-03'),
(456, 456, 41, 16, '我家阿曼真的超愛哈媽和哈爸的，帶過去的時候看到哈爸頭也不回就跟著跑了，平時也黏著哈媽撒嬌', 5, '2023-10-04'),
(458, 458, 44, 23, '我家阿曼真的超愛哈媽和哈爸的，帶過去的時候看到哈爸頭也不回就跟著跑了，平時也黏著哈媽撒嬌', 5, '2023-09-16'),
(459, 459, 45, 12, '我家阿曼真的超愛哈媽和哈爸的，帶過去的時候看到哈爸頭也不回就跟著跑了，平時也黏著哈媽撒嬌', 5, '2023-09-16'),
(460, 460, 1, 7, '我家阿曼真的超愛哈媽和哈爸的，帶過去的時候看到哈爸頭也不回就跟著跑了，平時也黏著哈媽撒嬌', 5, '2023-09-16'),
(461, 461, 1, 37, '我家阿曼真的超愛哈媽和哈爸的，帶過去的時候看到哈爸頭也不回就跟著跑了，平時也黏著哈媽撒嬌', 5, '2023-09-17'),
(462, 462, 1, 48, '我家阿曼真的超愛哈媽和哈爸的，帶過去的時候看到哈爸頭也不回就跟著跑了，平時也黏著哈媽撒嬌', 5, '2023-09-18'),
(463, 463, 2, 18, '傍晚貓咪不知道為什麼一直喵個不停，連續快6小時。緊急的通知小妍。真的超級感謝小妍', 5, '2023-09-19'),
(464, 464, 2, 38, '傍晚貓咪不知道為什麼一直喵個不停，連續快6小時。緊急的通知小妍。真的超級感謝小妍', 5, '2023-09-18'),
(465, 465, 3, 48, '傍晚貓咪不知道為什麼一直喵個不停，連續快6小時。緊急的通知小妍。真的超級感謝小妍', 5, '2023-10-03'),
(466, 466, 4, 3, '傍晚貓咪不知道為什麼一直喵個不停，連續快6小時。緊急的通知小妍。真的超級感謝小妍', 5, '2023-10-04'),
(467, 467, 4, 24, '傍晚貓咪不知道為什麼一直喵個不停，連續快6小時。緊急的通知小妍。真的超級感謝小妍', 5, '2023-10-05'),
(468, 468, 6, 29, '傍晚貓咪不知道為什麼一直喵個不停，連續快6小時。緊急的通知小妍。真的超級感謝小妍', 4, '2023-10-03'),
(469, 469, 6, 41, '傍晚貓咪不知道為什麼一直喵個不停，連續快6小時。緊急的通知小妍。真的超級感謝小妍', 5, '2023-10-04'),
(470, 470, 7, 39, '傍晚貓咪不知道為什麼一直喵個不停，連續快6小時。緊急的通知小妍。真的超級感謝小妍', 5, '2023-09-27'),
(471, 471, 8, 7, '傍晚貓咪不知道為什麼一直喵個不停，連續快6小時。緊急的通知小妍。真的超級感謝小妍', 5, '2023-09-28'),
(472, 472, 9, 40, '傍晚貓咪不知道為什麼一直喵個不停，連續快6小時。緊急的通知小妍。真的超級感謝小妍', 5, '2023-09-29'),
(473, 473, 9, 52, '傍晚貓咪不知道為什麼一直喵個不停，連續快6小時。緊急的通知小妍。真的超級感謝小妍', 5, '2023-09-30'),
(474, 474, 10, 30, '傍晚貓咪不知道為什麼一直喵個不停，連續快6小時。緊急的通知小妍。真的超級感謝小妍', 5, '2023-10-01'),
(475, 475, 10, 38, '保姆不僅照顧毛孩，還給予他們愛和關懷，我們真的很幸運找到了她。', 5, '2023-10-02'),
(476, 476, 13, 3, '超級有愛 確實認真的好女孩 孩子交給她大大大大大個放心❤️ ', 5, '2023-10-03'),
(477, 477, 13, 48, '傍晚貓咪不知道為什麼一直喵個不停，連續快6小時。緊急的通知小妍。真的超級感謝小妍', 5, '2023-10-04'),
(478, 478, 14, 37, '可以安心交付皮下輸液和餵藥，讓媽媽出遠門也能放心 ', 5, '2023-10-05'),
(479, 479, 14, 38, '保姆的關心不僅讓毛孩開心，也讓我們感到放心。', 5, '2023-09-16'),
(480, 480, 17, 18, '寵物保姆的專業素養讓我們對她的服務充滿信心。', 5, '2023-09-16'),
(481, 481, 17, 35, '感謝保姆讓我們能夠享受外出的樂趣，不必擔心毛孩。', 4, '2023-09-16'),
(482, 482, 18, 43, '寵物保姆對毛孩的耐心和愛心讓我們感到安心。', 5, '2023-09-17'),
(483, 483, 21, 31, '她的照顧方式就像是自己的孩子，我們感到非常幸福。', 4, '2023-09-18'),
(484, 484, 22, 32, '感謝她讓我們無後顧之憂，因為我們知道毛孩在她那里很安全。', 5, '2023-09-19'),
(485, 485, 23, 30, '很感謝Amanda，在我旅遊的時間，照顧貓貓🐱，讓我非常放心、安心的玩🥰下一次旅遊還會找妳！！', 5, '2023-09-18'),
(486, 486, 25, 38, '傍晚貓咪不知道為什麼一直喵個不停，連續快6小時。緊急的通知小妍。真的超級感謝小妍', 5, '2023-10-03'),
(487, 487, 26, 1, '寵物保姆的服務讓我們外出時完全放心，毛孩也很喜歡她。', 5, '2023-10-04'),
(488, 488, 26, 12, '超讚的小妍，貓咪很黏他😆😆😆還帶了自己的玩具跟他玩 下次還會再找他', 5, '2023-10-05'),
(489, 489, 26, 13, '超讚的小妍，貓咪很黏他😆😆😆還帶了自己的玩具跟他玩 下次還會再找他', 5, '2023-10-03'),
(490, 490, 26, 24, '超讚的小妍，貓咪很黏他😆😆😆還帶了自己的玩具跟他玩 下次還會再找他', 5, '2023-10-04'),
(491, 491, 27, 25, '超讚的小妍，貓咪很黏他😆😆😆還帶了自己的玩具跟他玩 下次還會再找他', 5, '2023-10-05'),
(492, 492, 28, 5, '超讚的小妍，貓咪很黏他😆😆😆還帶了自己的玩具跟他玩 下次還會再找他', 4, '2023-10-03'),
(493, 493, 29, 1, '寵物保母的照顧方式總是超越我們的期望，謝謝她。', 5, '2023-10-04'),
(494, 494, 29, 8, '超讚的小妍，貓咪很黏他😆😆😆還帶了自己的玩具跟他玩 下次還會再找他', 5, '2023-10-05'),
(495, 495, 30, 2, '超讚的小妍，貓咪很黏他😆😆😆還帶了自己的玩具跟他玩 下次還會再找他', 2, '2023-09-16'),
(496, 496, 30, 10, '超讚的小妍，貓咪很黏他😆😆😆還帶了自己的玩具跟他玩 下次還會再找他', 5, '2023-09-16'),
(497, 497, 30, 16, '超讚的小妍，貓咪很黏他😆😆😆還帶了自己的玩具跟他玩 下次還會再找他', 5, '2023-10-04'),
(498, 498, 30, 20, '超讚的小妍，貓咪很黏他😆😆😆還帶了自己的玩具跟他玩 下次還會再找他', 5, '2023-10-05'),
(499, 499, 30, 22, '超讚的小妍，貓咪很黏他😆😆😆還帶了自己的玩具跟他玩 下次還會再找他', 5, '2023-10-03'),
(500, 500, 31, 4, '超讚的小妍，貓咪很黏他😆😆😆還帶了自己的玩具跟他玩 下次還會再找他', 5, '2023-10-04'),
(501, 501, 31, 21, '超讚的小妍，貓咪很黏他😆😆😆還帶了自己的玩具跟他玩 下次還會再找他', 5, '2023-10-04'),
(502, 502, 33, 7, '超讚的小妍，貓咪很黏他😆😆😆還帶了自己的玩具跟他玩 下次還會再找他', 4, '2023-09-16'),
(503, 503, 33, 13, '超讚的小妍，貓咪很黏他😆😆😆還帶了自己的玩具跟他玩 下次還會再找他', 5, '2023-09-16'),
(504, 504, 33, 25, '超讚的小妍，貓咪很黏他😆😆😆還帶了自己的玩具跟他玩 下次還會再找他', 5, '2023-09-16'),
(505, 505, 34, 16, '超讚的小妍，貓咪很黏他😆😆😆還帶了自己的玩具跟他玩 下次還會再找他', 5, '2023-09-16'),
(506, 506, 35, 9, '超讚的小妍，貓咪很黏他😆😆😆還帶了自己的玩具跟他玩 下次還會再找他', 5, '2023-09-16'),
(507, 507, 38, 12, '超讚的小妍，貓咪很黏他😆😆😆還帶了自己的玩具跟他玩 下次還會再找他', 3, '2023-09-16'),
(508, 508, 39, 7, '超讚的小妍，貓咪很黏他😆😆😆還帶了自己的玩具跟他玩 下次還會再找他', 5, '2023-09-16'),
(510, 510, 40, 6, '超讚的小妍，貓咪很黏他😆😆😆還帶了自己的玩具跟他玩 下次還會再找他', 5, '2023-09-18'),
(511, 511, 40, 8, '超讚的小妍，貓咪很黏他😆😆😆還帶了自己的玩具跟他玩 下次還會再找他', 5, '2023-09-19'),
(512, 512, 42, 2, '超讚的小妍，貓咪很黏他😆😆😆還帶了自己的玩具跟他玩 下次還會再找他', 5, '2023-09-20'),
(513, 513, 42, 17, '我們的毛孩在保姆家過得太開心了，看得出保姆真的很有愛心。', 4, '2023-09-21'),
(514, 514, 1, 7, '第一次讓毛孩去外宿，感謝保姆讓他緩衝在哈哈媽媽家，真是貼心的安排。', 5, '2023-09-22'),
(515, 515, 1, 38, '毛孩在保姆家度過的時間都是快樂和愉快的。', 5, '2023-09-16'),
(516, 516, 1, 48, '保姆不僅是寵物照顧者，還是一個真正的朋友。', 5, '2023-09-16'),
(517, 517, 1, 52, '因為擔心毛孩第一次要外宿褓姆家 ，怕寶寶不熟悉 ，所以讓他先到哈哈媽媽家玩半天 ，哈哈媽媽，哈哈哈哈哈超棒', 5, '2023-09-16'),
(518, 518, 3, 18, '毛孩在保姆家總是玩得不亦樂乎，這種快樂是無價的。', 5, '2023-09-17'),
(519, 519, 3, 38, '傍晚貓咪不知道為什麼一直喵個不停，連續快6小時。緊急的通知小妍。真的超級感謝小妍', 5, '2023-09-27'),
(520, 520, 4, 3, '感謝她的無私愛心，讓我們的毛孩過得如此幸福。', 5, '2023-09-28'),
(521, 521, 4, 48, '寵物保母的服務超乎我們的期望，讓我們安心。', 5, '2023-09-29'),
(522, 522, 5, 24, '因臨時安排開刀，謝謝保姆百忙中願意接下我們的急單🥹，不但手腳俐落，也認真細心照顧毛孩', 5, '2023-09-30'),
(523, 523, 6, 29, 'Renee很細心，也會充分的跟貓咪互動，貓咪本來很怕生，最後還會主動找他討摸！😍謝謝他的用心照顧！', 5, '2023-10-01'),
(524, 524, 6, 41, 'Renee很細心，也會充分的跟貓咪互動，貓咪本來很怕生，最後還會主動找他討摸！😍謝謝他的用心照顧！', 5, '2023-10-02'),
(525, 525, 7, 39, '毛孩在保姆家總是玩得不亦樂乎，這種快樂是無價的。', 5, '2023-10-03'),
(526, 526, 9, 7, 'Renee很細心，也會充分的跟貓咪互動，貓咪本來很怕生，最後還會主動找他討摸！😍謝謝他的用心照顧！', 5, '2023-10-04'),
(527, 527, 10, 30, 'Renee很細心，也會充分的跟貓咪互動，貓咪本來很怕生，最後還會主動找他討摸！😍謝謝他的用心照顧！', 5, '2023-10-05'),
(528, 528, 10, 41, 'Renee很細心，也會充分的跟貓咪互動，貓咪本來很怕生，最後還會主動找他討摸！😍謝謝他的用心照顧！', 5, '2023-09-16'),
(529, 529, 10, 52, 'Renee很細心，也會充分的跟貓咪互動，貓咪本來很怕生，最後還會主動找他討摸！😍謝謝他的用心照顧！', 5, '2023-09-16'),
(530, 530, 11, 38, 'Renee很細心，也會充分的跟貓咪互動，貓咪本來很怕生，最後還會主動找他討摸！😍謝謝他的用心照顧！', 5, '2023-09-16'),
(531, 531, 14, 3, 'Renee很細心，也會充分的跟貓咪互動，貓咪本來很怕生，最後還會主動找他討摸！😍謝謝他的用心照顧！', 5, '2023-09-17'),
(532, 532, 14, 48, 'Renee很細心，也會充分的跟貓咪互動，貓咪本來很怕生，最後還會主動找他討摸！😍謝謝他的用心照顧！', 5, '2023-09-18'),
(533, 533, 15, 37, 'Renee很細心，也會充分的跟貓咪互動，貓咪本來很怕生，最後還會主動找他討摸！😍謝謝他的用心照顧！', 5, '2023-09-19'),
(534, 534, 15, 38, 'Renee很細心，也會充分的跟貓咪互動，貓咪本來很怕生，最後還會主動找他討摸！😍謝謝他的用心照顧！', 5, '2023-09-18'),
(535, 535, 18, 36, 'Renee很細心，也會充分的跟貓咪互動，貓咪本來很怕生，最後還會主動找他討摸！😍謝謝他的用心照顧！', 5, '2023-10-03'),
(536, 536, 19, 18, 'Renee很細心，也會充分的跟貓咪互動，貓咪本來很怕生，最後還會主動找他討摸！😍謝謝他的用心照顧！', 5, '2023-10-04'),
(537, 537, 19, 44, 'Renee很細心，也會充分的跟貓咪互動，貓咪本來很怕生，最後還會主動找他討摸！😍謝謝他的用心照顧！', 5, '2023-10-05'),
(538, 538, 22, 32, '服務很親切，每天告知貓咪狀況跟陪玩，出遠門也可以很放心👍👍👍👍', 5, '2023-10-03'),
(539, 539, 23, 33, '服務很親切，每天告知貓咪狀況跟陪玩，出遠門也可以很放心👍👍👍👍', 5, '2023-10-04'),
(540, 540, 24, 31, '服務很親切，每天告知貓咪狀況跟陪玩，出遠門也可以很放心👍👍👍👍', 5, '2023-10-05'),
(541, 541, 26, 1, '感謝她的無私愛心，讓我們的毛孩過得如此幸福。', 5, '2023-10-03'),
(542, 542, 26, 14, '謝謝Renee, 超級用心的照顧OREO, 下次還是會指定Renee（大推薦 🧡', 5, '2023-10-04'),
(543, 543, 27, 25, '服務很親切，每天告知貓咪狀況跟陪玩，出遠門也可以很放心👍👍👍👍', 5, '2023-10-05'),
(545, 545, 29, 1, '照片和影片的分享是我們的心靈慰藉，謝謝保姆。', 5, '2023-09-16'),
(546, 546, 29, 6, '服務很親切，每天告知貓咪狀況跟陪玩，出遠門也可以很放心👍👍👍👍', 5, '2023-10-04'),
(547, 547, 30, 2, '服務很親切，每天告知貓咪狀況跟陪玩，出遠門也可以很放心👍👍👍👍', 5, '2023-10-05'),
(548, 548, 30, 9, '服務很親切，每天告知貓咪狀況跟陪玩，出遠門也可以很放心👍👍👍👍', 5, '2023-10-03'),
(549, 549, 30, 10, '我的毛孩在她那裡過得開心又安心，這是我們最大的安慰。', 5, '2023-10-04'),
(550, 550, 30, 17, '寵物保母的照顧方式總是超越我們的期望，謝謝她。', 3, '2023-10-04'),
(551, 551, 30, 23, '服務很親切，每天告知貓咪狀況跟陪玩，出遠門也可以很放心👍👍👍👍', 5, '2023-09-16'),
(552, 552, 31, 21, '寵物保姆對毛孩的照顧就像是家人一樣，真的太感謝了。', 5, '2023-09-16'),
(553, 553, 32, 4, '超讚的小妍，貓咪很黏他😆😆😆還帶了自己的玩具跟他玩 下次還會再找他', 5, '2023-09-16'),
(554, 554, 32, 22, '五毛媽照顧我家寶貝細心又貼心，到府服務還把寶貝跟家裡都顧的乾乾淨淨，真的是太棒了！', 5, '2023-09-16'),
(555, 555, 33, 1, '照片和影片的分享讓我們能夠看到毛孩的點滴，這對我們而言非常重要。', 5, '2023-09-16'),
(556, 556, 33, 8, '服務很親切，每天告知貓咪狀況跟陪玩，出遠門也可以很放心👍👍👍👍', 5, '2023-09-16'),
(557, 557, 33, 13, '服務很親切，每天告知貓咪狀況跟陪玩，出遠門也可以很放心👍👍👍👍', 5, '2023-09-16'),
(558, 558, 34, 14, '服務很親切，每天告知貓咪狀況跟陪玩，出遠門也可以很放心👍👍👍👍', 5, '2023-09-17'),
(559, 559, 35, 17, '服務很親切，每天告知貓咪狀況跟陪玩，出遠門也可以很放心👍👍👍👍', 5, '2023-09-18'),
(560, 560, 36, 10, '服務很親切，每天告知貓咪狀況跟陪玩，出遠門也可以很放心👍👍👍👍', 5, '2023-09-19'),
(561, 561, 39, 7, '服務很親切，每天告知貓咪狀況跟陪玩，出遠門也可以很放心👍👍👍👍', 5, '2023-09-20'),
(562, 562, 39, 13, '服務很親切，每天告知貓咪狀況跟陪玩，出遠門也可以很放心👍👍👍👍', 5, '2023-09-21'),
(563, 563, 40, 9, 'Amanda是我外出時家裡毛小孩最妥帖的照護夥伴。感謝🙏', 5, '2023-09-22'),
(564, 564, 41, 2, 'Amanda是我外出時家裡毛小孩最妥帖的照護夥伴。感謝🙏', 5, '2023-09-16'),
(565, 565, 41, 6, 'Amanda是我外出時家裡毛小孩最妥帖的照護夥伴。感謝🙏', 5, '2023-09-16'),
(566, 566, 43, 3, 'Amanda是我外出時家裡毛小孩最妥帖的照護夥伴。感謝🙏', 4, '2023-09-16'),
(567, 567, 43, 18, 'Amanda是我外出時家裡毛小孩最妥帖的照護夥伴。感謝🙏', 5, '2023-09-17'),
(568, 568, 1, 7, 'Amanda是我外出時家裡毛小孩最妥帖的照護夥伴。感謝🙏', 5, '2023-09-27'),
(569, 569, 1, 38, 'Amanda是我外出時家裡毛小孩最妥帖的照護夥伴。感謝🙏', 5, '2023-09-28'),
(570, 570, 1, 48, 'Amanda是我外出時家裡毛小孩最妥帖的照護夥伴。感謝🙏', 4, '2023-09-29'),
(571, 571, 2, 52, 'Amanda是我外出時家裡毛小孩最妥帖的照護夥伴。感謝🙏', 5, '2023-09-30'),
(572, 572, 4, 18, 'Amanda是我外出時家裡毛小孩最妥帖的照護夥伴。感謝🙏', 5, '2023-10-01'),
(573, 573, 4, 38, 'Amanda是我外出時家裡毛小孩最妥帖的照護夥伴。感謝🙏', 5, '2023-10-02'),
(574, 574, 5, 3, '五毛媽照顧我家寶貝細心又貼心，到府服務還把寶貝跟家裡都顧的乾乾淨淨，真的是太棒了！', 5, '2023-10-03'),
(575, 575, 5, 48, 'Amanda是我外出時家裡毛小孩最妥帖的照護夥伴。感謝🙏', 5, '2023-10-04'),
(576, 576, 6, 24, 'Amanda是我外出時家裡毛小孩最妥帖的照護夥伴。感謝🙏', 5, '2023-10-05'),
(577, 577, 6, 29, 'Amanda是我外出時家裡毛小孩最妥帖的照護夥伴。感謝🙏', 5, '2023-09-16'),
(578, 578, 6, 42, 'Amanda是我外出時家裡毛小孩最妥帖的照護夥伴。感謝🙏', 5, '2023-09-16'),
(579, 579, 8, 40, 'Amanda是我外出時家裡毛小孩最妥帖的照護夥伴。感謝🙏', 5, '2023-09-16'),
(580, 580, 10, 7, 'Amanda是我外出時家裡毛小孩最妥帖的照護夥伴。感謝🙏', 5, '2023-09-17'),
(581, 581, 10, 30, '她照顧毛孩的方式就像是自己的孩子一樣，我們感到溫暖。', 5, '2023-09-18'),
(582, 582, 10, 52, '我感謝她給予我們的寶貴成員如此愛與關懷。', 5, '2023-09-19'),
(583, 583, 11, 41, 'Amanda是我外出時家裡毛小孩最妥帖的照護夥伴。感謝🙏', 4, '2023-09-18'),
(584, 584, 12, 38, '謝謝Renee, 超級用心的照顧OREO, 下次還是會指定Renee（大推薦 🧡', 5, '2023-10-03'),
(585, 585, 15, 3, '細心照顧失明行動不便的哈哈，對於貓貓的狀況也會定時回報照片及文字 ，結束時也有告知 ', 5, '2023-10-04'),
(586, 586, 15, 48, '服務非常周到，照顧貓小孩還有整理環境，回來時減少其他負擔。大力推薦！！', 5, '2023-10-05'),
(587, 587, 16, 37, 'Amanda是我外出時家裡毛小孩最妥帖的照護夥伴。感謝🙏', 5, '2023-10-03'),
(588, 588, 16, 38, '太謝謝啦～～把貓貓照顧的很好！在照顧其間，會發當下做了什麼事，跟貓貓玩的照片，讓媽媽放心🥰', 5, '2023-10-04'),
(589, 589, 19, 18, '太謝謝啦～～把貓貓照顧的很好！在照顧其間，會發當下做了什麼事，跟貓貓玩的照片，讓媽媽放心🥰', 2, '2023-10-05'),
(590, 590, 19, 37, '太謝謝啦～～把貓貓照顧的很好！在照顧其間，會發當下做了什麼事，跟貓貓玩的照片，讓媽媽放心🥰', 5, '2023-10-03'),
(591, 591, 20, 45, '太謝謝啦～～把貓貓照顧的很好！在照顧其間，會發當下做了什麼事，跟貓貓玩的照片，讓媽媽放心🥰', 5, '2023-10-04'),
(592, 592, 23, 33, '太謝謝啦～～把貓貓照顧的很好！在照顧其間，會發當下做了什麼事，跟貓貓玩的照片，讓媽媽放心🥰', 5, '2023-10-05'),
(593, 593, 25, 24, '太謝謝啦～～把貓貓照顧的很好！在照顧其間，會發當下做了什麼事，跟貓貓玩的照片，讓媽媽放心🥰', 5, '2023-09-16'),
(594, 594, 26, 1, 'Renee很細心，也會充分的跟貓咪互動，貓咪本來很怕生，最後還會主動找他討摸！😍謝謝他的用心照顧！', 5, '2023-09-16'),
(595, 595, 26, 15, '太謝謝啦～～把貓貓照顧的很好！在照顧其間，會發當下做了什麼事，跟貓貓玩的照片，讓媽媽放心🥰', 4, '2023-10-04'),
(596, 596, 28, 1, '三小隻都很乖非常討人喜歡，馬麻對毛孩的日常照護非常用心，是幸福的孩子們❤️ ', 3, '2023-10-05'),
(597, 597, 29, 1, '五毛媽照顧我家寶貝細心又貼心，到府服務還把寶貝跟家裡都顧的乾乾淨淨，真的是太棒了！', 5, '2023-10-03'),
(598, 598, 29, 1, '太謝謝啦～～把貓貓照顧的很好！在照顧其間，會發當下做了什麼事，跟貓貓玩的照片，讓媽媽放心🥰', 4, '2023-10-04'),
(599, 599, 29, 6, '太謝謝啦～～把貓貓照顧的很好！在照顧其間，會發當下做了什麼事，跟貓貓玩的照片，讓媽媽放心🥰', 5, '2023-10-04'),
(600, 600, 30, 3, '太謝謝啦～～把貓貓照顧的很好！在照顧其間，會發當下做了什麼事，跟貓貓玩的照片，讓媽媽放心🥰', 5, '2023-09-16'),
(601, 601, 30, 10, '太謝謝啦～～把貓貓照顧的很好！在照顧其間，會發當下做了什麼事，跟貓貓玩的照片，讓媽媽放心🥰', 5, '2023-09-16'),
(602, 602, 30, 18, '太謝謝啦～～把貓貓照顧的很好！在照顧其間，會發當下做了什麼事，跟貓貓玩的照片，讓媽媽放心🥰', 5, '2023-09-16'),
(603, 603, 31, 10, '太謝謝啦～～把貓貓照顧的很好！在照顧其間，會發當下做了什麼事，跟貓貓玩的照片，讓媽媽放心🥰', 5, '2023-09-16'),
(604, 604, 31, 24, '太謝謝啦～～把貓貓照顧的很好！在照顧其間，會發當下做了什麼事，跟貓貓玩的照片，讓媽媽放心🥰', 5, '2023-09-16'),
(605, 605, 32, 22, '太謝謝啦～～把貓貓照顧的很好！在照顧其間，會發當下做了什麼事，跟貓貓玩的照片，讓媽媽放心🥰', 2, '2023-09-16'),
(606, 606, 33, 1, '毛孩在保姆家度過的時間都是快樂和愉快的。', 5, '2023-09-16'),
(607, 607, 33, 5, '太謝謝啦～～把貓貓照顧的很好！在照顧其間，會發當下做了什麼事，跟貓貓玩的照片，讓媽媽放心🥰', 3, '2023-09-17'),
(608, 608, 33, 9, '太謝謝啦～～把貓貓照顧的很好！在照顧其間，會發當下做了什麼事，跟貓貓玩的照片，讓媽媽放心🥰', 5, '2023-09-18'),
(609, 609, 33, 14, '太謝謝啦～～把貓貓照顧的很好！在照顧其間，會發當下做了什麼事，跟貓貓玩的照片，讓媽媽放心🥰', 5, '2023-09-19'),
(610, 610, 33, 23, '太謝謝啦～～把貓貓照顧的很好！在照顧其間，會發當下做了什麼事，跟貓貓玩的照片，讓媽媽放心🥰', 5, '2023-09-20'),
(611, 611, 35, 15, '太謝謝啦～～把貓貓照顧的很好！在照顧其間，會發當下做了什麼事，跟貓貓玩的照片，讓媽媽放心🥰', 5, '2023-09-21'),
(612, 612, 36, 18, '太謝謝啦～～把貓貓照顧的很好！在照顧其間，會發當下做了什麼事，跟貓貓玩的照片，讓媽媽放心🥰', 5, '2023-09-22'),
(613, 613, 37, 11, '她的照顧方式就像是自己的孩子，我們感到非常幸福。', 5, '2023-09-16'),
(614, 614, 39, 7, '感謝她讓我們無後顧之憂，因為我們知道毛孩在她那里很安全。', 3, '2023-09-16'),
(615, 615, 39, 14, '很感謝Amanda，在我旅遊的時間，照顧貓貓🐱，讓我非常放心、安心的玩🥰下一次旅遊還會找妳！！', 5, '2023-09-16'),
(616, 616, 41, 6, '我家阿曼真的超愛哈媽和哈爸的，帶過去的時候看到哈爸頭也不回就跟著跑了，平時也黏著哈媽撒嬌', 5, '2023-09-17'),
(617, 617, 41, 10, '我們的毛孩在保姆家過得太開心了，看得出保姆真的很有愛心。', 5, '2023-09-18'),
(618, 618, 42, 3, '很感謝Amanda，在我旅遊的時間，照顧貓貓🐱，讓我非常放心、安心的玩🥰下一次旅遊還會找妳！！', 5, '2023-10-05'),
(619, 619, 44, 4, '很感謝Amanda，在我旅遊的時間，照顧貓貓🐱，讓我非常放心、安心的玩🥰下一次旅遊還會找妳！！', 5, '2023-10-03'),
(620, 620, 44, 19, '很感謝Amanda，在我旅遊的時間，照顧貓貓🐱，讓我非常放心、安心的玩🥰下一次旅遊還會找妳！！', 2, '2023-10-04'),
(621, 621, 1, 24, '很感謝Amanda，在我旅遊的時間，照顧貓貓🐱，讓我非常放心、安心的玩🥰下一次旅遊還會找妳！！', 5, '2023-10-04'),
(622, 622, 1, 24, '很感謝Amanda，在我旅遊的時間，照顧貓貓🐱，讓我非常放心、安心的玩🥰下一次旅遊還會找妳！！', 5, '2023-10-04'),
(623, 623, 1, 38, '很感謝Amanda，在我旅遊的時間，照顧貓貓🐱，讓我非常放心、安心的玩🥰下一次旅遊還會找妳！！', 5, '2023-10-04'),
(624, 624, 2, 7, '很感謝Amanda，在我旅遊的時間，照顧貓貓🐱，讓我非常放心、安心的玩🥰下一次旅遊還會找妳！！', 2, '2023-09-16'),
(625, 625, 2, 31, '很感謝Amanda，在我旅遊的時間，照顧貓貓🐱，讓我非常放心、安心的玩🥰下一次旅遊還會找妳！！', 5, '2023-09-16'),
(627, 627, 4, 18, '很感謝Amanda，在我旅遊的時間，照顧貓貓🐱，讓我非常放心、安心的玩🥰下一次旅遊還會找妳！！', 5, '2023-10-05'),
(628, 628, 5, 38, '很感謝Amanda，在我旅遊的時間，照顧貓貓🐱，讓我非常放心、安心的玩🥰下一次旅遊還會找妳！！', 5, '2023-10-05'),
(629, 629, 6, 3, '很感謝Amanda，在我旅遊的時間，照顧貓貓🐱，讓我非常放心、安心的玩🥰下一次旅遊還會找妳！！', 5, '2023-10-03'),
(630, 630, 6, 29, '寵物保姆對毛孩的照顧就像是家人一樣，真的太感謝了。', 5, '2023-10-04'),
(631, 631, 6, 48, '很感謝Amanda，在我旅遊的時間，照顧貓貓🐱，讓我非常放心、安心的玩🥰下一次旅遊還會找妳！！', 5, '2023-10-04'),
(632, 632, 7, 42, '很感謝Amanda，在我旅遊的時間，照顧貓貓🐱，讓我非常放心、安心的玩🥰下一次旅遊還會找妳！！', 5, '2023-09-16'),
(633, 633, 9, 40, '寵物保姆非常細心，每次外出都會即時分享照片和影片，真是太貼心了。', 5, '2023-10-06'),
(634, 634, 10, 7, '很感謝Amanda，在我旅遊的時間，照顧貓貓🐱，讓我非常放心、安心的玩🥰下一次旅遊還會找妳！！', 5, '2023-10-06'),
(635, 635, 10, 52, '很感謝Amanda，在我旅遊的時間，照顧貓貓🐱，讓我非常放心、安心的玩🥰下一次旅遊還會找妳！！', 5, '2023-10-06'),
(636, 636, 11, 30, '很感謝Amanda，在我旅遊的時間，照顧貓貓🐱，讓我非常放心、安心的玩🥰下一次旅遊還會找妳！！', 5, '2023-10-06'),
(637, 637, 12, 42, '很感謝Amanda，在我旅遊的時間，照顧貓貓🐱，讓我非常放心、安心的玩🥰下一次旅遊還會找妳！！', 4, '2023-10-06'),
(638, 638, 13, 38, '因臨時安排開刀，謝謝保姆百忙中願意接下我們的急單🥹，不但手腳俐落，也認真細心照顧毛孩', 5, '2023-10-06'),
(639, 639, 16, 3, '因臨時安排開刀，謝謝保姆百忙中願意接下我們的急單🥹，不但手腳俐落，也認真細心照顧毛孩', 1, '2023-10-06'),
(640, 640, 16, 48, '因臨時安排開刀，謝謝保姆百忙中願意接下我們的急單🥹，不但手腳俐落，也認真細心照顧毛孩', 2, '2023-10-06'),
(641, 641, 17, 37, '因臨時安排開刀，謝謝保姆百忙中願意接下我們的急單🥹，不但手腳俐落，也認真細心照顧毛孩', 5, '2023-10-06'),
(642, 642, 17, 38, '因臨時安排開刀，謝謝保姆百忙中願意接下我們的急單🥹，不但手腳俐落，也認真細心照顧毛孩', 5, '2023-10-06'),
(643, 643, 20, 18, '因臨時安排開刀，謝謝保姆百忙中願意接下我們的急單🥹，不但手腳俐落，也認真細心照顧毛孩', 5, '2023-10-06'),
(644, 644, 20, 38, '因臨時安排開刀，謝謝保姆百忙中願意接下我們的急單🥹，不但手腳俐落，也認真細心照顧毛孩', 5, '2023-10-06'),
(645, 645, 21, 26, '感謝她的無私愛心，讓我們的毛孩過得如此幸福。', 5, '2023-09-16'),
(646, 646, 24, 34, '寵物保母的服務超乎我們的期望，讓我們安心。', 5, '2023-09-16'),
(647, 647, 26, 1, '有愛心及耐心的寵物保姆，外出時有即時影片及照片讓我們放心，看著毛孩在保姆家開開心心，我們也放心', 5, '2023-09-16'),
(648, 648, 26, 5, '毛孩總是迫不及待地期待去保姆家，證明她一定對他很好。', 4, '2023-09-17'),
(649, 649, 26, 16, '第一次讓毛孩去外宿，感謝保姆讓他緩衝在哈哈媽媽家，真是貼心的安排。', 5, '2023-09-18'),
(650, 650, 28, 10, '因臨時安排開刀，謝謝保姆百忙中願意接下我們的急單🥹，不但手腳俐落，也認真細心照顧毛孩', 5, '2023-10-05'),
(651, 651, 29, 1, '她照顧毛孩的方式就像是自己的孩子一樣，我們感到溫暖。', 2, '2023-10-03'),
(652, 652, 29, 6, '因臨時安排開刀，謝謝保姆百忙中願意接下我們的急單🥹，不但手腳俐落，也認真細心照顧毛孩', 5, '2023-10-04'),
(653, 653, 30, 1, '我們的毛孩在保姆家過得太開心了，看得出保姆真的很有愛心。', 5, '2023-10-04'),
(654, 654, 30, 2, '因臨時安排開刀，謝謝保姆百忙中願意接下我們的急單🥹，不但手腳俐落，也認真細心照顧毛孩', 4, '2023-10-04'),
(655, 655, 30, 4, '因臨時安排開刀，謝謝保姆百忙中願意接下我們的急單🥹，不但手腳俐落，也認真細心照顧毛孩', 5, '2023-10-04'),
(656, 656, 30, 10, '因臨時安排開刀，謝謝保姆百忙中願意接下我們的急單🥹，不但手腳俐落，也認真細心照顧毛孩', 5, '2023-09-16'),
(657, 657, 30, 19, '因臨時安排開刀，謝謝保姆百忙中願意接下我們的急單🥹，不但手腳俐落，也認真細心照顧毛孩', 5, '2023-09-16');
INSERT INTO `mission_helper_reviews` (`review_id`, `request_id`, `user_id`, `helper_id`, `review_content`, `star_rating`, `review_date`) VALUES
(658, 658, 32, 10, '因臨時安排開刀，謝謝保姆百忙中願意接下我們的急單🥹，不但手腳俐落，也認真細心照顧毛孩', 3, '2023-09-16'),
(659, 659, 32, 25, '她的照顧方式就像是自己的孩子，我們感到非常幸福。', 5, '2023-10-06'),
(660, 660, 33, 1, '我家阿曼真的超愛哈媽和哈爸的，帶過去的時候看到哈爸頭也不回就跟著跑了，平時也黏著哈媽撒嬌', 5, '2023-10-05'),
(661, 661, 33, 15, '因臨時安排開刀，謝謝保姆百忙中願意接下我們的急單🥹，不但手腳俐落，也認真細心照顧毛孩', 5, '2023-10-03'),
(662, 662, 33, 23, '因臨時安排開刀，謝謝保姆百忙中願意接下我們的急單🥹，不但手腳俐落，也認真細心照顧毛孩', 5, '2023-10-04'),
(663, 663, 34, 6, '五毛媽照顧我家寶貝細心又貼心，到府服務還把寶貝跟家裡都顧的乾乾淨淨，真的是太棒了！', 2, '2023-10-04'),
(664, 664, 36, 16, '五毛媽照顧我家寶貝細心又貼心，到府服務還把寶貝跟家裡都顧的乾乾淨淨，真的是太棒了！', 5, '2023-09-16'),
(665, 665, 37, 19, '毛孩總是迫不及待地期待去保姆家，證明她一定對他很好。', 5, '2023-10-06'),
(666, 666, 38, 12, '五毛媽照顧我家寶貝細心又貼心，到府服務還把寶貝跟家裡都顧的乾乾淨淨，真的是太棒了！', 4, '2023-10-06'),
(667, 667, 39, 15, '五毛媽照顧我家寶貝細心又貼心，到府服務還把寶貝跟家裡都顧的乾乾淨淨，真的是太棒了！', 5, '2023-10-06'),
(668, 668, 40, 8, '五毛媽照顧我家寶貝細心又貼心，到府服務還把寶貝跟家裡都顧的乾乾淨淨，真的是太棒了！', 5, '2023-10-06'),
(669, 669, 41, 11, '五毛媽照顧我家寶貝細心又貼心，到府服務還把寶貝跟家裡都顧的乾乾淨淨，真的是太棒了！', 5, '2023-10-06'),
(670, 670, 42, 6, '五毛媽照顧我家寶貝細心又貼心，到府服務還把寶貝跟家裡都顧的乾乾淨淨，真的是太棒了！', 5, '2023-10-06'),
(671, 671, 43, 4, '五毛媽照顧我家寶貝細心又貼心，到府服務還把寶貝跟家裡都顧的乾乾淨淨，真的是太棒了！', 5, '2023-10-06'),
(672, 672, 45, 20, '五毛媽照顧我家寶貝細心又貼心，到府服務還把寶貝跟家裡都顧的乾乾淨淨，真的是太棒了！', 5, '2023-10-06'),
(673, 673, 1, 3, '五毛媽照顧我家寶貝細心又貼心，到府服務還把寶貝跟家裡都顧的乾乾淨淨，真的是太棒了！', 5, '2023-10-06'),
(674, 674, 2, 7, '五毛媽照顧我家寶貝細心又貼心，到府服務還把寶貝跟家裡都顧的乾乾淨淨，真的是太棒了！', 3, '2023-10-06'),
(676, 676, 3, 32, '五毛媽照顧我家寶貝細心又貼心，到府服務還把寶貝跟家裡都顧的乾乾淨淨，真的是太棒了！', 5, '2023-10-06'),
(677, 677, 6, 48, '五毛媽照顧我家寶貝細心又貼心，到府服務還把寶貝跟家裡都顧的乾乾淨淨，真的是太棒了！', 5, '2023-09-16'),
(678, 678, 7, 24, '她的服務使我們能夠享受生活，不必擔心寶貝。', 5, '2023-09-16'),
(679, 679, 7, 43, '每次回家，我的毛孩都充滿活力，這全因她的關愛。', 5, '2023-09-16'),
(680, 680, 10, 41, '保姆對毛孩的耐心和關愛讓我們感到非常感激。', 5, '2023-09-17'),
(681, 681, 12, 30, 'Renee很細心，也會充分的跟貓咪互動，貓咪本來很怕生，最後還會主動找他討摸！😍謝謝他的用心照顧！', 5, '2023-09-18'),
(682, 682, 14, 38, '五毛媽照顧我家寶貝細心又貼心，到府服務還把寶貝跟家裡都顧的乾乾淨淨，真的是太棒了！', 3, '2023-10-05'),
(683, 683, 18, 38, '五毛媽照顧我家寶貝細心又貼心，到府服務還把寶貝跟家裡都顧的乾乾淨淨，真的是太棒了！', 5, '2023-10-03'),
(684, 684, 21, 18, '五毛媽照顧我家寶貝細心又貼心，到府服務還把寶貝跟家裡都顧的乾乾淨淨，真的是太棒了！', 5, '2023-10-04'),
(685, 685, 22, 26, '五毛媽照顧我家寶貝細心又貼心，到府服務還把寶貝跟家裡都顧的乾乾淨淨，真的是太棒了！', 5, '2023-10-04'),
(686, 686, 26, 1, '服務非常周到，照顧貓小孩還有整理環境，回來時減少其他負擔。大力推薦！！', 5, '2023-10-04'),
(687, 687, 26, 5, '服務非常周到，照顧貓小孩還有整理環境，回來時減少其他負擔。大力推薦！！', 5, '2023-09-27'),
(688, 688, 26, 17, '服務非常周到，照顧貓小孩還有整理環境，回來時減少其他負擔。大力推薦！！', 4, '2023-09-28'),
(689, 689, 26, 21, '服務非常周到，照顧貓小孩還有整理環境，回來時減少其他負擔。大力推薦！！', 5, '2023-09-29'),
(690, 690, 27, 6, '服務非常周到，照顧貓小孩還有整理環境，回來時減少其他負擔。大力推薦！！', 3, '2023-09-30'),
(691, 691, 28, 10, '服務非常周到，照顧貓小孩還有整理環境，回來時減少其他負擔。大力推薦！！', 5, '2023-10-01'),
(692, 692, 29, 6, '第一次讓毛孩去外宿，感謝保姆讓他緩衝在哈哈媽媽家，真是貼心的安排。', 5, '2023-10-02'),
(693, 693, 29, 17, '服務非常周到，照顧貓小孩還有整理環境，回來時減少其他負擔。大力推薦！！', 5, '2023-10-03'),
(694, 694, 30, 1, 'Amanda是我外出時家裡毛小孩最妥帖的照護夥伴。感謝🙏', 5, '2023-10-04'),
(695, 695, 30, 2, '服務非常周到，照顧貓小孩還有整理環境，回來時減少其他負擔。大力推薦！！', 5, '2023-10-05'),
(696, 696, 30, 4, '服務非常周到，照顧貓小孩還有整理環境，回來時減少其他負擔。大力推薦！！', 5, '2023-09-16'),
(697, 697, 30, 11, '服務非常周到，照顧貓小孩還有整理環境，回來時減少其他負擔。大力推薦！！', 5, '2023-09-16'),
(698, 698, 30, 20, '服務非常周到，照顧貓小孩還有整理環境，回來時減少其他負擔。大力推薦！！', 5, '2023-09-16'),
(699, 699, 31, 2, '服務非常周到，照顧貓小孩還有整理環境，回來時減少其他負擔。大力推薦！！', 5, '2023-09-17'),
(701, 701, 33, 2, '服務非常周到，照顧貓小孩還有整理環境，回來時減少其他負擔。大力推薦！！', 5, '2023-09-19'),
(702, 702, 33, 10, '服務非常周到，照顧貓小孩還有整理環境，回來時減少其他負擔。大力推薦！！', 5, '2023-09-18'),
(703, 703, 33, 16, '感謝她的無私愛心，讓我們的毛孩過得如此幸福。', 5, '2023-10-03'),
(704, 704, 34, 24, '服務非常周到，照顧貓小孩還有整理環境，回來時減少其他負擔。大力推薦！！', 2, '2023-10-04'),
(705, 705, 35, 1, '第一次讓毛孩去外宿，感謝保姆讓他緩衝在哈哈媽媽家，真是貼心的安排。', 5, '2023-10-05'),
(706, 706, 38, 20, '服務非常周到，照顧貓小孩還有整理環境，回來時減少其他負擔。大力推薦！！', 5, '2023-10-03');

-- --------------------------------------------------------

--
-- 資料表結構 `mission_record`
--

CREATE TABLE `mission_record` (
  `record_id` int(10) UNSIGNED NOT NULL,
  `user_id` int(10) NOT NULL,
  `mission_id` int(10) NOT NULL,
  `job_date` date NOT NULL
) ENGINE=InnoDB DEFAULT CHARSET=utf8mb4 COLLATE=utf8mb4_unicode_ci;

--
-- 傾印資料表的資料 `mission_record`
--

INSERT INTO `mission_record` (`record_id`, `user_id`, `mission_id`, `job_date`) VALUES
(1, 1, 72, '2023-09-15'),
(2, 2, 2, '2023-09-15'),
(3, 3, 3, '2023-09-16'),
(4, 4, 4, '2023-09-16'),
(5, 5, 5, '2023-09-17'),
(6, 6, 6, '2023-09-17'),
(7, 7, 7, '2023-09-18'),
(8, 8, 8, '2023-09-18'),
(9, 9, 9, '2023-09-19'),
(10, 10, 10, '2023-09-19'),
(11, 11, 1, '2023-09-20'),
(12, 12, 2, '2023-09-20'),
(13, 13, 3, '2023-09-21'),
(14, 14, 4, '2023-09-21'),
(15, 15, 5, '2023-09-22'),
(16, 16, 6, '2023-09-22'),
(17, 17, 7, '2023-09-23'),
(18, 18, 8, '2023-09-23'),
(19, 19, 9, '2023-09-24'),
(20, 20, 10, '2023-09-24'),
(21, 21, 11, '2023-09-25'),
(22, 22, 12, '2023-09-25'),
(23, 23, 13, '2023-09-26'),
(24, 24, 14, '2023-09-26'),
(25, 25, 15, '2023-09-27'),
(26, 26, 16, '2023-09-27'),
(27, 27, 21, '2023-09-28'),
(28, 28, 18, '2023-09-28'),
(29, 29, 19, '2023-09-29'),
(30, 30, 20, '2023-09-29'),
(31, 31, 11, '2023-09-30'),
(32, 32, 12, '2023-09-30'),
(33, 33, 13, '2023-10-01'),
(34, 34, 14, '2023-10-01'),
(35, 35, 15, '2023-10-02'),
(36, 36, 16, '2023-10-02'),
(37, 37, 21, '2023-10-03'),
(38, 38, 18, '2023-10-03'),
(39, 39, 19, '2023-10-04'),
(40, 40, 20, '2023-10-04'),
(41, 41, 11, '2023-10-05'),
(42, 42, 12, '2023-10-05'),
(43, 43, 13, '2023-10-06'),
(44, 44, 14, '2023-10-06'),
(45, 45, 15, '2023-10-07'),
(46, 46, 16, '2023-10-07'),
(47, 47, 21, '2023-10-08'),
(48, 48, 18, '2023-10-08'),
(49, 49, 19, '2023-10-09'),
(50, 50, 20, '2023-10-09'),
(51, 51, 11, '2023-10-10'),
(52, 52, 12, '2023-10-10'),
(53, 53, 13, '2023-10-11'),
(54, 54, 14, '2023-10-11'),
(55, 55, 15, '2023-10-12'),
(56, 56, 16, '2023-10-12'),
(57, 57, 21, '2023-10-12'),
(58, 58, 18, '2023-10-12'),
(59, 59, 19, '2023-10-12'),
(60, 60, 20, '2023-10-12'),
(61, 61, 11, '2023-10-12'),
(62, 62, 12, '2023-10-12'),
(63, 63, 13, '2023-10-12'),
(64, 64, 14, '2023-10-13'),
(65, 65, 15, '2023-10-13'),
(66, 66, 16, '2023-10-13'),
(67, 67, 17, '2023-10-13'),
(68, 68, 18, '2023-10-13'),
(69, 69, 19, '2023-10-13'),
(70, 70, 20, '2023-10-13'),
(71, 71, 11, '2023-10-13'),
(72, 72, 12, '2023-10-13'),
(73, 73, 13, '2023-10-13'),
(74, 74, 14, '2023-10-13'),
(75, 75, 15, '2023-10-14'),
(76, 76, 16, '2023-10-14'),
(77, 77, 17, '2023-10-14'),
(78, 78, 18, '2023-10-14'),
(79, 79, 19, '2023-10-14'),
(80, 80, 20, '2023-10-14'),
(81, 1, 83, '2023-10-14'),
(82, 2, 12, '2023-10-14'),
(83, 3, 13, '2023-10-14'),
(84, 4, 14, '2023-10-15'),
(85, 5, 15, '2023-10-15'),
(86, 6, 16, '2023-10-15'),
(87, 7, 17, '2023-10-15'),
(88, 8, 18, '2023-10-15'),
(89, 9, 19, '2023-10-15'),
(90, 10, 20, '2023-10-15'),
(91, 11, 21, '2023-10-15'),
(92, 12, 22, '2023-10-15'),
(93, 13, 23, '2023-10-15'),
(94, 14, 24, '2023-10-15'),
(95, 15, 25, '2023-10-15'),
(96, 16, 26, '2023-10-15'),
(97, 17, 27, '2023-10-15'),
(98, 18, 28, '2023-10-16'),
(99, 19, 29, '2023-10-16'),
(100, 20, 30, '2023-10-16'),
(101, 21, 31, '2023-10-16'),
(102, 22, 32, '2023-10-16'),
(103, 23, 33, '2023-10-16'),
(104, 24, 34, '2023-10-16'),
(105, 25, 35, '2023-10-16'),
(106, 26, 36, '2023-10-16'),
(107, 27, 37, '2023-10-16'),
(108, 28, 38, '2023-10-16'),
(109, 29, 39, '2023-10-16'),
(110, 30, 40, '2023-10-16'),
(111, 31, 41, '2023-10-16'),
(112, 32, 42, '2023-10-17'),
(113, 33, 43, '2023-10-17'),
(114, 34, 44, '2023-10-17'),
(115, 35, 45, '2023-10-17'),
(116, 36, 46, '2023-10-17'),
(117, 37, 47, '2023-10-17'),
(118, 38, 48, '2023-10-17'),
(119, 39, 49, '2023-10-18'),
(120, 40, 50, '2023-10-18'),
(121, 41, 51, '2023-10-18'),
(122, 42, 52, '2023-10-18'),
(123, 43, 53, '2023-10-18'),
(124, 44, 54, '2023-10-18'),
(125, 45, 55, '2023-10-18'),
(126, 46, 56, '2023-10-19'),
(127, 47, 57, '2023-10-19'),
(128, 48, 58, '2023-10-19'),
(129, 49, 59, '2023-10-19'),
(130, 50, 60, '2023-10-19'),
(131, 51, 61, '2023-10-19'),
(132, 52, 62, '2023-10-19'),
(133, 53, 63, '2023-10-19'),
(134, 54, 64, '2023-10-20'),
(135, 55, 65, '2023-10-20'),
(136, 56, 66, '2023-10-20'),
(137, 57, 67, '2023-10-20'),
(138, 58, 68, '2023-10-20'),
(139, 59, 69, '2023-10-20'),
(140, 60, 70, '2023-10-20'),
(141, 61, 51, '2023-10-20'),
(142, 62, 52, '2023-10-21'),
(143, 63, 53, '2023-10-21'),
(144, 64, 54, '2023-10-21'),
(145, 65, 55, '2023-10-21'),
(146, 66, 56, '2023-10-21'),
(147, 67, 57, '2023-10-21'),
(148, 68, 58, '2023-10-21'),
(149, 69, 59, '2023-10-21'),
(150, 70, 60, '2023-10-21'),
(151, 71, 61, '2023-10-21'),
(152, 72, 62, '2023-10-22'),
(153, 73, 63, '2023-10-22'),
(154, 74, 64, '2023-10-22'),
(155, 75, 65, '2023-10-23'),
(156, 76, 66, '2023-10-23'),
(157, 77, 67, '2023-10-23'),
(158, 78, 68, '2023-10-24'),
(159, 79, 69, '2023-10-24'),
(160, 80, 70, '2023-10-25'),
(161, 80, 100, '2023-10-25');

-- --------------------------------------------------------

--
-- 資料表結構 `mission_req_orders`
--

CREATE TABLE `mission_req_orders` (
  `case_id` int(11) NOT NULL,
  `oid` varchar(100) NOT NULL,
  `customer_userId` int(50) NOT NULL,
  `start_day` date NOT NULL,
  `end_day` date NOT NULL,
  `pet_info_id` int(50) NOT NULL,
  `helper_userId` int(50) NOT NULL,
  `service_type` varchar(10) NOT NULL COMMENT '預約的項目',
  `service_time` int(10) NOT NULL DEFAULT 1 COMMENT '一次服務多久，預設一',
  `frequency` int(10) NOT NULL DEFAULT 1 COMMENT '一天幾次',
  `note` varchar(255) NOT NULL,
  `location` varchar(255) NOT NULL,
  `subtotal_price` int(10) NOT NULL,
  `total_price` int(10) NOT NULL,
  `status` int(10) NOT NULL DEFAULT 1 COMMENT '1=待處理，2=處理中，3=已完成，4=已取消',
  `created_at` date NOT NULL DEFAULT current_timestamp()
) ENGINE=InnoDB DEFAULT CHARSET=utf8mb4 COLLATE=utf8mb4_general_ci;

--
-- 傾印資料表的資料 `mission_req_orders`
--

INSERT INTO `mission_req_orders` (`case_id`, `oid`, `customer_userId`, `start_day`, `end_day`, `pet_info_id`, `helper_userId`, `service_type`, `service_time`, `frequency`, `note`, `location`, `subtotal_price`, `total_price`, `status`, `created_at`) VALUES
(1, 'HJX2549340', 1, '2023-01-25', '2023-01-26', 1, 3, 'feed', 1, 1, '飯後要吃藥', '台北市大安區忠孝東路一段123號', 400, 800, 1, '2023-01-22'),
(2, 'HJX2549507', 1, '2023-01-25', '2023-01-26', 1, 24, 'house', 1, 1, '記得清貓砂', '嘉義市東區光覆路二段56號', 400, 800, 3, '2023-01-22'),
(3, 'HJX2549647', 2, '2023-01-25', '2023-01-26', 2, 31, 'beauty', 2, 2, '罐頭一次50公克', '花蓮縣光覆鄉文明路七段234號', 600, 4800, 4, '2023-01-22'),
(4, 'HJX2549479', 4, '2023-01-25', '2023-01-26', 4, 18, 'feed', 1, 3, '飲水機的水要幫我換一下', '台南市安南區中正路七段234號', 450, 2700, 2, '2023-01-22'),
(5, 'HJX2549619', 6, '2023-01-25', '2023-01-26', 6, 38, 'house', 1, 1, '記得清貓砂', '台東縣卑南鄉民權路九段456號', 450, 900, 1, '2023-01-22'),
(6, 'HJX2549591', 7, '2023-01-25', '2023-01-26', 7, 30, 'feed', 1, 2, '罐頭一次50公克', '新竹市北區民主路九段456號', 500, 2000, 1, '2023-01-22'),
(7, 'HJX2549451', 10, '2023-01-25', '2023-01-26', 10, 7, 'feed', 2, 2, '罐頭一次50公克', '高雄市前鎮區自強路一段234號', 600, 4800, 3, '2023-01-22'),
(8, 'HJX2549563', 10, '2023-01-25', '2023-01-26', 10, 52, 'beauty', 2, 2, '飲水機的水要幫我換一下', '花蓮縣瑞穗鄉和平路三段789號', 800, 6400, 3, '2023-01-22'),
(9, 'HJX2549759', 13, '2023-01-25', '2023-01-26', 13, 42, 'beauty', 2, 1, '罐頭一次50公克', '南投縣竹山鎮中正路九段456號', 800, 3200, 3, '2023-01-22'),
(10, 'HJX2549368', 17, '2023-01-25', '2023-01-26', 17, 3, 'house', 1, 1, '記得清貓砂', '新北市板橋區民權路三段789號', 450, 900, 4, '2023-01-22'),
(11, 'HJX2549731', 17, '2023-01-25', '2023-01-26', 17, 48, 'feed', 1, 2, '記得清貓砂', '彰化縣鹿港鎮南崁路一段234號', 500, 2000, 3, '2023-01-22'),
(12, 'HJX2549535', 18, '2023-01-25', '2023-01-26', 18, 37, 'house', 2, 2, '記得清貓砂', '台東縣長賓鄉長賓路五段456號', 500, 4000, 3, '2023-01-22'),
(13, 'HJX2549703', 21, '2023-01-25', '2023-01-26', 21, 48, 'feed', 1, 1, '飯後要吃藥', '苗栗縣苑里鎮中山路五段456號', 400, 800, 3, '2023-01-22'),
(14, 'HJX2549675', 25, '2023-01-25', '2023-01-26', 25, 35, 'feed', 1, 2, '飲水機的水要幫我換一下', '南投縣竹山鎮中正路九段456號', 450, 1800, 3, '2023-01-22'),
(15, 'HJX2549770', 26, '2023-01-25', '2023-01-26', 26, 1, 'feed', 1, 1, '飯後要吃藥', '台北市大安區忠孝東路一段123號', 400, 800, 3, '2023-01-23'),
(16, 'HJX2549994', 27, '2023-01-25', '2023-01-26', 27, 6, 'house', 1, 1, '記得清貓砂', '台東縣卑南鄉民權路九段456號', 450, 900, 1, '2023-01-23'),
(17, 'HJX2549910', 27, '2023-01-25', '2023-01-26', 27, 18, 'house', 2, 2, '記得清貓砂', '台東縣長賓鄉長賓路五段456號', 500, 4000, 3, '2023-01-23'),
(18, 'HJX2549826', 28, '2023-01-25', '2023-01-26', 28, 10, 'feed', 2, 2, '罐頭一次50公克', '高雄市前鎮區自強路一段234號', 600, 4800, 3, '2023-01-23'),
(19, 'HJX2549854', 30, '2023-01-25', '2023-01-26', 30, 4, 'feed', 1, 3, '飲水機的水要幫我換一下', '台南市安南區中正路七段234號', 450, 2700, 2, '2023-01-23'),
(20, 'HJX2549966', 30, '2023-01-25', '2023-01-26', 30, 7, 'feed', 1, 2, '罐頭一次50公克', '新竹市北區民主路九段456號', 500, 2000, 1, '2023-01-23'),
(21, 'HJX2550022', 31, '2023-01-25', '2023-01-26', 31, 2, 'beauty', 2, 2, '罐頭一次50公克', '花蓮縣光覆鄉文明路七段234號', 600, 4800, 4, '2023-01-23'),
(22, 'HJX2549882', 33, '2023-01-25', '2023-01-26', 33, 1, 'house', 1, 1, '記得清貓砂', '嘉義市東區光覆路二段56號', 400, 800, 3, '2023-01-23'),
(23, 'HJX2549798', 33, '2023-01-25', '2023-01-26', 33, 17, 'house', 1, 1, '記得清貓砂', '新北市板橋區民權路三段789號', 450, 900, 4, '2023-01-23'),
(24, 'HJX2549938', 34, '2023-01-25', '2023-01-26', 34, 10, 'beauty', 2, 2, '飲水機的水要幫我換一下', '花蓮縣瑞穗鄉和平路三段789號', 800, 6400, 3, '2023-01-23'),
(25, 'HJX2550050', 35, '2023-01-25', '2023-01-26', 35, 25, 'feed', 1, 2, '飲水機的水要幫我換一下', '南投縣竹山鎮中正路九段456號', 450, 1800, 3, '2023-01-23'),
(26, 'HJX2550078', 39, '2023-01-25', '2023-01-26', 39, 21, 'feed', 1, 1, '飯後要吃藥', '苗栗縣苑里鎮中山路五段456號', 400, 800, 3, '2023-01-23'),
(27, 'HJX2550106', 40, '2023-01-25', '2023-01-26', 40, 17, 'feed', 1, 2, '記得清貓砂', '彰化縣鹿港鎮南崁路一段234號', 500, 2000, 3, '2023-01-23'),
(28, 'HJX2550134', 42, '2023-01-25', '2023-01-26', 42, 13, 'beauty', 2, 1, '罐頭一次50公克', '南投縣竹山鎮中正路九段456號', 800, 3200, 3, '2023-01-23'),
(29, 'HJX2549341', 1, '2023-02-26', '2023-02-28', 1, 3, 'feed', 1, 1, '飯後要吃藥', '新北市三重區重新路五段456號', 400, 1200, 2, '2023-02-23'),
(30, 'HJX2549508', 1, '2023-02-26', '2023-02-28', 1, 24, 'beauty', 1, 1, '記得清貓砂', '台東縣台東市建國路八段789號', 400, 1200, 3, '2023-02-23'),
(31, 'HJX2549676', 1, '2023-02-26', '2023-02-28', 1, 36, 'feed', 1, 2, '飲水機的水要幫我換一下', '高雄市左營區自由路四段123號', 450, 2700, 3, '2023-02-23'),
(32, 'HJX2549648', 3, '2023-02-26', '2023-02-28', 3, 32, 'beauty', 2, 2, '罐頭一次50公克', '澎湖縣西嶼鄉中山路八段123號', 600, 7200, 4, '2023-02-23'),
(33, 'HJX2549480', 5, '2023-02-26', '2023-02-28', 5, 18, 'feed', 1, 3, '飲水機的水要幫我換一下', '基隆市信義區信義路八段123號', 450, 4050, 2, '2023-02-23'),
(34, 'HJX2549620', 6, '2023-02-26', '2023-02-28', 6, 38, 'house', 1, 1, '記得清貓砂', '花蓮縣吉安鄉中山路十段789號', 450, 1350, 1, '2023-02-23'),
(35, 'HJX2549592', 7, '2023-02-26', '2023-02-28', 7, 30, 'feed', 1, 2, '飲水機的水要幫我換一下', '宜蘭縣頭城鎮民生路十段789號', 500, 3000, 1, '2023-02-23'),
(36, 'HJX2549452', 10, '2023-02-26', '2023-02-28', 10, 7, 'feed', 2, 2, '罐頭一次50公克', '台中市北區北平路二段56號', 800, 9600, 3, '2023-02-23'),
(37, 'HJX2549564', 10, '2023-02-26', '2023-02-28', 10, 52, 'beauty', 2, 2, '飲水機的水要幫我換一下', '澎湖縣湖南鄉湖南路四段123號', 800, 9600, 3, '2023-02-23'),
(38, 'HJX2549760', 14, '2023-02-26', '2023-02-28', 14, 43, 'beauty', 2, 1, '飲水機的水要幫我換一下', '雲林縣土庫鎮文化路十段789號', 800, 4800, 3, '2023-02-23'),
(39, 'HJX2549369', 18, '2023-02-26', '2023-02-28', 18, 3, 'house', 1, 2, '記得清貓砂', '高雄市左營區自由路四段123號', 450, 2700, 4, '2023-02-23'),
(40, 'HJX2549732', 18, '2023-02-26', '2023-02-28', 18, 48, 'feed', 2, 2, '記得清貓砂', '南投縣仁愛鄉興國路二段56號', 500, 6000, 3, '2023-02-23'),
(41, 'HJX2549536', 19, '2023-02-26', '2023-02-28', 19, 37, 'house', 2, 2, '記得清貓砂', '花蓮縣豐濱鄉豐濱路六段789號', 500, 6000, 3, '2023-02-23'),
(42, 'HJX2549704', 22, '2023-02-26', '2023-02-28', 22, 48, 'house', 1, 1, '飯後要吃藥', '彰化縣大村鄉文化路六段123號', 400, 1200, 3, '2023-02-23'),
(43, 'HJX2549771', 26, '2023-02-26', '2023-02-28', 26, 1, 'feed', 1, 1, '飯後要吃藥', '新北市三重區重新路五段456號', 400, 1200, 3, '2023-02-24'),
(44, 'HJX2549911', 27, '2023-02-26', '2023-02-28', 27, 19, 'house', 2, 2, '記得清貓砂', '花蓮縣豐濱鄉豐濱路六段789號', 500, 6000, 3, '2023-02-24'),
(45, 'HJX2549995', 28, '2023-02-26', '2023-02-28', 28, 6, 'house', 1, 1, '記得清貓砂', '花蓮縣吉安鄉中山路十段789號', 450, 1350, 1, '2023-02-24'),
(46, 'HJX2549827', 29, '2023-02-26', '2023-02-28', 29, 10, 'feed', 2, 2, '罐頭一次50公克', '台中市北區北平路二段56號', 800, 9600, 3, '2023-02-24'),
(47, 'HJX2549855', 30, '2023-02-26', '2023-02-28', 30, 5, 'feed', 1, 3, '飲水機的水要幫我換一下', '基隆市信義區信義路八段123號', 450, 4050, 2, '2023-02-24'),
(48, 'HJX2549967', 30, '2023-02-26', '2023-02-28', 30, 7, 'feed', 1, 2, '飲水機的水要幫我換一下', '宜蘭縣頭城鎮民生路十段789號', 500, 3000, 1, '2023-02-24'),
(49, 'HJX2550023', 32, '2023-02-26', '2023-02-28', 32, 3, 'beauty', 2, 2, '罐頭一次50公克', '澎湖縣西嶼鄉中山路八段123號', 600, 7200, 4, '2023-02-24'),
(50, 'HJX2549883', 33, '2023-02-26', '2023-02-28', 33, 1, 'beauty', 1, 1, '記得清貓砂', '台東縣台東市建國路八段789號', 400, 1200, 3, '2023-02-24'),
(51, 'HJX2549799', 33, '2023-02-26', '2023-02-28', 33, 18, 'house', 1, 2, '記得清貓砂', '高雄市左營區自由路四段123號', 450, 2700, 4, '2023-02-24'),
(52, 'HJX2549939', 35, '2023-02-26', '2023-02-28', 35, 10, 'beauty', 2, 2, '飲水機的水要幫我換一下', '澎湖縣湖南鄉湖南路四段123號', 800, 9600, 3, '2023-02-24'),
(53, 'HJX2550051', 36, '2023-02-26', '2023-02-28', 36, 1, 'feed', 1, 2, '飲水機的水要幫我換一下', '高雄市左營區自由路四段123號', 450, 2700, 3, '2023-02-24'),
(54, 'HJX2550079', 39, '2023-02-26', '2023-02-28', 39, 22, 'house', 1, 1, '飯後要吃藥', '彰化縣大村鄉文化路六段123號', 400, 1200, 3, '2023-02-24'),
(55, 'HJX2550107', 41, '2023-02-26', '2023-02-28', 41, 18, 'feed', 2, 2, '記得清貓砂', '南投縣仁愛鄉興國路二段56號', 500, 6000, 3, '2023-02-24'),
(56, 'HJX2550135', 43, '2023-02-26', '2023-02-28', 43, 14, 'beauty', 2, 1, '飲水機的水要幫我換一下', '雲林縣土庫鎮文化路十段789號', 800, 4800, 3, '2023-02-24'),
(57, 'HJX2549383', 2, '2023-09-25', '2023-09-28', 2, 7, 'house', 2, 2, '記得清貓砂', '基隆市中山區中山路八段123號', 600, 9600, 3, '2023-09-22'),
(58, 'HJX2549550', 3, '2023-09-25', '2023-09-28', 3, 52, 'feed', 2, 2, '罐頭一次50公克', '新北市新莊區和平路十段789號', 600, 9600, 3, '2023-09-22'),
(59, 'HJX2549746', 5, '2023-09-25', '2023-09-28', 5, 34, 'beauty', 2, 2, '罐頭一次50公克', '台東縣海端鄉中正路六段789號', 600, 9600, 4, '2023-09-22'),
(60, 'HJX2549718', 6, '2023-09-25', '2023-09-28', 6, 48, 'house', 1, 1, '記得清貓砂', '嘉義市西區西門路八段123號', 450, 1800, 1, '2023-09-22'),
(61, 'HJX2549355', 8, '2023-09-25', '2023-09-28', 8, 3, 'beauty', 1, 1, '記得清貓砂', '澎湖縣馬公市和平路十段234號', 450, 1800, 3, '2023-09-22'),
(62, 'HJX2549690', 8, '2023-09-25', '2023-09-28', 8, 26, 'house', 1, 2, '罐頭一次50公克', '基隆市中山區中山路八段123號', 500, 4000, 1, '2023-09-22'),
(63, 'HJX2549522', 9, '2023-09-25', '2023-09-28', 9, 24, 'house', 1, 1, '記得清貓砂', '台北市中正區中山南路二段56號', 450, 1800, 1, '2023-09-22'),
(64, 'HJX2549662', 12, '2023-09-25', '2023-09-28', 12, 42, 'beauty', 2, 1, '罐頭一次50公克', '台東縣池上鄉新光路二段56號', 800, 6400, 3, '2023-09-22'),
(65, 'HJX2549494', 14, '2023-09-25', '2023-09-28', 14, 28, 'feed', 1, 2, '飲水機的水要幫我換一下', '彰化縣二林鎮中山路二段56號', 500, 4000, 1, '2023-09-22'),
(66, 'HJX2549634', 16, '2023-09-25', '2023-09-28', 16, 38, 'feed', 2, 2, '罐頭一次50公克', '嘉義市北區中華路四段123號', 500, 8000, 3, '2023-09-22'),
(67, 'HJX2549606', 20, '2023-09-25', '2023-09-28', 20, 38, 'house', 1, 1, '飯後要吃藥', '雲林縣鬥南鎮仁愛路七段234號', 400, 1600, 3, '2023-09-22'),
(68, 'HJX2549466', 23, '2023-09-25', '2023-09-28', 23, 18, 'beauty', 2, 2, '飲水機的水要幫我換一下', '新北市新莊區和平路十段789號', 800, 12800, 3, '2023-09-22'),
(69, 'HJX2549578', 24, '2023-09-25', '2023-09-28', 24, 26, 'feed', 1, 3, '飲水機的水要幫我換一下', '桃園市桃園區和平路六段789號', 450, 5400, 2, '2023-09-22'),
(70, 'HJX2549439', 3, '2023-09-26', '2023-09-29', 3, 7, 'house', 2, 2, '記得清貓砂', '新竹市北區民主路九段456號', 600, 9600, 3, '2023-09-23'),
(71, 'HJX2549551', 4, '2023-09-26', '2023-09-29', 4, 52, 'feed', 2, 2, '罐頭一次50公克', '高雄市前鎮區自強路一段234號', 600, 9600, 3, '2023-09-23'),
(72, 'HJX2549747', 6, '2023-09-26', '2023-09-29', 6, 35, 'beauty', 2, 2, '罐頭一次50公克', '花蓮縣光覆鄉文明路七段234號', 600, 9600, 4, '2023-09-23'),
(73, 'HJX2549719', 7, '2023-09-26', '2023-09-29', 7, 48, 'house', 1, 1, '記得清貓砂', '台東縣卑南鄉民權路九段456號', 450, 1800, 1, '2023-09-23'),
(74, 'HJX2549356', 9, '2023-09-26', '2023-09-29', 9, 3, 'beauty', 1, 1, '記得清貓砂', '基隆市仁愛區中正路一段56號', 450, 1800, 3, '2023-09-23'),
(75, 'HJX2549691', 9, '2023-09-26', '2023-09-29', 9, 27, 'feed', 1, 2, '罐頭一次50公克', '新竹市北區民主路九段456號', 500, 4000, 1, '2023-09-23'),
(76, 'HJX2549523', 10, '2023-09-26', '2023-09-29', 10, 24, 'house', 1, 1, '記得清貓砂', '新北市板橋區民權路三段789號', 450, 1800, 4, '2023-09-23'),
(77, 'HJX2549663', 13, '2023-09-26', '2023-09-29', 13, 42, 'beauty', 2, 2, '飲水機的水要幫我換一下', '花蓮縣瑞穗鄉和平路三段789號', 800, 12800, 3, '2023-09-23'),
(78, 'HJX2549495', 15, '2023-09-26', '2023-09-29', 15, 28, 'feed', 1, 1, '飯後要吃藥', '台北市大安區忠孝東路一段123號', 400, 1600, 1, '2023-09-23'),
(79, 'HJX2549635', 17, '2023-09-26', '2023-09-29', 17, 38, 'house', 2, 2, '記得清貓砂', '台東縣長賓鄉長賓路五段456號', 500, 8000, 3, '2023-09-23'),
(80, 'HJX2549607', 21, '2023-09-26', '2023-09-29', 21, 38, 'house', 1, 1, '記得清貓砂', '嘉義市東區光覆路二段56號', 400, 1600, 3, '2023-09-23'),
(81, 'HJX2549467', 24, '2023-09-26', '2023-09-29', 24, 18, 'beauty', 2, 2, '飲水機的水要幫我換一下', '高雄市前鎮區自強路一段234號', 800, 12800, 3, '2023-09-23'),
(82, 'HJX2549579', 25, '2023-09-26', '2023-09-29', 25, 26, 'feed', 1, 3, '飲水機的水要幫我換一下', '台南市安南區中正路七段234號', 450, 5400, 2, '2023-09-23'),
(83, 'HJX2549785', 26, '2023-09-25', '2023-09-28', 26, 8, 'beauty', 1, 1, '記得清貓砂', '澎湖縣馬公市和平路十段234號', 450, 1800, 3, '2023-09-23'),
(84, 'HJX2550065', 26, '2023-09-25', '2023-09-28', 26, 8, 'house', 1, 2, '罐頭一次50公克', '基隆市中山區中山路八段123號', 500, 4000, 1, '2023-09-23'),
(85, 'HJX2549953', 26, '2023-09-25', '2023-09-28', 26, 24, 'feed', 1, 3, '飲水機的水要幫我換一下', '桃園市桃園區和平路六段789號', 450, 5400, 2, '2023-09-23'),
(86, 'HJX2549869', 28, '2023-09-25', '2023-09-28', 28, 14, 'feed', 1, 2, '飲水機的水要幫我換一下', '彰化縣二林鎮中山路二段56號', 500, 4000, 1, '2023-09-23'),
(87, 'HJX2550093', 30, '2023-09-25', '2023-09-28', 30, 6, 'house', 1, 1, '記得清貓砂', '嘉義市西區西門路八段123號', 450, 1800, 1, '2023-09-23'),
(88, 'HJX2549841', 30, '2023-09-25', '2023-09-28', 30, 23, 'beauty', 2, 2, '飲水機的水要幫我換一下', '新北市新莊區和平路十段789號', 800, 12800, 3, '2023-09-23'),
(89, 'HJX2549925', 32, '2023-09-25', '2023-09-28', 32, 3, 'feed', 2, 2, '罐頭一次50公克', '新北市新莊區和平路十段789號', 600, 9600, 3, '2023-09-23'),
(90, 'HJX2549981', 32, '2023-09-25', '2023-09-28', 32, 20, 'house', 1, 1, '飯後要吃藥', '雲林縣鬥南鎮仁愛路七段234號', 400, 1600, 3, '2023-09-23'),
(91, 'HJX2549813', 33, '2023-09-25', '2023-09-28', 33, 2, 'house', 2, 2, '記得清貓砂', '基隆市中山區中山路八段123號', 600, 9600, 3, '2023-09-23'),
(92, 'HJX2550121', 34, '2023-09-25', '2023-09-28', 34, 5, 'beauty', 2, 2, '罐頭一次50公克', '台東縣海端鄉中正路六段789號', 600, 9600, 4, '2023-09-23'),
(93, 'HJX2549897', 38, '2023-09-25', '2023-09-28', 38, 9, 'house', 1, 1, '記得清貓砂', '台北市中正區中山南路二段56號', 450, 1800, 1, '2023-09-23'),
(94, 'HJX2550009', 40, '2023-09-25', '2023-09-28', 40, 16, 'feed', 2, 2, '罐頭一次50公克', '嘉義市北區中華路四段123號', 500, 8000, 3, '2023-09-23'),
(95, 'HJX2550037', 42, '2023-09-25', '2023-09-28', 42, 12, 'beauty', 2, 1, '罐頭一次50公克', '台東縣池上鄉新光路二段56號', 800, 6400, 3, '2023-09-23'),
(96, 'HJX2549342', 1, '2023-09-27', '2023-09-28', 1, 3, 'feed', 1, 1, '記得清貓砂', '高雄市鼓山區明誠路78號', 400, 800, 2, '2023-09-24'),
(97, 'HJX2549580', 1, '2023-09-27', '2023-09-30', 1, 27, 'feed', 1, 3, '飲水機的水要幫我換一下', '基隆市信義區信義路八段123號', 450, 5400, 2, '2023-09-24'),
(98, 'HJX2549677', 1, '2023-09-27', '2023-09-28', 1, 37, 'feed', 1, 3, '飲水機的水要幫我換一下', '台中市北區中清路五段456號', 450, 2700, 3, '2023-09-24'),
(99, 'HJX2549509', 2, '2023-09-27', '2023-09-28', 2, 24, 'beauty', 1, 1, '記得清貓砂', '花蓮縣花蓮市民族路九段123號', 450, 900, 3, '2023-09-24'),
(100, 'HJX2549440', 4, '2023-09-27', '2023-09-30', 4, 7, 'house', 2, 2, '記得清貓砂', '宜蘭縣頭城鎮民生路十段789號', 600, 9600, 3, '2023-09-24'),
(101, 'HJX2549649', 4, '2023-09-27', '2023-09-28', 4, 33, 'feed', 2, 2, '罐頭一次50公克', '台北市大同區民族西路九段456號', 600, 4800, 3, '2023-09-24'),
(102, 'HJX2549552', 4, '2023-09-27', '2023-09-30', 4, 52, 'feed', 2, 2, '罐頭一次50公克', '台中市北區北平路二段56號', 800, 12800, 3, '2023-09-24'),
(103, 'HJX2549481', 6, '2023-09-27', '2023-09-28', 6, 18, 'beauty', 1, 3, '飲水機的水要幫我換一下', '新竹市香山區香山路九段456號', 450, 2700, 2, '2023-09-24'),
(104, 'HJX2549748', 6, '2023-09-27', '2023-09-30', 6, 36, 'beauty', 2, 2, '罐頭一次50公克', '澎湖縣西嶼鄉中山路八段123號', 600, 9600, 4, '2023-09-24'),
(105, 'HJX2549621', 6, '2023-09-27', '2023-09-28', 6, 38, 'house', 1, 1, '記得清貓砂', '澎湖縣湖西鄉湖西路一段234號', 450, 900, 1, '2023-09-24'),
(106, 'HJX2549593', 7, '2023-09-27', '2023-09-28', 7, 38, 'house', 1, 2, '飲水機的水要幫我換一下', '苗栗縣後龍鎮文學路一段234號', 500, 2000, 1, '2023-09-24'),
(107, 'HJX2549720', 7, '2023-09-27', '2023-09-30', 7, 48, 'house', 1, 1, '記得清貓砂', '花蓮縣吉安鄉中山路十段789號', 450, 1800, 1, '2023-09-24'),
(108, 'HJX2549357', 10, '2023-09-27', '2023-09-30', 10, 3, 'beauty', 1, 1, '記得清貓砂', '新竹市東區南大路二段789號', 450, 1800, 3, '2023-09-24'),
(109, 'HJX2549453', 10, '2023-09-27', '2023-09-28', 10, 7, 'feed', 2, 2, '罐頭一次50公克', '桃園市中壢區民主路三段789號', 800, 6400, 3, '2023-09-24'),
(110, 'HJX2549524', 10, '2023-09-27', '2023-09-30', 10, 24, 'house', 1, 2, '記得清貓砂', '高雄市左營區自由路四段123號', 450, 3600, 4, '2023-09-24'),
(111, 'HJX2549692', 10, '2023-09-27', '2023-09-30', 10, 28, 'feed', 1, 2, '飲水機的水要幫我換一下', '宜蘭縣頭城鎮民生路十段789號', 500, 4000, 1, '2023-09-24'),
(112, 'HJX2549565', 11, '2023-09-27', '2023-09-28', 11, 52, 'beauty', 2, 2, '飲水機的水要幫我換一下', '台北市大同區民族西路九段456號', 800, 6400, 3, '2023-09-24'),
(113, 'HJX2549664', 14, '2023-09-27', '2023-09-30', 14, 43, 'beauty', 2, 2, '飲水機的水要幫我換一下', '澎湖縣湖南鄉湖南路四段123號', 800, 12800, 3, '2023-09-24'),
(114, 'HJX2549761', 15, '2023-09-27', '2023-09-28', 15, 44, 'beauty', 2, 1, '罐頭一次50公克', '嘉義市西區自由路一段234號', 800, 3200, 3, '2023-09-24'),
(115, 'HJX2549496', 16, '2023-09-27', '2023-09-30', 16, 28, 'feed', 1, 1, '飯後要吃藥', '新北市三重區重新路五段456號', 400, 1600, 2, '2023-09-24'),
(116, 'HJX2549636', 18, '2023-09-27', '2023-09-30', 18, 38, 'house', 2, 2, '記得清貓砂', '花蓮縣豐濱鄉豐濱路六段789號', 500, 8000, 3, '2023-09-24'),
(117, 'HJX2549370', 19, '2023-09-27', '2023-09-28', 19, 7, 'feed', 1, 1, '記得清貓砂', '台中市北區中清路五段456號', 500, 1000, 4, '2023-09-24'),
(118, 'HJX2549733', 19, '2023-09-27', '2023-09-28', 19, 48, 'feed', 2, 2, '記得清貓砂', '雲林縣虎尾鎮新光路三段789號', 500, 4000, 3, '2023-09-24'),
(119, 'HJX2549537', 20, '2023-09-27', '2023-09-28', 20, 37, 'house', 2, 2, '記得清貓砂', '澎湖縣望安鄉望安路七段234號', 500, 4000, 3, '2023-09-24'),
(120, 'HJX2549608', 22, '2023-09-27', '2023-09-30', 22, 38, 'beauty', 1, 1, '記得清貓砂', '台東縣台東市建國路八段789號', 400, 1600, 3, '2023-09-24'),
(121, 'HJX2549705', 23, '2023-09-27', '2023-09-28', 23, 48, 'house', 1, 1, '飯後要吃藥', '南投縣南投市民族路三段789號', 400, 800, 3, '2023-09-24'),
(122, 'HJX2549468', 25, '2023-09-27', '2023-09-30', 25, 18, 'beauty', 1, 2, '飲水機的水要幫我換一下', '台中市北區北平路二段56號', 800, 6400, 3, '2023-09-24'),
(123, 'HJX2549786', 26, '2023-09-26', '2023-09-29', 26, 9, 'beauty', 1, 1, '記得清貓砂', '基隆市仁愛區中正路一段56號', 450, 1800, 3, '2023-09-24'),
(124, 'HJX2549954', 26, '2023-09-26', '2023-09-29', 26, 25, 'feed', 1, 3, '飲水機的水要幫我換一下', '台南市安南區中正路七段234號', 450, 5400, 2, '2023-09-24'),
(125, 'HJX2550066', 27, '2023-09-26', '2023-09-29', 27, 9, 'feed', 1, 2, '罐頭一次50公克', '新竹市北區民主路九段456號', 500, 4000, 1, '2023-09-24'),
(126, 'HJX2549870', 28, '2023-09-26', '2023-09-29', 28, 15, 'feed', 1, 1, '飯後要吃藥', '台北市大安區忠孝東路一段123號', 400, 1600, 1, '2023-09-24'),
(127, 'HJX2549842', 30, '2023-09-26', '2023-09-29', 30, 24, 'beauty', 2, 2, '飲水機的水要幫我換一下', '高雄市前鎮區自強路一段234號', 800, 12800, 3, '2023-09-24'),
(128, 'HJX2550094', 31, '2023-09-26', '2023-09-29', 31, 7, 'house', 1, 1, '記得清貓砂', '台東縣卑南鄉民權路九段456號', 450, 1800, 1, '2023-09-24'),
(129, 'HJX2549814', 33, '2023-09-26', '2023-09-29', 33, 3, 'house', 2, 2, '記得清貓砂', '新竹市北區民主路九段456號', 600, 9600, 3, '2023-09-24'),
(130, 'HJX2549926', 33, '2023-09-26', '2023-09-29', 33, 4, 'feed', 2, 2, '罐頭一次50公克', '高雄市前鎮區自強路一段234號', 600, 9600, 3, '2023-09-24'),
(131, 'HJX2549982', 33, '2023-09-26', '2023-09-29', 33, 21, 'house', 1, 1, '記得清貓砂', '嘉義市東區光覆路二段56號', 400, 1600, 3, '2023-09-24'),
(132, 'HJX2550122', 35, '2023-09-26', '2023-09-29', 35, 6, 'beauty', 2, 2, '罐頭一次50公克', '花蓮縣光覆鄉文明路七段234號', 600, 9600, 4, '2023-09-24'),
(133, 'HJX2549898', 39, '2023-09-26', '2023-09-29', 39, 10, 'house', 1, 1, '記得清貓砂', '新北市板橋區民權路三段789號', 450, 1800, 4, '2023-09-24'),
(134, 'HJX2550010', 40, '2023-09-26', '2023-09-29', 40, 17, 'house', 2, 2, '記得清貓砂', '台東縣長賓鄉長賓路五段456號', 500, 8000, 3, '2023-09-24'),
(135, 'HJX2550038', 42, '2023-09-26', '2023-09-29', 42, 13, 'beauty', 2, 2, '飲水機的水要幫我換一下', '花蓮縣瑞穗鄉和平路三段789號', 800, 12800, 3, '2023-09-24'),
(136, 'HJX2549469', 1, '2023-09-28', '2023-10-01', 1, 18, 'feed', 1, 2, '飲水機的水要幫我換一下', '桃園市中壢區民主路三段789號', 800, 6400, 3, '2023-09-25'),
(137, 'HJX2549482', 1, '2023-09-28', '2023-09-29', 1, 18, 'beauty', 1, 2, '罐頭一次50公克', '苗栗縣竹南鎮文化路十段789號', 450, 1800, 2, '2023-09-25'),
(138, 'HJX2549581', 1, '2023-09-28', '2023-10-01', 1, 27, 'beauty', 1, 3, '飲水機的水要幫我換一下', '新竹市香山區香山路九段456號', 450, 5400, 2, '2023-09-25'),
(139, 'HJX2549678', 1, '2023-09-28', '2023-09-29', 1, 38, 'feed', 1, 3, '飲水機的水要幫我換一下', '桃園市桃園區和平路六段789號', 450, 2700, 2, '2023-09-25'),
(140, 'HJX2549343', 2, '2023-09-28', '2023-09-29', 2, 3, 'feed', 1, 1, '飯後要吃藥', '台中市南區中山路二段789號', 400, 800, 3, '2023-09-25'),
(141, 'HJX2549510', 2, '2023-09-28', '2023-09-29', 2, 24, 'beauty', 1, 1, '記得清貓砂', '澎湖縣馬公市和平路十段234號', 450, 900, 3, '2023-09-25'),
(142, 'HJX2549441', 4, '2023-09-28', '2023-10-01', 4, 7, 'house', 2, 2, '罐頭一次50公克', '苗栗縣後龍鎮文學路一段234號', 600, 9600, 4, '2023-09-25'),
(143, 'HJX2549553', 4, '2023-09-28', '2023-10-01', 4, 52, 'feed', 2, 2, '罐頭一次50公克', '桃園市中壢區民主路三段789號', 800, 12800, 3, '2023-09-25'),
(144, 'HJX2549650', 5, '2023-09-28', '2023-09-29', 5, 34, 'feed', 2, 2, '罐頭一次50公克', '新北市新莊區和平路十段789號', 600, 4800, 3, '2023-09-25'),
(145, 'HJX2549749', 6, '2023-09-28', '2023-10-01', 6, 37, 'feed', 2, 2, '罐頭一次50公克', '台北市大同區民族西路九段456號', 600, 9600, 3, '2023-09-25'),
(146, 'HJX2549622', 6, '2023-09-28', '2023-09-29', 6, 38, 'house', 1, 1, '記得清貓砂', '台北市中正區中山南路二段56號', 450, 900, 1, '2023-09-25'),
(147, 'HJX2549721', 7, '2023-09-28', '2023-10-01', 7, 48, 'house', 1, 1, '記得清貓砂', '澎湖縣湖西鄉湖西路一段234號', 450, 1800, 1, '2023-09-25'),
(148, 'HJX2549594', 8, '2023-09-28', '2023-09-29', 8, 38, 'feed', 1, 2, '飲水機的水要幫我換一下', '彰化縣二林鎮中山路二段56號', 500, 2000, 1, '2023-09-25'),
(149, 'HJX2549358', 10, '2023-09-28', '2023-10-01', 10, 3, 'beauty', 1, 1, '記得清貓砂', '宜蘭縣宜蘭市神農路三段234號', 450, 1800, 3, '2023-09-25'),
(150, 'HJX2549525', 10, '2023-09-28', '2023-10-01', 10, 24, 'feed', 1, 1, '記得清貓砂', '台中市北區中清路五段456號', 500, 2000, 4, '2023-09-25'),
(151, 'HJX2549454', 11, '2023-09-28', '2023-09-29', 11, 7, 'feed', 2, 3, '罐頭一次50公克', '台南市安平區民生路四段123號', 800, 9600, 3, '2023-09-25'),
(152, 'HJX2549693', 11, '2023-09-28', '2023-10-01', 11, 29, 'house', 1, 2, '飲水機的水要幫我換一下', '苗栗縣後龍鎮文學路一段234號', 500, 4000, 1, '2023-09-25'),
(153, 'HJX2549566', 12, '2023-09-28', '2023-09-29', 12, 52, 'beauty', 2, 2, '飲水機的水要幫我換一下', '新北市新莊區和平路十段789號', 800, 6400, 3, '2023-09-25'),
(154, 'HJX2549665', 15, '2023-09-28', '2023-10-01', 15, 44, 'beauty', 2, 2, '飲水機的水要幫我換一下', '台北市大同區民族西路九段456號', 800, 12800, 3, '2023-09-25'),
(155, 'HJX2549762', 16, '2023-09-28', '2023-09-29', 16, 26, 'beauty', 2, 1, '罐頭一次50公克', '台東縣池上鄉新光路二段56號', 800, 3200, 3, '2023-09-25'),
(156, 'HJX2549497', 17, '2023-09-28', '2023-10-01', 17, 29, 'feed', 1, 1, '記得清貓砂', '高雄市鼓山區明誠路78號', 400, 1600, 2, '2023-09-25'),
(157, 'HJX2549637', 19, '2023-09-28', '2023-10-01', 19, 38, 'house', 2, 2, '記得清貓砂', '澎湖縣望安鄉望安路七段234號', 500, 8000, 3, '2023-09-25'),
(158, 'HJX2549371', 20, '2023-09-28', '2023-09-29', 20, 7, 'feed', 1, 2, '記得清貓砂', '桃園市桃園區和平路六段789號', 500, 2000, 4, '2023-09-25'),
(159, 'HJX2549734', 20, '2023-09-28', '2023-09-29', 20, 48, 'feed', 2, 2, '罐頭一次50公克', '嘉義市北區中華路四段123號', 500, 4000, 3, '2023-09-25'),
(160, 'HJX2549538', 21, '2023-09-28', '2023-09-29', 21, 37, 'house', 2, 2, '記得清貓砂', '基隆市中山區中山路八段123號', 600, 4800, 3, '2023-09-25'),
(161, 'HJX2549609', 23, '2023-09-28', '2023-10-01', 23, 38, 'beauty', 1, 1, '記得清貓砂', '花蓮縣花蓮市民族路九段123號', 450, 1800, 3, '2023-09-25'),
(162, 'HJX2549706', 24, '2023-09-28', '2023-09-29', 24, 48, 'house', 1, 1, '飯後要吃藥', '雲林縣鬥南鎮仁愛路七段234號', 400, 800, 3, '2023-09-25'),
(163, 'HJX2549772', 26, '2023-09-27', '2023-09-28', 26, 1, 'feed', 1, 1, '記得清貓砂', '高雄市鼓山區明誠路78號', 400, 800, 3, '2023-09-25'),
(164, 'HJX2549787', 26, '2023-09-27', '2023-09-30', 26, 10, 'beauty', 1, 1, '記得清貓砂', '新竹市東區南大路二段789號', 450, 1800, 3, '2023-09-25'),
(165, 'HJX2549955', 27, '2023-09-27', '2023-09-30', 27, 1, 'feed', 1, 3, '飲水機的水要幫我換一下', '基隆市信義區信義路八段123號', 450, 5400, 2, '2023-09-25'),
(166, 'HJX2550067', 28, '2023-09-27', '2023-09-30', 28, 10, 'feed', 1, 2, '飲水機的水要幫我換一下', '宜蘭縣頭城鎮民生路十段789號', 500, 4000, 1, '2023-09-25'),
(167, 'HJX2549871', 28, '2023-09-27', '2023-09-30', 28, 16, 'feed', 1, 1, '飯後要吃藥', '新北市三重區重新路五段456號', 400, 1600, 2, '2023-09-25'),
(168, 'HJX2549912', 28, '2023-09-27', '2023-09-28', 28, 20, 'house', 2, 2, '記得清貓砂', '澎湖縣望安鄉望安路七段234號', 500, 4000, 3, '2023-09-25'),
(169, 'HJX2549996', 29, '2023-09-27', '2023-09-28', 29, 6, 'house', 1, 1, '記得清貓砂', '澎湖縣湖西鄉湖西路一段234號', 450, 900, 1, '2023-09-25'),
(170, 'HJX2549828', 29, '2023-09-27', '2023-09-28', 29, 10, 'feed', 2, 2, '罐頭一次50公克', '桃園市中壢區民主路三段789號', 800, 6400, 3, '2023-09-25'),
(171, 'HJX2549856', 30, '2023-09-27', '2023-09-28', 30, 6, 'beauty', 1, 3, '飲水機的水要幫我換一下', '新竹市香山區香山路九段456號', 450, 2700, 2, '2023-09-25'),
(172, 'HJX2549968', 30, '2023-09-27', '2023-09-28', 30, 7, 'house', 1, 2, '飲水機的水要幫我換一下', '苗栗縣後龍鎮文學路一段234號', 500, 2000, 1, '2023-09-25'),
(173, 'HJX2549843', 30, '2023-09-27', '2023-09-30', 30, 25, 'beauty', 1, 2, '飲水機的水要幫我換一下', '台中市北區北平路二段56號', 800, 6400, 3, '2023-09-25'),
(174, 'HJX2550095', 32, '2023-09-27', '2023-09-30', 32, 7, 'house', 1, 1, '記得清貓砂', '花蓮縣吉安鄉中山路十段789號', 450, 1800, 1, '2023-09-25'),
(175, 'HJX2549884', 33, '2023-09-27', '2023-09-28', 33, 2, 'beauty', 1, 1, '記得清貓砂', '花蓮縣花蓮市民族路九段123號', 450, 900, 3, '2023-09-25'),
(176, 'HJX2549815', 33, '2023-09-27', '2023-09-30', 33, 4, 'house', 2, 2, '記得清貓砂', '宜蘭縣頭城鎮民生路十段789號', 600, 9600, 3, '2023-09-25'),
(177, 'HJX2549927', 33, '2023-09-27', '2023-09-30', 33, 4, 'feed', 2, 2, '罐頭一次50公克', '台中市北區北平路二段56號', 800, 12800, 3, '2023-09-25'),
(178, 'HJX2550024', 33, '2023-09-27', '2023-09-28', 33, 4, 'feed', 2, 2, '罐頭一次50公克', '台北市大同區民族西路九段456號', 600, 4800, 3, '2023-09-25'),
(179, 'HJX2549800', 33, '2023-09-27', '2023-09-28', 33, 19, 'feed', 1, 1, '記得清貓砂', '台中市北區中清路五段456號', 500, 1000, 4, '2023-09-25'),
(180, 'HJX2549983', 34, '2023-09-27', '2023-09-30', 34, 22, 'beauty', 1, 1, '記得清貓砂', '台東縣台東市建國路八段789號', 400, 1600, 3, '2023-09-25'),
(181, 'HJX2550123', 36, '2023-09-27', '2023-09-30', 36, 6, 'beauty', 2, 2, '罐頭一次50公克', '澎湖縣西嶼鄉中山路八段123號', 600, 9600, 4, '2023-09-25'),
(182, 'HJX2549940', 36, '2023-09-27', '2023-09-28', 36, 11, 'beauty', 2, 2, '飲水機的水要幫我換一下', '台北市大同區民族西路九段456號', 800, 6400, 3, '2023-09-25'),
(183, 'HJX2550052', 37, '2023-09-27', '2023-09-28', 37, 1, 'feed', 1, 3, '飲水機的水要幫我換一下', '台中市北區中清路五段456號', 450, 2700, 3, '2023-09-25'),
(184, 'HJX2550080', 39, '2023-09-27', '2023-09-28', 39, 23, 'house', 1, 1, '飯後要吃藥', '南投縣南投市民族路三段789號', 400, 800, 3, '2023-09-25'),
(185, 'HJX2549899', 40, '2023-09-27', '2023-09-30', 40, 10, 'house', 1, 2, '記得清貓砂', '高雄市左營區自由路四段123號', 450, 3600, 4, '2023-09-25'),
(186, 'HJX2550011', 41, '2023-09-27', '2023-09-30', 41, 18, 'house', 2, 2, '記得清貓砂', '花蓮縣豐濱鄉豐濱路六段789號', 500, 8000, 3, '2023-09-25'),
(187, 'HJX2550108', 41, '2023-09-27', '2023-09-28', 41, 19, 'feed', 2, 2, '記得清貓砂', '雲林縣虎尾鎮新光路三段789號', 500, 4000, 3, '2023-09-25'),
(188, 'HJX2550039', 43, '2023-09-27', '2023-09-30', 43, 14, 'beauty', 2, 2, '飲水機的水要幫我換一下', '澎湖縣湖南鄉湖南路四段123號', 800, 12800, 3, '2023-09-25'),
(189, 'HJX2550136', 44, '2023-09-27', '2023-09-28', 44, 15, 'beauty', 2, 1, '罐頭一次50公克', '嘉義市西區自由路一段234號', 800, 3200, 3, '2023-09-25'),
(190, 'HJX2549470', 1, '2023-09-29', '2023-10-02', 1, 18, 'feed', 1, 2, '飲水機的水要幫我換一下', '台南市安平區民生路四段123號', 800, 6400, 3, '2023-09-26'),
(191, 'HJX2549582', 1, '2023-09-29', '2023-10-02', 1, 28, 'beauty', 1, 2, '罐頭一次50公克', '苗栗縣竹南鎮文化路十段789號', 450, 3600, 2, '2023-09-26'),
(192, 'HJX2549344', 2, '2023-09-29', '2023-09-30', 2, 3, 'feed', 1, 1, '飯後要吃藥', '桃園市八德區中山路三段234號', 400, 800, 3, '2023-09-26'),
(193, 'HJX2549511', 2, '2023-09-29', '2023-09-30', 2, 24, 'beauty', 1, 1, '記得清貓砂', '基隆市仁愛區中正路一段56號', 450, 900, 3, '2023-09-26'),
(194, 'HJX2549679', 2, '2023-09-29', '2023-09-30', 2, 39, 'feed', 1, 3, '飲水機的水要幫我換一下', '台南市安南區中正路七段234號', 450, 2700, 2, '2023-09-26'),
(195, 'HJX2549442', 4, '2023-09-29', '2023-10-02', 4, 7, 'house', 2, 2, '罐頭一次50公克', '彰化縣二林鎮中山路二段56號', 600, 9600, 4, '2023-09-26'),
(196, 'HJX2549554', 5, '2023-09-29', '2023-10-02', 5, 52, 'feed', 2, 3, '罐頭一次50公克', '台南市安平區民生路四段123號', 800, 19200, 3, '2023-09-26'),
(197, 'HJX2549651', 6, '2023-09-29', '2023-09-30', 6, 35, 'feed', 2, 2, '罐頭一次50公克', '高雄市前鎮區自強路一段234號', 600, 4800, 3, '2023-09-26'),
(198, 'HJX2549750', 6, '2023-09-29', '2023-10-02', 6, 38, 'feed', 2, 2, '罐頭一次50公克', '新北市新莊區和平路十段789號', 600, 9600, 3, '2023-09-26'),
(199, 'HJX2549483', 7, '2023-09-29', '2023-09-30', 7, 18, 'beauty', 1, 2, '罐頭一次50公克', '彰化縣鹿港鎮南崁路一段234號', 500, 2000, 2, '2023-09-26'),
(200, 'HJX2549623', 7, '2023-09-29', '2023-09-30', 7, 38, 'house', 1, 1, '記得清貓砂', '新北市板橋區民權路三段789號', 450, 900, 4, '2023-09-26'),
(201, 'HJX2549722', 8, '2023-09-29', '2023-10-02', 8, 48, 'house', 1, 1, '記得清貓砂', '台北市中正區中山南路二段56號', 450, 1800, 1, '2023-09-26'),
(202, 'HJX2549595', 9, '2023-09-29', '2023-09-30', 9, 38, 'feed', 1, 1, '飯後要吃藥', '台北市大安區忠孝東路一段123號', 400, 800, 1, '2023-09-26'),
(203, 'HJX2549359', 10, '2023-09-29', '2023-10-02', 10, 3, 'beauty', 1, 1, '記得清貓砂', '苗栗縣通霄鎮和平路四段123號', 450, 1800, 3, '2023-09-26'),
(204, 'HJX2549526', 10, '2023-09-29', '2023-10-02', 10, 37, 'feed', 1, 2, '記得清貓砂', '桃園市桃園區和平路六段789號', 500, 4000, 4, '2023-09-26'),
(205, 'HJX2549455', 12, '2023-09-29', '2023-09-30', 12, 7, 'feed', 2, 1, '罐頭一次50公克', '基隆市仁愛區民權路五段456號', 800, 3200, 3, '2023-09-26'),
(206, 'HJX2549694', 12, '2023-09-29', '2023-10-02', 12, 30, 'feed', 1, 2, '飲水機的水要幫我換一下', '彰化縣二林鎮中山路二段56號', 500, 4000, 1, '2023-09-26'),
(207, 'HJX2549567', 13, '2023-09-29', '2023-09-30', 13, 52, 'beauty', 2, 2, '飲水機的水要幫我換一下', '高雄市前鎮區自強路一段234號', 800, 6400, 3, '2023-09-26'),
(208, 'HJX2549666', 16, '2023-09-29', '2023-10-02', 16, 26, 'beauty', 2, 2, '飲水機的水要幫我換一下', '新北市新莊區和平路十段789號', 800, 12800, 3, '2023-09-26'),
(209, 'HJX2549763', 17, '2023-09-29', '2023-09-30', 17, 27, 'beauty', 2, 2, '飲水機的水要幫我換一下', '花蓮縣瑞穗鄉和平路三段789號', 800, 6400, 3, '2023-09-26'),
(210, 'HJX2549498', 18, '2023-09-29', '2023-10-02', 18, 29, 'feed', 1, 1, '飯後要吃藥', '台中市南區中山路二段789號', 400, 1600, 3, '2023-09-26'),
(211, 'HJX2549638', 20, '2023-09-29', '2023-10-02', 20, 38, 'house', 2, 2, '記得清貓砂', '基隆市中山區中山路八段123號', 600, 9600, 3, '2023-09-26'),
(212, 'HJX2549372', 21, '2023-09-29', '2023-09-30', 21, 7, 'feed', 1, 2, '記得清貓砂', '台南市安南區中正路七段234號', 500, 2000, 1, '2023-09-26'),
(213, 'HJX2549735', 21, '2023-09-29', '2023-09-30', 21, 48, 'house', 2, 2, '記得清貓砂', '台東縣長賓鄉長賓路五段456號', 500, 4000, 3, '2023-09-26'),
(214, 'HJX2549539', 22, '2023-09-29', '2023-09-30', 22, 37, 'house', 2, 2, '記得清貓砂', '新竹市北區民主路九段456號', 600, 4800, 3, '2023-09-26'),
(215, 'HJX2549610', 24, '2023-09-29', '2023-10-02', 24, 38, 'beauty', 1, 1, '記得清貓砂', '澎湖縣馬公市和平路十段234號', 450, 1800, 3, '2023-09-26'),
(216, 'HJX2549707', 25, '2023-09-29', '2023-09-30', 25, 48, 'house', 1, 1, '記得清貓砂', '嘉義市東區光覆路二段56號', 400, 800, 3, '2023-09-26'),
(217, 'HJX2549773', 26, '2023-09-28', '2023-09-29', 26, 1, 'feed', 1, 1, '飯後要吃藥', '台中市南區中山路二段789號', 400, 800, 3, '2023-09-26'),
(218, 'HJX2549788', 26, '2023-09-28', '2023-10-01', 26, 10, 'beauty', 1, 1, '記得清貓砂', '宜蘭縣宜蘭市神農路三段234號', 450, 1800, 3, '2023-09-26'),
(219, 'HJX2550137', 26, '2023-09-28', '2023-09-29', 26, 16, 'beauty', 2, 1, '罐頭一次50公克', '台東縣池上鄉新光路二段56號', 800, 3200, 3, '2023-09-26'),
(220, 'HJX2549956', 27, '2023-09-28', '2023-10-01', 27, 1, 'beauty', 1, 3, '飲水機的水要幫我換一下', '新竹市香山區香山路九段456號', 450, 5400, 2, '2023-09-26'),
(221, 'HJX2549913', 28, '2023-09-28', '2023-09-29', 28, 21, 'house', 2, 2, '記得清貓砂', '基隆市中山區中山路八段123號', 600, 4800, 3, '2023-09-26'),
(222, 'HJX2549829', 29, '2023-09-28', '2023-09-29', 29, 11, 'feed', 2, 3, '罐頭一次50公克', '台南市安平區民生路四段123號', 800, 9600, 3, '2023-09-26'),
(223, 'HJX2550068', 29, '2023-09-28', '2023-10-01', 29, 11, 'house', 1, 2, '飲水機的水要幫我換一下', '苗栗縣後龍鎮文學路一段234號', 500, 4000, 1, '2023-09-26'),
(224, 'HJX2549872', 29, '2023-09-28', '2023-10-01', 29, 17, 'feed', 1, 1, '記得清貓砂', '高雄市鼓山區明誠路78號', 400, 1600, 2, '2023-09-26'),
(225, 'HJX2549844', 30, '2023-09-28', '2023-10-01', 30, 1, 'feed', 1, 2, '飲水機的水要幫我換一下', '桃園市中壢區民主路三段789號', 800, 6400, 2, '2023-09-26'),
(226, 'HJX2549857', 30, '2023-09-28', '2023-09-29', 30, 1, 'beauty', 1, 2, '罐頭一次50公克', '苗栗縣竹南鎮文化路十段789號', 450, 1800, 2, '2023-09-26'),
(227, 'HJX2549997', 30, '2023-09-28', '2023-09-29', 30, 6, 'house', 1, 1, '記得清貓砂', '台北市中正區中山南路二段56號', 450, 900, 1, '2023-09-26'),
(228, 'HJX2549969', 31, '2023-09-28', '2023-09-29', 31, 8, 'feed', 1, 2, '飲水機的水要幫我換一下', '彰化縣二林鎮中山路二段56號', 500, 2000, 1, '2023-09-26'),
(229, 'HJX2549816', 33, '2023-09-28', '2023-10-01', 33, 4, 'house', 2, 2, '罐頭一次50公克', '苗栗縣後龍鎮文學路一段234號', 600, 9600, 4, '2023-09-26'),
(230, 'HJX2549928', 33, '2023-09-28', '2023-10-01', 33, 4, 'feed', 2, 2, '罐頭一次50公克', '桃園市中壢區民主路三段789號', 800, 12800, 3, '2023-09-26'),
(231, 'HJX2550096', 33, '2023-09-28', '2023-10-01', 33, 7, 'house', 1, 1, '記得清貓砂', '澎湖縣湖西鄉湖西路一段234號', 450, 1800, 1, '2023-09-26'),
(232, 'HJX2549801', 33, '2023-09-28', '2023-09-29', 33, 20, 'feed', 1, 2, '記得清貓砂', '桃園市桃園區和平路六段789號', 500, 2000, 4, '2023-09-26'),
(233, 'HJX2549885', 34, '2023-09-28', '2023-09-29', 34, 2, 'beauty', 1, 1, '記得清貓砂', '澎湖縣馬公市和平路十段234號', 450, 900, 3, '2023-09-26'),
(234, 'HJX2550025', 34, '2023-09-28', '2023-09-29', 34, 5, 'feed', 2, 2, '罐頭一次50公克', '新北市新莊區和平路十段789號', 600, 4800, 3, '2023-09-26'),
(235, 'HJX2549984', 35, '2023-09-28', '2023-10-01', 35, 23, 'beauty', 1, 1, '記得清貓砂', '花蓮縣花蓮市民族路九段123號', 450, 1800, 3, '2023-09-26'),
(236, 'HJX2550124', 37, '2023-09-28', '2023-10-01', 37, 6, 'feed', 2, 2, '罐頭一次50公克', '台北市大同區民族西路九段456號', 600, 9600, 3, '2023-09-26'),
(237, 'HJX2549941', 37, '2023-09-28', '2023-09-29', 37, 12, 'beauty', 2, 2, '飲水機的水要幫我換一下', '新北市新莊區和平路十段789號', 800, 6400, 3, '2023-09-26'),
(238, 'HJX2550053', 38, '2023-09-28', '2023-09-29', 38, 1, 'feed', 1, 3, '飲水機的水要幫我換一下', '桃園市桃園區和平路六段789號', 450, 2700, 2, '2023-09-26'),
(239, 'HJX2550081', 40, '2023-09-28', '2023-09-29', 40, 24, 'house', 1, 1, '飯後要吃藥', '雲林縣鬥南鎮仁愛路七段234號', 400, 800, 3, '2023-09-26'),
(240, 'HJX2549900', 41, '2023-09-28', '2023-10-01', 41, 10, 'feed', 1, 1, '記得清貓砂', '台中市北區中清路五段456號', 500, 2000, 4, '2023-09-26'),
(241, 'HJX2550012', 41, '2023-09-28', '2023-10-01', 41, 19, 'house', 2, 2, '記得清貓砂', '澎湖縣望安鄉望安路七段234號', 500, 8000, 3, '2023-09-26'),
(242, 'HJX2550109', 42, '2023-09-28', '2023-09-29', 42, 20, 'feed', 2, 2, '罐頭一次50公克', '嘉義市北區中華路四段123號', 500, 4000, 3, '2023-09-26'),
(243, 'HJX2550040', 44, '2023-09-28', '2023-10-01', 44, 15, 'beauty', 2, 2, '飲水機的水要幫我換一下', '台北市大同區民族西路九段456號', 800, 12800, 3, '2023-09-26'),
(244, 'HJX2549471', 1, '2023-09-30', '2023-10-03', 1, 18, 'feed', 1, 2, '飲水機的水要幫我換一下', '基隆市仁愛區民權路五段456號', 800, 6400, 3, '2023-09-27'),
(245, 'HJX2549708', 1, '2023-09-30', '2023-10-01', 1, 48, 'beauty', 1, 1, '記得清貓砂', '台東縣台東市建國路八段789號', 400, 800, 3, '2023-09-27'),
(246, 'HJX2549345', 2, '2023-09-30', '2023-10-01', 2, 3, 'feed', 1, 1, '飯後要吃藥', '台南市東區崇明路一段56號', 400, 800, 3, '2023-09-27'),
(247, 'HJX2549512', 2, '2023-09-30', '2023-10-01', 2, 24, 'beauty', 1, 1, '記得清貓砂', '新竹市東區南大路二段789號', 450, 900, 3, '2023-09-27'),
(248, 'HJX2549583', 2, '2023-09-30', '2023-10-03', 2, 28, 'beauty', 1, 2, '罐頭一次50公克', '彰化縣鹿港鎮南崁路一段234號', 500, 4000, 2, '2023-09-27'),
(249, 'HJX2549680', 3, '2023-09-30', '2023-10-01', 3, 39, 'feed', 1, 3, '飲水機的水要幫我換一下', '基隆市信義區信義路八段123號', 450, 2700, 2, '2023-09-27'),
(250, 'HJX2549443', 5, '2023-09-30', '2023-10-03', 5, 7, 'beauty', 2, 2, '罐頭一次50公克', '南投縣水里鄉民族路三段789號', 600, 9600, 4, '2023-09-27'),
(251, 'HJX2549652', 6, '2023-09-30', '2023-10-01', 6, 36, 'feed', 2, 2, '罐頭一次50公克', '台中市北區北平路二段56號', 800, 6400, 3, '2023-09-27'),
(252, 'HJX2549555', 6, '2023-09-30', '2023-10-03', 6, 52, 'feed', 2, 1, '罐頭一次50公克', '基隆市仁愛區民權路五段456號', 800, 6400, 3, '2023-09-27'),
(253, 'HJX2549624', 7, '2023-09-30', '2023-10-01', 7, 38, 'house', 1, 2, '記得清貓砂', '高雄市左營區自由路四段123號', 450, 1800, 4, '2023-09-27'),
(254, 'HJX2549751', 7, '2023-09-30', '2023-10-03', 7, 39, 'feed', 2, 2, '罐頭一次50公克', '高雄市前鎮區自強路一段234號', 600, 9600, 3, '2023-09-27'),
(255, 'HJX2549484', 8, '2023-09-30', '2023-10-01', 8, 18, 'beauty', 1, 2, '罐頭一次50公克', '南投縣仁愛鄉興國路二段56號', 500, 2000, 2, '2023-09-27'),
(256, 'HJX2549723', 9, '2023-09-30', '2023-10-03', 9, 48, 'house', 1, 1, '記得清貓砂', '新北市板橋區民權路三段789號', 450, 1800, 4, '2023-09-27'),
(257, 'HJX2549360', 10, '2023-09-30', '2023-10-03', 10, 3, 'house', 1, 1, '記得清貓砂', '彰化縣彰化市自由路五段456號', 450, 1800, 3, '2023-09-27'),
(258, 'HJX2549527', 10, '2023-09-30', '2023-10-03', 10, 37, 'feed', 1, 2, '記得清貓砂', '台南市安南區中正路七段234號', 500, 4000, 1, '2023-09-27'),
(259, 'HJX2549596', 10, '2023-09-30', '2023-10-01', 10, 38, 'feed', 1, 1, '飯後要吃藥', '新北市三重區重新路五段456號', 400, 800, 2, '2023-09-27'),
(260, 'HJX2549456', 13, '2023-09-30', '2023-10-01', 13, 7, 'feed', 2, 1, '罐頭一次50公克', '新竹市東區自強路六段789號', 800, 3200, 3, '2023-09-27'),
(261, 'HJX2549695', 13, '2023-09-30', '2023-10-03', 13, 31, 'feed', 1, 1, '飯後要吃藥', '台北市大安區忠孝東路一段123號', 400, 1600, 1, '2023-09-27'),
(262, 'HJX2549568', 14, '2023-09-30', '2023-10-01', 14, 52, 'beauty', 1, 2, '飲水機的水要幫我換一下', '台中市北區北平路二段56號', 800, 3200, 3, '2023-09-27'),
(263, 'HJX2549667', 17, '2023-09-30', '2023-10-03', 17, 27, 'beauty', 2, 2, '飲水機的水要幫我換一下', '高雄市前鎮區自強路一段234號', 800, 12800, 3, '2023-09-27'),
(264, 'HJX2549764', 18, '2023-09-30', '2023-10-01', 18, 28, 'beauty', 2, 2, '飲水機的水要幫我換一下', '澎湖縣湖南鄉湖南路四段123號', 800, 6400, 3, '2023-09-27'),
(265, 'HJX2549499', 19, '2023-09-30', '2023-10-03', 19, 29, 'feed', 1, 1, '飯後要吃藥', '桃園市八德區中山路三段234號', 400, 1600, 3, '2023-09-27'),
(266, 'HJX2549639', 21, '2023-09-30', '2023-10-03', 21, 38, 'house', 2, 2, '記得清貓砂', '新竹市北區民主路九段456號', 600, 9600, 3, '2023-09-27'),
(267, 'HJX2549373', 22, '2023-09-30', '2023-10-01', 22, 7, 'feed', 1, 2, '記得清貓砂', '基隆市信義區信義路八段123號', 500, 2000, 3, '2023-09-27'),
(268, 'HJX2549736', 22, '2023-09-30', '2023-10-01', 22, 48, 'house', 2, 2, '記得清貓砂', '花蓮縣豐濱鄉豐濱路六段789號', 500, 4000, 3, '2023-09-27'),
(269, 'HJX2549540', 23, '2023-09-30', '2023-10-01', 23, 37, 'house', 2, 2, '記得清貓砂', '宜蘭縣頭城鎮民生路十段789號', 600, 4800, 3, '2023-09-27'),
(270, 'HJX2549611', 25, '2023-09-30', '2023-10-03', 25, 38, 'beauty', 1, 1, '記得清貓砂', '基隆市仁愛區中正路一段56號', 450, 1800, 3, '2023-09-27'),
(271, 'HJX2549774', 26, '2023-09-29', '2023-09-30', 26, 1, 'feed', 1, 1, '飯後要吃藥', '桃園市八德區中山路三段234號', 400, 800, 3, '2023-09-27'),
(272, 'HJX2549789', 26, '2023-09-29', '2023-10-02', 26, 10, 'beauty', 1, 1, '記得清貓砂', '苗栗縣通霄鎮和平路四段123號', 450, 1800, 3, '2023-09-27'),
(273, 'HJX2550041', 26, '2023-09-29', '2023-10-02', 26, 16, 'beauty', 2, 2, '飲水機的水要幫我換一下', '新北市新莊區和平路十段789號', 800, 12800, 3, '2023-09-27'),
(274, 'HJX2550138', 27, '2023-09-29', '2023-09-30', 27, 17, 'beauty', 2, 2, '飲水機的水要幫我換一下', '花蓮縣瑞穗鄉和平路三段789號', 800, 6400, 3, '2023-09-27'),
(275, 'HJX2549957', 28, '2023-09-29', '2023-10-02', 28, 1, 'beauty', 1, 2, '罐頭一次50公克', '苗栗縣竹南鎮文化路十段789號', 450, 3600, 2, '2023-09-27'),
(276, 'HJX2549914', 28, '2023-09-29', '2023-09-30', 28, 22, 'house', 2, 2, '記得清貓砂', '新竹市北區民主路九段456號', 600, 4800, 3, '2023-09-27'),
(277, 'HJX2549830', 29, '2023-09-29', '2023-09-30', 29, 12, 'feed', 2, 1, '罐頭一次50公克', '基隆市仁愛區民權路五段456號', 800, 3200, 3, '2023-09-27'),
(278, 'HJX2549873', 29, '2023-09-29', '2023-10-02', 29, 18, 'feed', 1, 1, '飯後要吃藥', '台中市南區中山路二段789號', 400, 1600, 3, '2023-09-27'),
(279, 'HJX2549845', 30, '2023-09-29', '2023-10-02', 30, 1, 'feed', 1, 2, '飲水機的水要幫我換一下', '台南市安平區民生路四段123號', 800, 6400, 2, '2023-09-27'),
(280, 'HJX2549858', 30, '2023-09-29', '2023-09-30', 30, 7, 'beauty', 1, 2, '罐頭一次50公克', '彰化縣鹿港鎮南崁路一段234號', 500, 2000, 2, '2023-09-27'),
(281, 'HJX2550069', 30, '2023-09-29', '2023-10-02', 30, 12, 'feed', 1, 2, '飲水機的水要幫我換一下', '彰化縣二林鎮中山路二段56號', 500, 4000, 1, '2023-09-27'),
(282, 'HJX2549998', 31, '2023-09-29', '2023-09-30', 31, 7, 'house', 1, 1, '記得清貓砂', '新北市板橋區民權路三段789號', 450, 900, 4, '2023-09-27'),
(283, 'HJX2549970', 32, '2023-09-29', '2023-09-30', 32, 9, 'feed', 1, 1, '飯後要吃藥', '台北市大安區忠孝東路一段123號', 400, 800, 1, '2023-09-27'),
(284, 'HJX2549817', 33, '2023-09-29', '2023-10-02', 33, 4, 'house', 2, 2, '罐頭一次50公克', '彰化縣二林鎮中山路二段56號', 600, 9600, 4, '2023-09-27'),
(285, 'HJX2549929', 33, '2023-09-29', '2023-10-02', 33, 5, 'feed', 2, 3, '罐頭一次50公克', '台南市安平區民生路四段123號', 800, 19200, 3, '2023-09-27'),
(286, 'HJX2549802', 33, '2023-09-29', '2023-09-30', 33, 21, 'feed', 1, 2, '記得清貓砂', '台南市安南區中正路七段234號', 500, 2000, 1, '2023-09-27'),
(287, 'HJX2550097', 34, '2023-09-29', '2023-10-02', 34, 8, 'house', 1, 1, '記得清貓砂', '台北市中正區中山南路二段56號', 450, 1800, 1, '2023-09-27'),
(288, 'HJX2549886', 35, '2023-09-29', '2023-09-30', 35, 2, 'beauty', 1, 1, '記得清貓砂', '基隆市仁愛區中正路一段56號', 450, 900, 3, '2023-09-27'),
(289, 'HJX2550026', 35, '2023-09-29', '2023-09-30', 35, 6, 'feed', 2, 2, '罐頭一次50公克', '高雄市前鎮區自強路一段234號', 600, 4800, 3, '2023-09-27'),
(290, 'HJX2549985', 36, '2023-09-29', '2023-10-02', 36, 24, 'beauty', 1, 1, '記得清貓砂', '澎湖縣馬公市和平路十段234號', 450, 1800, 3, '2023-09-27'),
(291, 'HJX2550125', 38, '2023-09-29', '2023-10-02', 38, 6, 'feed', 2, 2, '罐頭一次50公克', '新北市新莊區和平路十段789號', 600, 9600, 3, '2023-09-27'),
(292, 'HJX2549942', 38, '2023-09-29', '2023-09-30', 38, 13, 'beauty', 2, 2, '飲水機的水要幫我換一下', '高雄市前鎮區自強路一段234號', 800, 6400, 3, '2023-09-27'),
(293, 'HJX2550054', 39, '2023-09-29', '2023-09-30', 39, 2, 'feed', 1, 3, '飲水機的水要幫我換一下', '台南市安南區中正路七段234號', 450, 2700, 2, '2023-09-27'),
(294, 'HJX2550082', 40, '2023-09-29', '2023-09-30', 40, 25, 'house', 1, 1, '記得清貓砂', '嘉義市東區光覆路二段56號', 400, 800, 3, '2023-09-27'),
(295, 'HJX2549901', 42, '2023-09-29', '2023-10-02', 42, 10, 'feed', 1, 2, '記得清貓砂', '桃園市桃園區和平路六段789號', 500, 4000, 4, '2023-09-27'),
(296, 'HJX2550013', 42, '2023-09-29', '2023-10-02', 42, 20, 'house', 2, 2, '記得清貓砂', '基隆市中山區中山路八段123號', 600, 9600, 3, '2023-09-27'),
(297, 'HJX2550110', 42, '2023-09-29', '2023-09-30', 42, 21, 'house', 2, 2, '記得清貓砂', '台東縣長賓鄉長賓路五段456號', 500, 4000, 3, '2023-09-27'),
(298, 'HJX2549612', 1, '2023-10-01', '2023-10-04', 1, 38, 'beauty', 1, 1, '記得清貓砂', '新竹市東區南大路二段789號', 450, 1800, 3, '2023-09-28'),
(299, 'HJX2549709', 1, '2023-10-01', '2023-10-02', 1, 48, 'beauty', 1, 1, '記得清貓砂', '花蓮縣花蓮市民族路九段123號', 450, 900, 3, '2023-09-28'),
(300, 'HJX2549556', 1, '2023-10-01', '2023-10-04', 1, 52, 'feed', 2, 1, '罐頭一次50公克', '新竹市東區自強路六段789號', 800, 6400, 3, '2023-09-28'),
(301, 'HJX2549346', 2, '2023-10-01', '2023-10-02', 2, 3, 'feed', 1, 1, '飯後要吃藥', '基隆市仁愛區仁二路四段789號', 400, 800, 3, '2023-09-28'),
(302, 'HJX2549472', 2, '2023-10-01', '2023-10-04', 2, 18, 'feed', 1, 2, '飲水機的水要幫我換一下', '新竹市東區自強路六段789號', 800, 6400, 3, '2023-09-28'),
(303, 'HJX2549513', 3, '2023-10-01', '2023-10-02', 3, 24, 'beauty', 1, 1, '記得清貓砂', '宜蘭縣宜蘭市神農路三段234號', 450, 900, 3, '2023-09-28'),
(304, 'HJX2549584', 3, '2023-10-01', '2023-10-04', 3, 28, 'beauty', 1, 2, '罐頭一次50公克', '南投縣仁愛鄉興國路二段56號', 500, 4000, 2, '2023-09-28'),
(305, 'HJX2549681', 4, '2023-10-01', '2023-10-02', 4, 39, 'beauty', 1, 3, '飲水機的水要幫我換一下', '新竹市香山區香山路九段456號', 450, 2700, 2, '2023-09-28'),
(306, 'HJX2549444', 6, '2023-10-01', '2023-10-04', 6, 7, 'beauty', 2, 2, '罐頭一次50公克', '雲林縣口湖鄉和平路四段123號', 600, 9600, 4, '2023-09-28'),
(307, 'HJX2549653', 6, '2023-10-01', '2023-10-02', 6, 37, 'feed', 2, 2, '罐頭一次50公克', '桃園市中壢區民主路三段789號', 800, 6400, 3, '2023-09-28'),
(308, 'HJX2549625', 7, '2023-10-01', '2023-10-02', 7, 38, 'feed', 1, 1, '記得清貓砂', '台中市北區中清路五段456號', 500, 1000, 4, '2023-09-28'),
(309, 'HJX2549752', 7, '2023-10-01', '2023-10-04', 7, 39, 'feed', 2, 2, '罐頭一次50公克', '台中市北區北平路二段56號', 800, 12800, 3, '2023-09-28'),
(310, 'HJX2549485', 9, '2023-10-01', '2023-10-02', 9, 18, 'beauty', 1, 2, '罐頭一次50公克', '雲林縣虎尾鎮新光路三段789號', 500, 2000, 2, '2023-09-28'),
(311, 'HJX2549361', 10, '2023-10-01', '2023-10-04', 10, 3, 'beauty', 1, 1, '記得清貓砂', '南投縣埔里鎮中正路六段789號', 450, 1800, 3, '2023-09-28'),
(312, 'HJX2549724', 10, '2023-10-01', '2023-10-04', 10, 48, 'house', 1, 2, '記得清貓砂', '高雄市左營區自由路四段123號', 450, 3600, 4, '2023-09-28'),
(313, 'HJX2549528', 11, '2023-10-01', '2023-10-04', 11, 37, 'feed', 1, 2, '記得清貓砂', '基隆市信義區信義路八段123號', 500, 4000, 3, '2023-09-28'),
(314, 'HJX2549597', 11, '2023-10-01', '2023-10-02', 11, 38, 'feed', 1, 1, '記得清貓砂', '高雄市鼓山區明誠路78號', 400, 800, 2, '2023-09-28'),
(315, 'HJX2549457', 14, '2023-10-01', '2023-10-02', 14, 18, 'feed', 2, 1, '罐頭一次50公克', '苗栗縣三義鄉民生路七段234號', 800, 3200, 3, '2023-09-28'),
(316, 'HJX2549696', 14, '2023-10-01', '2023-10-04', 14, 32, 'feed', 1, 1, '飯後要吃藥', '新北市三重區重新路五段456號', 400, 1600, 2, '2023-09-28'),
(317, 'HJX2549569', 15, '2023-10-01', '2023-10-02', 15, 52, 'feed', 1, 2, '飲水機的水要幫我換一下', '桃園市中壢區民主路三段789號', 800, 3200, 3, '2023-09-28'),
(318, 'HJX2549668', 18, '2023-10-01', '2023-10-04', 18, 28, 'beauty', 1, 2, '飲水機的水要幫我換一下', '台中市北區北平路二段56號', 800, 6400, 3, '2023-09-28'),
(319, 'HJX2549765', 19, '2023-10-01', '2023-10-02', 19, 29, 'beauty', 2, 2, '飲水機的水要幫我換一下', '台北市大同區民族西路九段456號', 800, 6400, 3, '2023-09-28'),
(320, 'HJX2549500', 20, '2023-10-01', '2023-10-04', 20, 29, 'feed', 1, 1, '飯後要吃藥', '台南市東區崇明路一段56號', 400, 1600, 3, '2023-09-28'),
(321, 'HJX2549640', 22, '2023-10-01', '2023-10-04', 22, 38, 'house', 2, 2, '記得清貓砂', '宜蘭縣頭城鎮民生路十段789號', 600, 9600, 3, '2023-09-28'),
(322, 'HJX2549374', 23, '2023-10-01', '2023-10-02', 23, 7, 'feed', 1, 2, '記得清貓砂', '新竹市香山區香山路九段456號', 500, 2000, 3, '2023-09-28'),
(323, 'HJX2549737', 23, '2023-10-01', '2023-10-02', 23, 48, 'house', 2, 2, '記得清貓砂', '澎湖縣望安鄉望安路七段234號', 500, 4000, 3, '2023-09-28'),
(324, 'HJX2549541', 24, '2023-10-01', '2023-10-02', 24, 37, 'house', 2, 2, '罐頭一次50公克', '苗栗縣後龍鎮文學路一段234號', 600, 4800, 4, '2023-09-28'),
(325, 'HJX2549775', 26, '2023-09-30', '2023-10-01', 26, 1, 'feed', 1, 1, '飯後要吃藥', '台南市東區崇明路一段56號', 400, 800, 3, '2023-09-28'),
(326, 'HJX2549790', 26, '2023-09-30', '2023-10-03', 26, 10, 'house', 1, 1, '記得清貓砂', '彰化縣彰化市自由路五段456號', 450, 1800, 3, '2023-09-28'),
(327, 'HJX2550042', 27, '2023-09-30', '2023-10-03', 27, 17, 'beauty', 2, 2, '飲水機的水要幫我換一下', '高雄市前鎮區自強路一段234號', 800, 12800, 3, '2023-09-28'),
(328, 'HJX2549958', 28, '2023-09-30', '2023-10-03', 28, 2, 'beauty', 1, 2, '罐頭一次50公克', '彰化縣鹿港鎮南崁路一段234號', 500, 4000, 2, '2023-09-28'),
(329, 'HJX2550139', 28, '2023-09-30', '2023-10-01', 28, 18, 'beauty', 2, 2, '飲水機的水要幫我換一下', '澎湖縣湖南鄉湖南路四段123號', 800, 6400, 3, '2023-09-28'),
(330, 'HJX2549915', 28, '2023-09-30', '2023-10-01', 28, 23, 'house', 2, 2, '記得清貓砂', '宜蘭縣頭城鎮民生路十段789號', 600, 4800, 3, '2023-09-28'),
(331, 'HJX2549874', 29, '2023-09-30', '2023-10-03', 29, 19, 'feed', 1, 1, '飯後要吃藥', '桃園市八德區中山路三段234號', 400, 1600, 3, '2023-09-28'),
(332, 'HJX2549846', 30, '2023-09-30', '2023-10-03', 30, 1, 'feed', 1, 2, '飲水機的水要幫我換一下', '基隆市仁愛區民權路五段456號', 800, 6400, 2, '2023-09-28'),
(333, 'HJX2549859', 30, '2023-09-30', '2023-10-01', 30, 8, 'beauty', 1, 2, '罐頭一次50公克', '南投縣仁愛鄉興國路二段56號', 500, 2000, 2, '2023-09-28'),
(334, 'HJX2549831', 30, '2023-09-30', '2023-10-01', 30, 13, 'feed', 2, 1, '罐頭一次50公克', '新竹市東區自強路六段789號', 800, 3200, 3, '2023-09-28'),
(335, 'HJX2550070', 31, '2023-09-30', '2023-10-03', 31, 13, 'feed', 1, 1, '飯後要吃藥', '台北市大安區忠孝東路一段123號', 400, 1600, 1, '2023-09-28'),
(336, 'HJX2549999', 32, '2023-09-30', '2023-10-01', 32, 7, 'house', 1, 2, '記得清貓砂', '高雄市左營區自由路四段123號', 450, 1800, 4, '2023-09-28'),
(337, 'HJX2549818', 33, '2023-09-30', '2023-10-03', 33, 5, 'beauty', 2, 2, '罐頭一次50公克', '南投縣水里鄉民族路三段789號', 600, 9600, 4, '2023-09-28'),
(338, 'HJX2549971', 33, '2023-09-30', '2023-10-01', 33, 10, 'feed', 1, 1, '飯後要吃藥', '新北市三重區重新路五段456號', 400, 800, 2, '2023-09-28'),
(339, 'HJX2549803', 33, '2023-09-30', '2023-10-01', 33, 22, 'feed', 1, 2, '記得清貓砂', '基隆市信義區信義路八段123號', 500, 2000, 3, '2023-09-28'),
(340, 'HJX2549930', 34, '2023-09-30', '2023-10-03', 34, 6, 'feed', 2, 1, '罐頭一次50公克', '基隆市仁愛區民權路五段456號', 800, 6400, 3, '2023-09-28'),
(341, 'HJX2550098', 35, '2023-09-30', '2023-10-03', 35, 9, 'house', 1, 1, '記得清貓砂', '新北市板橋區民權路三段789號', 450, 1800, 4, '2023-09-28'),
(342, 'HJX2549887', 36, '2023-09-30', '2023-10-01', 36, 2, 'beauty', 1, 1, '記得清貓砂', '新竹市東區南大路二段789號', 450, 900, 3, '2023-09-28'),
(343, 'HJX2550027', 36, '2023-09-30', '2023-10-01', 36, 6, 'feed', 2, 2, '罐頭一次50公克', '台中市北區北平路二段56號', 800, 6400, 3, '2023-09-28'),
(344, 'HJX2549986', 37, '2023-09-30', '2023-10-03', 37, 25, 'beauty', 1, 1, '記得清貓砂', '基隆市仁愛區中正路一段56號', 450, 1800, 3, '2023-09-28'),
(345, 'HJX2550055', 39, '2023-09-30', '2023-10-01', 39, 3, 'feed', 1, 3, '飲水機的水要幫我換一下', '基隆市信義區信義路八段123號', 450, 2700, 2, '2023-09-28'),
(346, 'HJX2550126', 39, '2023-09-30', '2023-10-03', 39, 7, 'feed', 2, 2, '罐頭一次50公克', '高雄市前鎮區自強路一段234號', 600, 9600, 3, '2023-09-28'),
(347, 'HJX2549943', 39, '2023-09-30', '2023-10-01', 39, 14, 'beauty', 1, 2, '飲水機的水要幫我換一下', '台中市北區北平路二段56號', 800, 3200, 3, '2023-09-28'),
(348, 'HJX2550083', 41, '2023-09-30', '2023-10-01', 41, 1, 'beauty', 1, 1, '記得清貓砂', '台東縣台東市建國路八段789號', 400, 800, 3, '2023-09-28'),
(349, 'HJX2550014', 42, '2023-09-30', '2023-10-03', 42, 21, 'house', 2, 2, '記得清貓砂', '新竹市北區民主路九段456號', 600, 9600, 3, '2023-09-28'),
(350, 'HJX2549902', 43, '2023-09-30', '2023-10-03', 43, 10, 'feed', 1, 2, '記得清貓砂', '台南市安南區中正路七段234號', 500, 4000, 1, '2023-09-28'),
(351, 'HJX2550111', 43, '2023-09-30', '2023-10-01', 43, 22, 'house', 2, 2, '記得清貓砂', '花蓮縣豐濱鄉豐濱路六段789號', 500, 4000, 3, '2023-09-28'),
(352, 'HJX2549445', 1, '2023-10-02', '2023-10-05', 1, 7, 'beauty', 2, 2, '罐頭一次50公克', '嘉義市東區文雅路五段456號', 600, 9600, 4, '2023-09-29'),
(353, 'HJX2549613', 1, '2023-10-02', '2023-10-05', 1, 38, 'beauty', 1, 1, '記得清貓砂', '宜蘭縣宜蘭市神農路三段234號', 450, 1800, 3, '2023-09-29'),
(354, 'HJX2549710', 1, '2023-10-02', '2023-10-03', 1, 48, 'beauty', 1, 1, '記得清貓砂', '澎湖縣馬公市和平路十段234號', 450, 900, 3, '2023-09-29'),
(355, 'HJX2549473', 2, '2023-10-02', '2023-10-05', 2, 18, 'feed', 1, 2, '飲水機的水要幫我換一下', '苗栗縣三義鄉民生路七段234號', 800, 6400, 3, '2023-09-29'),
(356, 'HJX2549347', 4, '2023-10-02', '2023-10-03', 3, 3, 'feed', 1, 1, '飯後要吃藥', '新竹市北區光明一路23號', 400, 800, 3, '2023-09-29'),
(357, 'HJX2549514', 4, '2023-10-02', '2023-10-03', 4, 24, 'beauty', 1, 1, '記得清貓砂', '苗栗縣通霄鎮和平路四段123號', 450, 900, 3, '2023-09-29'),
(358, 'HJX2549585', 4, '2023-10-02', '2023-10-05', 4, 28, 'beauty', 1, 2, '罐頭一次50公克', '雲林縣虎尾鎮新光路三段789號', 500, 4000, 2, '2023-09-29'),
(359, 'HJX2549682', 5, '2023-10-02', '2023-10-03', 5, 40, 'beauty', 1, 2, '罐頭一次50公克', '苗栗縣竹南鎮文化路十段789號', 450, 1800, 2, '2023-09-29'),
(360, 'HJX2549654', 6, '2023-10-02', '2023-10-03', 6, 38, 'feed', 2, 3, '罐頭一次50公克', '台南市安平區民生路四段123號', 800, 9600, 3, '2023-09-29'),
(361, 'HJX2549753', 7, '2023-10-02', '2023-10-05', 7, 39, 'feed', 2, 2, '罐頭一次50公克', '桃園市中壢區民主路三段789號', 800, 12800, 3, '2023-09-29'),
(362, 'HJX2549557', 7, '2023-10-02', '2023-10-05', 7, 52, 'feed', 2, 1, '罐頭一次50公克', '苗栗縣三義鄉民生路七段234號', 800, 6400, 3, '2023-09-29'),
(363, 'HJX2549626', 8, '2023-10-02', '2023-10-03', 8, 38, 'feed', 1, 2, '記得清貓砂', '桃園市桃園區和平路六段789號', 500, 2000, 4, '2023-09-29'),
(364, 'HJX2549486', 10, '2023-10-02', '2023-10-03', 10, 30, 'house', 1, 2, '罐頭一次50公克', '嘉義市北區中華路四段123號', 500, 2000, 2, '2023-09-29'),
(365, 'HJX2549362', 11, '2023-10-02', '2023-10-05', 11, 3, 'house', 1, 1, '記得清貓砂', '雲林縣鬥六市新生路七段234號', 450, 1800, 1, '2023-09-29'),
(366, 'HJX2549725', 11, '2023-10-02', '2023-10-05', 11, 48, 'feed', 1, 1, '記得清貓砂', '台中市北區中清路五段456號', 500, 2000, 4, '2023-09-29'),
(367, 'HJX2549529', 12, '2023-10-02', '2023-10-05', 12, 37, 'feed', 1, 2, '記得清貓砂', '新竹市香山區香山路九段456號', 500, 4000, 3, '2023-09-29'),
(368, 'HJX2549598', 12, '2023-10-02', '2023-10-03', 12, 38, 'feed', 1, 1, '飯後要吃藥', '台中市南區中山路二段789號', 400, 800, 3, '2023-09-29'),
(369, 'HJX2549458', 15, '2023-10-02', '2023-10-03', 15, 18, 'beauty', 2, 1, '罐頭一次50公克', '彰化縣和美鎮中山路八段123號', 800, 3200, 3, '2023-09-29'),
(370, 'HJX2549697', 15, '2023-10-02', '2023-10-05', 15, 33, 'feed', 1, 1, '記得清貓砂', '高雄市鼓山區明誠路78號', 400, 1600, 2, '2023-09-29'),
(371, 'HJX2549570', 16, '2023-10-02', '2023-10-03', 16, 52, 'feed', 1, 2, '飲水機的水要幫我換一下', '台南市安平區民生路四段123號', 800, 3200, 3, '2023-09-29'),
(372, 'HJX2549669', 19, '2023-10-02', '2023-10-05', 19, 29, 'feed', 1, 2, '飲水機的水要幫我換一下', '桃園市中壢區民主路三段789號', 800, 6400, 3, '2023-09-29'),
(373, 'HJX2549766', 20, '2023-10-02', '2023-10-03', 20, 30, 'beauty', 2, 2, '飲水機的水要幫我換一下', '新北市新莊區和平路十段789號', 800, 6400, 3, '2023-09-29'),
(374, 'HJX2549501', 21, '2023-10-02', '2023-10-05', 21, 30, 'feed', 1, 1, '飯後要吃藥', '基隆市仁愛區仁二路四段789號', 400, 1600, 3, '2023-09-29'),
(375, 'HJX2549641', 23, '2023-10-02', '2023-10-05', 23, 38, 'house', 2, 2, '罐頭一次50公克', '苗栗縣後龍鎮文學路一段234號', 600, 9600, 4, '2023-09-29'),
(376, 'HJX2549375', 24, '2023-10-02', '2023-10-03', 24, 7, 'feed', 1, 2, '記得清貓砂', '苗栗縣竹南鎮文化路十段789號', 500, 2000, 3, '2023-09-29'),
(377, 'HJX2549738', 24, '2023-10-02', '2023-10-03', 24, 48, 'house', 2, 2, '記得清貓砂', '基隆市中山區中山路八段123號', 600, 4800, 3, '2023-09-29'),
(378, 'HJX2549542', 25, '2023-10-02', '2023-10-03', 25, 37, 'house', 2, 2, '罐頭一次50公克', '彰化縣二林鎮中山路二段56號', 600, 4800, 4, '2023-09-29'),
(379, 'HJX2549776', 26, '2023-10-01', '2023-10-02', 26, 1, 'feed', 1, 1, '飯後要吃藥', '基隆市仁愛區仁二路四段789號', 400, 800, 1, '2023-09-29'),
(380, 'HJX2549791', 26, '2023-10-01', '2023-10-04', 26, 10, 'beauty', 1, 1, '記得清貓砂', '南投縣埔里鎮中正路六段789號', 450, 1800, 3, '2023-09-29');
INSERT INTO `mission_req_orders` (`case_id`, `oid`, `customer_userId`, `start_day`, `end_day`, `pet_info_id`, `helper_userId`, `service_type`, `service_time`, `frequency`, `note`, `location`, `subtotal_price`, `total_price`, `status`, `created_at`) VALUES
(381, 'HJX2549959', 28, '2023-10-01', '2023-10-04', 28, 3, 'beauty', 1, 2, '罐頭一次50公克', '南投縣仁愛鄉興國路二段56號', 500, 4000, 2, '2023-09-29'),
(382, 'HJX2550043', 28, '2023-10-01', '2023-10-04', 28, 18, 'beauty', 1, 2, '飲水機的水要幫我換一下', '台中市北區北平路二段56號', 800, 6400, 3, '2023-09-29'),
(383, 'HJX2549916', 28, '2023-10-01', '2023-10-02', 28, 24, 'house', 2, 2, '罐頭一次50公克', '苗栗縣後龍鎮文學路一段234號', 600, 4800, 4, '2023-09-29'),
(384, 'HJX2549888', 29, '2023-10-01', '2023-10-02', 29, 3, 'beauty', 1, 1, '記得清貓砂', '宜蘭縣宜蘭市神農路三段234號', 450, 900, 3, '2023-09-29'),
(385, 'HJX2550140', 29, '2023-10-01', '2023-10-02', 29, 19, 'beauty', 2, 2, '飲水機的水要幫我換一下', '台北市大同區民族西路九段456號', 800, 6400, 3, '2023-09-29'),
(386, 'HJX2549875', 29, '2023-10-01', '2023-10-04', 29, 20, 'feed', 1, 1, '飯後要吃藥', '台南市東區崇明路一段56號', 400, 1600, 3, '2023-09-29'),
(387, 'HJX2549847', 30, '2023-10-01', '2023-10-04', 30, 2, 'feed', 1, 2, '飲水機的水要幫我換一下', '新竹市東區自強路六段789號', 800, 6400, 3, '2023-09-29'),
(388, 'HJX2549860', 30, '2023-10-01', '2023-10-02', 30, 9, 'beauty', 1, 2, '罐頭一次50公克', '雲林縣虎尾鎮新光路三段789號', 500, 2000, 2, '2023-09-29'),
(389, 'HJX2549832', 30, '2023-10-01', '2023-10-02', 30, 14, 'feed', 2, 1, '罐頭一次50公克', '苗栗縣三義鄉民生路七段234號', 800, 3200, 3, '2023-09-29'),
(390, 'HJX2550071', 32, '2023-10-01', '2023-10-04', 32, 14, 'feed', 1, 1, '飯後要吃藥', '新北市三重區重新路五段456號', 400, 1600, 2, '2023-09-29'),
(391, 'HJX2549819', 33, '2023-10-01', '2023-10-04', 33, 6, 'beauty', 2, 2, '罐頭一次50公克', '雲林縣口湖鄉和平路四段123號', 600, 9600, 4, '2023-09-29'),
(392, 'HJX2550000', 33, '2023-10-01', '2023-10-02', 33, 7, 'feed', 1, 1, '記得清貓砂', '台中市北區中清路五段456號', 500, 1000, 4, '2023-09-29'),
(393, 'HJX2549972', 33, '2023-10-01', '2023-10-02', 33, 11, 'feed', 1, 1, '記得清貓砂', '高雄市鼓山區明誠路78號', 400, 800, 2, '2023-09-29'),
(394, 'HJX2549804', 33, '2023-10-01', '2023-10-02', 33, 23, 'feed', 1, 2, '記得清貓砂', '新竹市香山區香山路九段456號', 500, 2000, 3, '2023-09-29'),
(395, 'HJX2549931', 35, '2023-10-01', '2023-10-04', 35, 1, 'feed', 2, 1, '罐頭一次50公克', '新竹市東區自強路六段789號', 800, 6400, 3, '2023-09-29'),
(396, 'HJX2550099', 36, '2023-10-01', '2023-10-04', 36, 10, 'house', 1, 2, '記得清貓砂', '高雄市左營區自由路四段123號', 450, 3600, 4, '2023-09-29'),
(397, 'HJX2550028', 37, '2023-10-01', '2023-10-02', 37, 6, 'feed', 2, 2, '罐頭一次50公克', '桃園市中壢區民主路三段789號', 800, 6400, 3, '2023-09-29'),
(398, 'HJX2549987', 38, '2023-10-01', '2023-10-04', 38, 1, 'beauty', 1, 1, '記得清貓砂', '新竹市東區南大路二段789號', 450, 1800, 3, '2023-09-29'),
(399, 'HJX2550056', 39, '2023-10-01', '2023-10-02', 39, 4, 'beauty', 1, 3, '飲水機的水要幫我換一下', '新竹市香山區香山路九段456號', 450, 2700, 2, '2023-09-29'),
(400, 'HJX2550127', 39, '2023-10-01', '2023-10-04', 39, 7, 'feed', 2, 2, '罐頭一次50公克', '台中市北區北平路二段56號', 800, 12800, 3, '2023-09-29'),
(401, 'HJX2549944', 40, '2023-10-01', '2023-10-02', 40, 15, 'feed', 1, 2, '飲水機的水要幫我換一下', '桃園市中壢區民主路三段789號', 800, 3200, 3, '2023-09-29'),
(402, 'HJX2550084', 41, '2023-10-01', '2023-10-02', 41, 1, 'beauty', 1, 1, '記得清貓砂', '花蓮縣花蓮市民族路九段123號', 450, 900, 3, '2023-09-29'),
(403, 'HJX2550015', 43, '2023-10-01', '2023-10-04', 43, 22, 'house', 2, 2, '記得清貓砂', '宜蘭縣頭城鎮民生路十段789號', 600, 9600, 3, '2023-09-29'),
(404, 'HJX2549903', 44, '2023-10-01', '2023-10-04', 44, 11, 'feed', 1, 2, '記得清貓砂', '基隆市信義區信義路八段123號', 500, 4000, 3, '2023-09-29'),
(405, 'HJX2550112', 44, '2023-10-01', '2023-10-02', 44, 23, 'house', 2, 2, '記得清貓砂', '澎湖縣望安鄉望安路七段234號', 500, 4000, 3, '2023-09-29'),
(406, 'HJX2549543', 1, '2023-10-03', '2023-10-04', 1, 37, 'beauty', 2, 2, '罐頭一次50公克', '南投縣水里鄉民族路三段789號', 600, 4800, 4, '2023-09-30'),
(407, 'HJX2549614', 1, '2023-10-03', '2023-10-06', 1, 38, 'beauty', 1, 1, '記得清貓砂', '苗栗縣通霄鎮和平路四段123號', 450, 1800, 3, '2023-09-30'),
(408, 'HJX2549474', 2, '2023-10-03', '2023-10-06', 2, 18, 'feed', 1, 2, '飲水機的水要幫我換一下', '彰化縣和美鎮中山路八段123號', 450, 3600, 3, '2023-09-30'),
(409, 'HJX2549711', 2, '2023-10-03', '2023-10-04', 2, 48, 'beauty', 1, 1, '記得清貓砂', '基隆市仁愛區中正路一段56號', 450, 900, 3, '2023-09-30'),
(410, 'HJX2549348', 4, '2023-10-03', '2023-10-04', 4, 3, 'feed', 1, 1, '飯後要吃藥', '苗栗縣苑里鎮中山路五段456號', 400, 800, 3, '2023-09-30'),
(411, 'HJX2549515', 4, '2023-10-03', '2023-10-04', 4, 24, 'house', 1, 1, '記得清貓砂', '彰化縣彰化市自由路五段456號', 450, 900, 3, '2023-09-30'),
(412, 'HJX2549586', 5, '2023-10-03', '2023-10-06', 5, 28, 'house', 1, 2, '罐頭一次50公克', '嘉義市北區中華路四段123號', 500, 4000, 2, '2023-09-30'),
(413, 'HJX2549683', 6, '2023-10-03', '2023-10-04', 6, 40, 'beauty', 1, 2, '罐頭一次50公克', '彰化縣鹿港鎮南崁路一段234號', 500, 2000, 2, '2023-09-30'),
(414, 'HJX2549655', 7, '2023-10-03', '2023-10-04', 7, 39, 'feed', 2, 1, '罐頭一次50公克', '基隆市仁愛區民權路五段456號', 800, 3200, 3, '2023-09-30'),
(415, 'HJX2549446', 8, '2023-10-03', '2023-10-06', 7, 7, 'beauty', 2, 2, '罐頭一次50公克', '台東縣海端鄉中正路六段789號', 600, 9600, 4, '2023-09-30'),
(416, 'HJX2549754', 8, '2023-10-03', '2023-10-06', 8, 40, 'feed', 2, 3, '罐頭一次50公克', '台南市安平區民生路四段123號', 800, 19200, 3, '2023-09-30'),
(417, 'HJX2549558', 8, '2023-10-03', '2023-10-06', 8, 52, 'beauty', 2, 1, '罐頭一次50公克', '彰化縣和美鎮中山路八段123號', 800, 6400, 3, '2023-09-30'),
(418, 'HJX2549627', 9, '2023-10-03', '2023-10-04', 9, 38, 'feed', 1, 2, '記得清貓砂', '台南市安南區中正路七段234號', 500, 2000, 1, '2023-09-30'),
(419, 'HJX2549487', 10, '2023-10-03', '2023-10-04', 10, 30, 'house', 1, 2, '罐頭一次50公克', '台東縣長賓鄉長賓路五段456號', 500, 2000, 1, '2023-09-30'),
(420, 'HJX2549363', 12, '2023-10-03', '2023-10-06', 12, 3, 'house', 1, 1, '記得清貓砂', '嘉義市西區西門路八段123號', 450, 1800, 1, '2023-09-30'),
(421, 'HJX2549726', 12, '2023-10-03', '2023-10-06', 12, 48, 'feed', 1, 2, '記得清貓砂', '桃園市桃園區和平路六段789號', 500, 4000, 4, '2023-09-30'),
(422, 'HJX2549530', 13, '2023-10-03', '2023-10-06', 13, 37, 'feed', 1, 2, '記得清貓砂', '苗栗縣竹南鎮文化路十段789號', 500, 4000, 3, '2023-09-30'),
(423, 'HJX2549599', 13, '2023-10-03', '2023-10-04', 13, 38, 'feed', 1, 1, '飯後要吃藥', '桃園市八德區中山路三段234號', 400, 800, 3, '2023-09-30'),
(424, 'HJX2549459', 16, '2023-10-03', '2023-10-04', 16, 18, 'beauty', 2, 1, '罐頭一次50公克', '南投縣竹山鎮中正路九段456號', 800, 3200, 3, '2023-09-30'),
(425, 'HJX2549698', 16, '2023-10-03', '2023-10-06', 16, 34, 'feed', 1, 1, '飯後要吃藥', '台中市南區中山路二段789號', 400, 1600, 3, '2023-09-30'),
(426, 'HJX2549571', 17, '2023-10-03', '2023-10-04', 17, 42, 'feed', 1, 2, '飲水機的水要幫我換一下', '基隆市仁愛區民權路五段456號', 800, 3200, 3, '2023-09-30'),
(427, 'HJX2549670', 20, '2023-10-03', '2023-10-06', 20, 30, 'feed', 1, 2, '飲水機的水要幫我換一下', '台南市安平區民生路四段123號', 800, 6400, 3, '2023-09-30'),
(428, 'HJX2549767', 21, '2023-10-03', '2023-10-04', 21, 31, 'beauty', 2, 2, '飲水機的水要幫我換一下', '高雄市前鎮區自強路一段234號', 800, 6400, 3, '2023-09-30'),
(429, 'HJX2549502', 22, '2023-10-03', '2023-10-06', 22, 30, 'feed', 1, 1, '飯後要吃藥', '新竹市北區光明一路23號', 400, 1600, 3, '2023-09-30'),
(430, 'HJX2549642', 24, '2023-10-03', '2023-10-06', 24, 38, 'house', 2, 2, '罐頭一次50公克', '彰化縣二林鎮中山路二段56號', 600, 9600, 4, '2023-09-30'),
(431, 'HJX2549376', 25, '2023-10-03', '2023-10-04', 25, 7, 'feed', 1, 2, '記得清貓砂', '彰化縣鹿港鎮南崁路一段234號', 500, 2000, 3, '2023-09-30'),
(432, 'HJX2549739', 25, '2023-10-03', '2023-10-04', 25, 48, 'house', 2, 2, '記得清貓砂', '新竹市北區民主路九段456號', 600, 4800, 3, '2023-09-30'),
(433, 'HJX2549777', 26, '2023-10-02', '2023-10-03', 26, 1, 'feed', 1, 1, '飯後要吃藥', '新竹市北區光明一路23號', 400, 800, 1, '2023-09-30'),
(434, 'HJX2549792', 26, '2023-10-02', '2023-10-05', 26, 11, 'house', 1, 1, '記得清貓砂', '雲林縣鬥六市新生路七段234號', 450, 1800, 1, '2023-09-30'),
(435, 'HJX2550113', 26, '2023-10-02', '2023-10-03', 26, 24, 'house', 2, 2, '記得清貓砂', '基隆市中山區中山路八段123號', 600, 4800, 3, '2023-09-30'),
(436, 'HJX2549960', 28, '2023-10-02', '2023-10-05', 28, 4, 'beauty', 1, 2, '罐頭一次50公克', '雲林縣虎尾鎮新光路三段789號', 500, 4000, 2, '2023-09-30'),
(437, 'HJX2550044', 29, '2023-10-02', '2023-10-05', 29, 19, 'feed', 1, 2, '飲水機的水要幫我換一下', '桃園市中壢區民主路三段789號', 800, 6400, 3, '2023-09-30'),
(438, 'HJX2549917', 29, '2023-10-02', '2023-10-03', 29, 25, 'house', 2, 2, '罐頭一次50公克', '彰化縣二林鎮中山路二段56號', 600, 4800, 4, '2023-09-30'),
(439, 'HJX2549848', 30, '2023-10-02', '2023-10-05', 30, 2, 'feed', 1, 2, '飲水機的水要幫我換一下', '苗栗縣三義鄉民生路七段234號', 800, 6400, 3, '2023-09-30'),
(440, 'HJX2549889', 30, '2023-10-02', '2023-10-03', 30, 4, 'beauty', 1, 1, '記得清貓砂', '苗栗縣通霄鎮和平路四段123號', 450, 900, 3, '2023-09-30'),
(441, 'HJX2549861', 30, '2023-10-02', '2023-10-03', 30, 10, 'house', 1, 2, '罐頭一次50公克', '嘉義市北區中華路四段123號', 500, 2000, 2, '2023-09-30'),
(442, 'HJX2549833', 30, '2023-10-02', '2023-10-03', 30, 15, 'beauty', 2, 1, '罐頭一次50公克', '彰化縣和美鎮中山路八段123號', 800, 3200, 3, '2023-09-30'),
(443, 'HJX2550141', 30, '2023-10-02', '2023-10-03', 30, 20, 'beauty', 2, 2, '飲水機的水要幫我換一下', '新北市新莊區和平路十段789號', 800, 6400, 3, '2023-09-30'),
(444, 'HJX2549876', 30, '2023-10-02', '2023-10-05', 30, 21, 'feed', 1, 1, '飯後要吃藥', '基隆市仁愛區仁二路四段789號', 400, 1600, 3, '2023-09-30'),
(445, 'HJX2549820', 33, '2023-10-02', '2023-10-05', 33, 1, 'beauty', 2, 2, '罐頭一次50公克', '嘉義市東區文雅路五段456號', 600, 9600, 2, '2023-09-30'),
(446, 'HJX2549973', 33, '2023-10-02', '2023-10-03', 33, 12, 'feed', 1, 1, '飯後要吃藥', '台中市南區中山路二段789號', 400, 800, 3, '2023-09-30'),
(447, 'HJX2550072', 33, '2023-10-02', '2023-10-05', 33, 15, 'feed', 1, 1, '記得清貓砂', '高雄市鼓山區明誠路78號', 400, 1600, 2, '2023-09-30'),
(448, 'HJX2549805', 33, '2023-10-02', '2023-10-03', 33, 24, 'feed', 1, 2, '記得清貓砂', '苗栗縣竹南鎮文化路十段789號', 500, 2000, 3, '2023-09-30'),
(449, 'HJX2550001', 34, '2023-10-02', '2023-10-03', 34, 8, 'feed', 1, 2, '記得清貓砂', '桃園市桃園區和平路六段789號', 500, 2000, 4, '2023-09-30'),
(450, 'HJX2549932', 36, '2023-10-02', '2023-10-05', 36, 7, 'feed', 2, 1, '罐頭一次50公克', '苗栗縣三義鄉民生路七段234號', 800, 6400, 3, '2023-09-30'),
(451, 'HJX2550100', 37, '2023-10-02', '2023-10-05', 37, 11, 'feed', 1, 1, '記得清貓砂', '台中市北區中清路五段456號', 500, 2000, 4, '2023-09-30'),
(452, 'HJX2550029', 38, '2023-10-02', '2023-10-03', 38, 6, 'feed', 2, 3, '罐頭一次50公克', '台南市安平區民生路四段123號', 800, 9600, 3, '2023-09-30'),
(453, 'HJX2549988', 39, '2023-10-02', '2023-10-05', 39, 1, 'beauty', 1, 1, '記得清貓砂', '宜蘭縣宜蘭市神農路三段234號', 450, 1800, 3, '2023-09-30'),
(454, 'HJX2550128', 39, '2023-10-02', '2023-10-05', 39, 7, 'feed', 2, 2, '罐頭一次50公克', '桃園市中壢區民主路三段789號', 800, 12800, 3, '2023-09-30'),
(455, 'HJX2550057', 40, '2023-10-02', '2023-10-03', 40, 5, 'beauty', 1, 2, '罐頭一次50公克', '苗栗縣竹南鎮文化路十段789號', 450, 1800, 2, '2023-09-30'),
(456, 'HJX2549945', 41, '2023-10-02', '2023-10-03', 41, 16, 'feed', 1, 2, '飲水機的水要幫我換一下', '台南市安平區民生路四段123號', 800, 3200, 3, '2023-09-30'),
(457, 'HJX2550085', 42, '2023-10-02', '2023-10-03', 42, 1, 'beauty', 1, 1, '記得清貓砂', '澎湖縣馬公市和平路十段234號', 450, 900, 3, '2023-09-30'),
(458, 'HJX2550016', 44, '2023-10-02', '2023-10-05', 44, 23, 'house', 2, 2, '罐頭一次50公克', '苗栗縣後龍鎮文學路一段234號', 600, 9600, 4, '2023-09-30'),
(459, 'HJX2549904', 45, '2023-10-02', '2023-10-05', 45, 12, 'feed', 1, 2, '記得清貓砂', '新竹市香山區香山路九段456號', 500, 4000, 3, '2023-09-30'),
(460, 'HJX2549377', 1, '2023-10-04', '2023-10-05', 1, 7, 'feed', 2, 2, '記得清貓砂', '南投縣仁愛鄉興國路二段56號', 500, 4000, 3, '2023-10-01'),
(461, 'HJX2549544', 1, '2023-10-04', '2023-10-05', 1, 37, 'beauty', 2, 2, '罐頭一次50公克', '雲林縣口湖鄉和平路四段123號', 600, 4800, 4, '2023-10-01'),
(462, 'HJX2549740', 1, '2023-10-04', '2023-10-05', 1, 48, 'house', 2, 2, '記得清貓砂', '宜蘭縣頭城鎮民生路十段789號', 600, 4800, 3, '2023-10-01'),
(463, 'HJX2549475', 2, '2023-10-04', '2023-10-07', 2, 18, 'feed', 1, 2, '飲水機的水要幫我換一下', '南投縣竹山鎮中正路九段456號', 450, 3600, 3, '2023-10-01'),
(464, 'HJX2549615', 2, '2023-10-04', '2023-10-07', 2, 38, 'house', 1, 1, '記得清貓砂', '彰化縣彰化市自由路五段456號', 450, 1800, 3, '2023-10-01'),
(465, 'HJX2549712', 3, '2023-10-04', '2023-10-05', 3, 48, 'beauty', 1, 1, '記得清貓砂', '新竹市東區南大路二段789號', 450, 900, 3, '2023-10-01'),
(466, 'HJX2549349', 4, '2023-10-04', '2023-10-05', 4, 3, 'house', 1, 1, '飯後要吃藥', '彰化縣大村鄉文化路六段123號', 400, 800, 3, '2023-10-01'),
(467, 'HJX2549516', 4, '2023-10-04', '2023-10-05', 4, 24, 'beauty', 1, 1, '記得清貓砂', '南投縣埔里鎮中正路六段789號', 450, 900, 3, '2023-10-01'),
(468, 'HJX2549587', 6, '2023-10-04', '2023-10-07', 6, 29, 'house', 1, 2, '罐頭一次50公克', '台東縣長賓鄉長賓路五段456號', 500, 4000, 1, '2023-10-01'),
(469, 'HJX2549684', 6, '2023-10-04', '2023-10-05', 6, 41, 'beauty', 1, 2, '罐頭一次50公克', '南投縣仁愛鄉興國路二段56號', 500, 2000, 2, '2023-10-01'),
(470, 'HJX2549656', 7, '2023-10-04', '2023-10-05', 7, 39, 'feed', 2, 1, '罐頭一次50公克', '新竹市東區自強路六段789號', 800, 3200, 3, '2023-10-01'),
(471, 'HJX2549447', 8, '2023-10-04', '2023-10-07', 8, 7, 'beauty', 2, 2, '罐頭一次50公克', '花蓮縣光覆鄉文明路七段234號', 600, 9600, 4, '2023-10-01'),
(472, 'HJX2549755', 9, '2023-10-04', '2023-10-07', 9, 40, 'feed', 2, 1, '罐頭一次50公克', '基隆市仁愛區民權路五段456號', 800, 6400, 3, '2023-10-01'),
(473, 'HJX2549559', 9, '2023-10-04', '2023-10-07', 9, 52, 'beauty', 2, 1, '罐頭一次50公克', '南投縣竹山鎮中正路九段456號', 800, 6400, 3, '2023-10-01'),
(474, 'HJX2549488', 10, '2023-10-04', '2023-10-05', 10, 30, 'house', 1, 2, '罐頭一次50公克', '花蓮縣豐濱鄉豐濱路六段789號', 500, 2000, 1, '2023-10-01'),
(475, 'HJX2549628', 10, '2023-10-04', '2023-10-05', 10, 38, 'feed', 1, 2, '記得清貓砂', '基隆市信義區信義路八段123號', 500, 2000, 3, '2023-10-01'),
(476, 'HJX2549364', 13, '2023-10-04', '2023-10-07', 13, 3, 'house', 1, 1, '記得清貓砂', '台東縣卑南鄉民權路九段456號', 450, 1800, 1, '2023-10-01'),
(477, 'HJX2549727', 13, '2023-10-04', '2023-10-07', 13, 48, 'feed', 1, 2, '記得清貓砂', '台南市安南區中正路七段234號', 500, 4000, 1, '2023-10-01'),
(478, 'HJX2549531', 14, '2023-10-04', '2023-10-07', 14, 37, 'feed', 1, 2, '記得清貓砂', '彰化縣鹿港鎮南崁路一段234號', 500, 4000, 3, '2023-10-01'),
(479, 'HJX2549600', 14, '2023-10-04', '2023-10-05', 14, 38, 'feed', 1, 1, '飯後要吃藥', '台南市東區崇明路一段56號', 400, 800, 3, '2023-10-01'),
(480, 'HJX2549460', 17, '2023-10-04', '2023-10-05', 17, 18, 'beauty', 2, 1, '飲水機的水要幫我換一下', '雲林縣土庫鎮文化路十段789號', 800, 3200, 3, '2023-10-01'),
(481, 'HJX2549699', 17, '2023-10-04', '2023-10-07', 17, 35, 'feed', 1, 1, '飯後要吃藥', '桃園市八德區中山路三段234號', 400, 1600, 3, '2023-10-01'),
(482, 'HJX2549572', 18, '2023-10-04', '2023-10-05', 18, 43, 'feed', 1, 2, '飲水機的水要幫我換一下', '新竹市東區自強路六段789號', 800, 3200, 3, '2023-10-01'),
(483, 'HJX2549671', 21, '2023-10-04', '2023-10-07', 21, 31, 'feed', 1, 2, '飲水機的水要幫我換一下', '基隆市仁愛區民權路五段456號', 800, 6400, 3, '2023-10-01'),
(484, 'HJX2549768', 22, '2023-10-04', '2023-10-05', 22, 32, 'beauty', 1, 2, '飲水機的水要幫我換一下', '台中市北區北平路二段56號', 800, 3200, 3, '2023-10-01'),
(485, 'HJX2549503', 23, '2023-10-04', '2023-10-07', 23, 30, 'feed', 1, 1, '飯後要吃藥', '苗栗縣苑里鎮中山路五段456號', 400, 1600, 3, '2023-10-01'),
(486, 'HJX2549643', 25, '2023-10-04', '2023-10-07', 25, 38, 'beauty', 2, 2, '罐頭一次50公克', '南投縣水里鄉民族路三段789號', 600, 9600, 4, '2023-10-01'),
(487, 'HJX2549778', 26, '2023-10-03', '2023-10-04', 26, 1, 'feed', 1, 1, '飯後要吃藥', '苗栗縣苑里鎮中山路五段456號', 400, 800, 1, '2023-10-01'),
(488, 'HJX2549793', 26, '2023-10-03', '2023-10-06', 26, 12, 'house', 1, 1, '記得清貓砂', '嘉義市西區西門路八段123號', 450, 1800, 1, '2023-10-01'),
(489, 'HJX2549905', 26, '2023-10-03', '2023-10-06', 26, 13, 'feed', 1, 2, '記得清貓砂', '苗栗縣竹南鎮文化路十段789號', 500, 4000, 3, '2023-10-01'),
(490, 'HJX2550017', 26, '2023-10-03', '2023-10-06', 26, 24, 'house', 2, 2, '罐頭一次50公克', '彰化縣二林鎮中山路二段56號', 600, 9600, 4, '2023-10-01'),
(491, 'HJX2550114', 27, '2023-10-03', '2023-10-04', 27, 25, 'house', 2, 2, '記得清貓砂', '新竹市北區民主路九段456號', 600, 4800, 3, '2023-10-01'),
(492, 'HJX2549961', 28, '2023-10-03', '2023-10-06', 28, 5, 'house', 1, 2, '罐頭一次50公克', '嘉義市北區中華路四段123號', 500, 4000, 2, '2023-10-01'),
(493, 'HJX2549918', 29, '2023-10-03', '2023-10-04', 29, 1, 'beauty', 2, 2, '罐頭一次50公克', '南投縣水里鄉民族路三段789號', 600, 4800, 4, '2023-10-01'),
(494, 'HJX2549933', 29, '2023-10-03', '2023-10-06', 29, 8, 'beauty', 2, 1, '罐頭一次50公克', '彰化縣和美鎮中山路八段123號', 800, 6400, 3, '2023-10-01'),
(495, 'HJX2549849', 30, '2023-10-03', '2023-10-06', 30, 2, 'feed', 1, 2, '飲水機的水要幫我換一下', '彰化縣和美鎮中山路八段123號', 450, 3600, 3, '2023-10-01'),
(496, 'HJX2549862', 30, '2023-10-03', '2023-10-04', 30, 10, 'house', 1, 2, '罐頭一次50公克', '台東縣長賓鄉長賓路五段456號', 500, 2000, 1, '2023-10-01'),
(497, 'HJX2549834', 30, '2023-10-03', '2023-10-04', 30, 16, 'beauty', 2, 1, '罐頭一次50公克', '南投縣竹山鎮中正路九段456號', 800, 3200, 3, '2023-10-01'),
(498, 'HJX2550045', 30, '2023-10-03', '2023-10-06', 30, 20, 'feed', 1, 2, '飲水機的水要幫我換一下', '台南市安平區民生路四段123號', 800, 6400, 3, '2023-10-01'),
(499, 'HJX2549877', 30, '2023-10-03', '2023-10-06', 30, 22, 'feed', 1, 1, '飯後要吃藥', '新竹市北區光明一路23號', 400, 1600, 3, '2023-10-01'),
(500, 'HJX2549890', 31, '2023-10-03', '2023-10-04', 31, 4, 'house', 1, 1, '記得清貓砂', '彰化縣彰化市自由路五段456號', 450, 900, 3, '2023-10-01'),
(501, 'HJX2550142', 31, '2023-10-03', '2023-10-04', 31, 21, 'beauty', 2, 2, '飲水機的水要幫我換一下', '高雄市前鎮區自強路一段234號', 800, 6400, 3, '2023-10-01'),
(502, 'HJX2549821', 33, '2023-10-03', '2023-10-06', 33, 7, 'beauty', 2, 2, '罐頭一次50公克', '台東縣海端鄉中正路六段789號', 600, 9600, 4, '2023-10-01'),
(503, 'HJX2549974', 33, '2023-10-03', '2023-10-04', 33, 13, 'feed', 1, 1, '飯後要吃藥', '桃園市八德區中山路三段234號', 400, 800, 3, '2023-10-01'),
(504, 'HJX2549806', 33, '2023-10-03', '2023-10-04', 33, 25, 'feed', 1, 2, '記得清貓砂', '彰化縣鹿港鎮南崁路一段234號', 500, 2000, 3, '2023-10-01'),
(505, 'HJX2550073', 34, '2023-10-03', '2023-10-06', 34, 16, 'feed', 1, 1, '飯後要吃藥', '台中市南區中山路二段789號', 400, 1600, 3, '2023-10-01'),
(506, 'HJX2550002', 35, '2023-10-03', '2023-10-04', 35, 9, 'feed', 1, 2, '記得清貓砂', '台南市安南區中正路七段234號', 500, 2000, 1, '2023-10-01'),
(507, 'HJX2550101', 38, '2023-10-03', '2023-10-06', 38, 12, 'feed', 1, 2, '記得清貓砂', '桃園市桃園區和平路六段789號', 500, 4000, 4, '2023-10-01'),
(508, 'HJX2550030', 39, '2023-10-03', '2023-10-04', 39, 7, 'feed', 2, 1, '罐頭一次50公克', '基隆市仁愛區民權路五段456號', 800, 3200, 3, '2023-10-01'),
(509, 'HJX2549989', 40, '2023-10-03', '2023-10-06', 40, 1, 'beauty', 1, 1, '記得清貓砂', '苗栗縣通霄鎮和平路四段123號', 450, 1800, 3, '2023-10-01'),
(510, 'HJX2550058', 40, '2023-10-03', '2023-10-04', 40, 6, 'beauty', 1, 2, '罐頭一次50公克', '彰化縣鹿港鎮南崁路一段234號', 500, 2000, 2, '2023-10-01'),
(511, 'HJX2550129', 40, '2023-10-03', '2023-10-06', 40, 8, 'feed', 2, 3, '罐頭一次50公克', '台南市安平區民生路四段123號', 800, 19200, 3, '2023-10-01'),
(512, 'HJX2550086', 42, '2023-10-03', '2023-10-04', 42, 2, 'beauty', 1, 1, '記得清貓砂', '基隆市仁愛區中正路一段56號', 450, 900, 3, '2023-10-01'),
(513, 'HJX2549946', 42, '2023-10-03', '2023-10-04', 42, 17, 'feed', 1, 2, '飲水機的水要幫我換一下', '基隆市仁愛區民權路五段456號', 800, 3200, 3, '2023-10-01'),
(514, 'HJX2549378', 1, '2023-10-05', '2023-10-06', 1, 7, 'feed', 2, 2, '記得清貓砂', '雲林縣虎尾鎮新光路三段789號', 500, 4000, 3, '2023-10-02'),
(515, 'HJX2549644', 1, '2023-10-05', '2023-10-08', 1, 38, 'beauty', 2, 2, '罐頭一次50公克', '雲林縣口湖鄉和平路四段123號', 600, 9600, 4, '2023-10-02'),
(516, 'HJX2549741', 1, '2023-10-05', '2023-10-06', 1, 48, 'house', 2, 2, '罐頭一次50公克', '苗栗縣後龍鎮文學路一段234號', 600, 4800, 4, '2023-10-02'),
(517, 'HJX2549545', 1, '2023-10-05', '2023-10-06', 1, 52, 'beauty', 2, 2, '罐頭一次50公克', '嘉義市東區文雅路五段456號', 600, 4800, 4, '2023-10-02'),
(518, 'HJX2549476', 3, '2023-10-05', '2023-10-08', 3, 18, 'feed', 1, 2, '飲水機的水要幫我換一下', '高雄市左營區自由路四段123號', 450, 3600, 3, '2023-10-02'),
(519, 'HJX2549616', 3, '2023-10-05', '2023-10-08', 3, 38, 'beauty', 1, 1, '記得清貓砂', '南投縣埔里鎮中正路六段789號', 450, 1800, 3, '2023-10-02'),
(520, 'HJX2549350', 4, '2023-10-05', '2023-10-06', 4, 3, 'house', 1, 1, '飯後要吃藥', '南投縣南投市民族路三段789號', 400, 800, 3, '2023-10-02'),
(521, 'HJX2549713', 4, '2023-10-05', '2023-10-06', 4, 48, 'beauty', 1, 1, '記得清貓砂', '宜蘭縣宜蘭市神農路三段234號', 450, 900, 3, '2023-10-02'),
(522, 'HJX2549517', 5, '2023-10-05', '2023-10-06', 5, 24, 'house', 1, 1, '記得清貓砂', '雲林縣鬥六市新生路七段234號', 450, 900, 1, '2023-10-02'),
(523, 'HJX2549588', 6, '2023-10-05', '2023-10-08', 6, 29, 'house', 1, 2, '罐頭一次50公克', '花蓮縣豐濱鄉豐濱路六段789號', 500, 4000, 1, '2023-10-02'),
(524, 'HJX2549685', 6, '2023-10-05', '2023-10-06', 6, 41, 'beauty', 1, 2, '罐頭一次50公克', '雲林縣虎尾鎮新光路三段789號', 500, 2000, 2, '2023-10-02'),
(525, 'HJX2549657', 7, '2023-10-05', '2023-10-06', 7, 39, 'feed', 2, 1, '罐頭一次50公克', '苗栗縣三義鄉民生路七段234號', 800, 3200, 3, '2023-10-02'),
(526, 'HJX2549448', 9, '2023-10-05', '2023-10-08', 9, 7, 'beauty', 2, 2, '罐頭一次50公克', '澎湖縣西嶼鄉中山路八段123號', 600, 9600, 4, '2023-10-02'),
(527, 'HJX2549489', 10, '2023-10-05', '2023-10-06', 10, 30, 'house', 1, 2, '罐頭一次50公克', '澎湖縣望安鄉望安路七段234號', 500, 2000, 1, '2023-10-02'),
(528, 'HJX2549756', 10, '2023-10-05', '2023-10-08', 10, 41, 'feed', 2, 1, '罐頭一次50公克', '新竹市東區自強路六段789號', 800, 6400, 3, '2023-10-02'),
(529, 'HJX2549560', 10, '2023-10-05', '2023-10-08', 10, 52, 'beauty', 2, 1, '飲水機的水要幫我換一下', '雲林縣土庫鎮文化路十段789號', 800, 6400, 3, '2023-10-02'),
(530, 'HJX2549629', 11, '2023-10-05', '2023-10-06', 11, 38, 'feed', 1, 2, '記得清貓砂', '新竹市香山區香山路九段456號', 500, 2000, 3, '2023-10-02'),
(531, 'HJX2549365', 14, '2023-10-05', '2023-10-08', 14, 3, 'house', 1, 1, '記得清貓砂', '花蓮縣吉安鄉中山路十段789號', 450, 1800, 1, '2023-10-02'),
(532, 'HJX2549728', 14, '2023-10-05', '2023-10-08', 14, 48, 'feed', 1, 2, '記得清貓砂', '基隆市信義區信義路八段123號', 500, 4000, 3, '2023-10-02'),
(533, 'HJX2549532', 15, '2023-10-05', '2023-10-08', 15, 37, 'feed', 2, 2, '記得清貓砂', '南投縣仁愛鄉興國路二段56號', 500, 8000, 3, '2023-10-02'),
(534, 'HJX2549601', 15, '2023-10-05', '2023-10-06', 15, 38, 'feed', 1, 1, '飯後要吃藥', '基隆市仁愛區仁二路四段789號', 400, 800, 3, '2023-10-02'),
(535, 'HJX2549700', 18, '2023-10-05', '2023-10-08', 18, 36, 'feed', 1, 1, '飯後要吃藥', '台南市東區崇明路一段56號', 400, 1600, 3, '2023-10-02'),
(536, 'HJX2549461', 19, '2023-10-05', '2023-10-06', 18, 18, 'beauty', 2, 1, '罐頭一次50公克', '嘉義市西區自由路一段234號', 800, 3200, 3, '2023-10-02'),
(537, 'HJX2549573', 19, '2023-10-05', '2023-10-06', 19, 44, 'feed', 1, 2, '飲水機的水要幫我換一下', '苗栗縣三義鄉民生路七段234號', 800, 3200, 3, '2023-10-02'),
(538, 'HJX2549672', 22, '2023-10-05', '2023-10-08', 22, 32, 'feed', 1, 2, '飲水機的水要幫我換一下', '新竹市東區自強路六段789號', 800, 6400, 3, '2023-10-02'),
(539, 'HJX2549769', 23, '2023-10-05', '2023-10-06', 23, 33, 'feed', 1, 2, '飲水機的水要幫我換一下', '桃園市中壢區民主路三段789號', 800, 3200, 3, '2023-10-02'),
(540, 'HJX2549504', 24, '2023-10-05', '2023-10-08', 24, 31, 'house', 1, 1, '飯後要吃藥', '彰化縣大村鄉文化路六段123號', 400, 1600, 3, '2023-10-02'),
(541, 'HJX2549779', 26, '2023-10-04', '2023-10-05', 26, 1, 'house', 1, 1, '飯後要吃藥', '彰化縣大村鄉文化路六段123號', 400, 800, 1, '2023-10-02'),
(542, 'HJX2549906', 26, '2023-10-04', '2023-10-07', 26, 14, 'feed', 1, 2, '記得清貓砂', '彰化縣鹿港鎮南崁路一段234號', 500, 4000, 3, '2023-10-02'),
(543, 'HJX2550018', 27, '2023-10-04', '2023-10-07', 27, 25, 'beauty', 2, 2, '罐頭一次50公克', '南投縣水里鄉民族路三段789號', 600, 9600, 4, '2023-10-02'),
(544, 'HJX2550115', 28, '2023-10-04', '2023-10-05', 28, 1, 'house', 2, 2, '記得清貓砂', '宜蘭縣頭城鎮民生路十段789號', 600, 4800, 3, '2023-10-02'),
(545, 'HJX2549919', 29, '2023-10-04', '2023-10-05', 29, 1, 'beauty', 2, 2, '罐頭一次50公克', '雲林縣口湖鄉和平路四段123號', 600, 4800, 4, '2023-10-02'),
(546, 'HJX2549962', 29, '2023-10-04', '2023-10-07', 29, 6, 'house', 1, 2, '罐頭一次50公克', '台東縣長賓鄉長賓路五段456號', 500, 4000, 1, '2023-10-02'),
(547, 'HJX2549850', 30, '2023-10-04', '2023-10-07', 30, 2, 'feed', 1, 2, '飲水機的水要幫我換一下', '南投縣竹山鎮中正路九段456號', 450, 3600, 3, '2023-10-02'),
(548, 'HJX2549934', 30, '2023-10-04', '2023-10-07', 30, 9, 'beauty', 2, 1, '罐頭一次50公克', '南投縣竹山鎮中正路九段456號', 800, 6400, 3, '2023-10-02'),
(549, 'HJX2549863', 30, '2023-10-04', '2023-10-05', 30, 10, 'house', 1, 2, '罐頭一次50公克', '花蓮縣豐濱鄉豐濱路六段789號', 500, 2000, 1, '2023-10-02'),
(550, 'HJX2549835', 30, '2023-10-04', '2023-10-05', 30, 17, 'beauty', 2, 1, '飲水機的水要幫我換一下', '雲林縣土庫鎮文化路十段789號', 800, 3200, 3, '2023-10-02'),
(551, 'HJX2549878', 30, '2023-10-04', '2023-10-07', 30, 23, 'feed', 1, 1, '飯後要吃藥', '苗栗縣苑里鎮中山路五段456號', 400, 1600, 3, '2023-10-02'),
(552, 'HJX2550046', 31, '2023-10-04', '2023-10-07', 31, 21, 'feed', 1, 2, '飲水機的水要幫我換一下', '基隆市仁愛區民權路五段456號', 800, 6400, 3, '2023-10-02'),
(553, 'HJX2549891', 32, '2023-10-04', '2023-10-05', 32, 4, 'beauty', 1, 1, '記得清貓砂', '南投縣埔里鎮中正路六段789號', 450, 900, 3, '2023-10-02'),
(554, 'HJX2550143', 32, '2023-10-04', '2023-10-05', 32, 22, 'beauty', 1, 2, '飲水機的水要幫我換一下', '台中市北區北平路二段56號', 800, 3200, 3, '2023-10-02'),
(555, 'HJX2549807', 33, '2023-10-04', '2023-10-05', 33, 1, 'feed', 2, 2, '記得清貓砂', '南投縣仁愛鄉興國路二段56號', 500, 4000, 1, '2023-10-02'),
(556, 'HJX2549822', 33, '2023-10-04', '2023-10-07', 33, 8, 'beauty', 2, 2, '罐頭一次50公克', '花蓮縣光覆鄉文明路七段234號', 600, 9600, 4, '2023-10-02'),
(557, 'HJX2549794', 33, '2023-10-04', '2023-10-07', 33, 13, 'house', 1, 1, '記得清貓砂', '台東縣卑南鄉民權路九段456號', 450, 1800, 1, '2023-10-02'),
(558, 'HJX2549975', 34, '2023-10-04', '2023-10-05', 34, 14, 'feed', 1, 1, '飯後要吃藥', '台南市東區崇明路一段56號', 400, 800, 3, '2023-10-02'),
(559, 'HJX2550074', 35, '2023-10-04', '2023-10-07', 35, 17, 'feed', 1, 1, '飯後要吃藥', '桃園市八德區中山路三段234號', 400, 1600, 3, '2023-10-02'),
(560, 'HJX2550003', 36, '2023-10-04', '2023-10-05', 36, 10, 'feed', 1, 2, '記得清貓砂', '基隆市信義區信義路八段123號', 500, 2000, 3, '2023-10-02'),
(561, 'HJX2550031', 39, '2023-10-04', '2023-10-05', 39, 7, 'feed', 2, 1, '罐頭一次50公克', '新竹市東區自強路六段789號', 800, 3200, 3, '2023-10-02'),
(562, 'HJX2550102', 39, '2023-10-04', '2023-10-07', 39, 13, 'feed', 1, 2, '記得清貓砂', '台南市安南區中正路七段234號', 500, 4000, 1, '2023-10-02'),
(563, 'HJX2550130', 40, '2023-10-04', '2023-10-07', 40, 9, 'feed', 2, 1, '罐頭一次50公克', '基隆市仁愛區民權路五段456號', 800, 6400, 3, '2023-10-02'),
(564, 'HJX2549990', 41, '2023-10-04', '2023-10-07', 41, 2, 'house', 1, 1, '記得清貓砂', '彰化縣彰化市自由路五段456號', 450, 1800, 3, '2023-10-02'),
(565, 'HJX2550059', 41, '2023-10-04', '2023-10-05', 41, 6, 'beauty', 1, 2, '罐頭一次50公克', '南投縣仁愛鄉興國路二段56號', 500, 2000, 2, '2023-10-02'),
(566, 'HJX2550087', 43, '2023-10-04', '2023-10-05', 43, 3, 'beauty', 1, 1, '記得清貓砂', '新竹市東區南大路二段789號', 450, 900, 3, '2023-10-02'),
(567, 'HJX2549947', 43, '2023-10-04', '2023-10-05', 43, 18, 'feed', 1, 2, '飲水機的水要幫我換一下', '新竹市東區自強路六段789號', 800, 3200, 3, '2023-10-02'),
(568, 'HJX2549379', 1, '2023-10-06', '2023-10-07', 1, 7, 'feed', 2, 2, '罐頭一次50公克', '嘉義市北區中華路四段123號', 500, 4000, 3, '2023-10-03'),
(569, 'HJX2549645', 1, '2023-10-06', '2023-10-09', 1, 38, 'beauty', 2, 2, '罐頭一次50公克', '嘉義市東區文雅路五段456號', 600, 9600, 4, '2023-10-03'),
(570, 'HJX2549742', 1, '2023-10-06', '2023-10-07', 1, 48, 'house', 2, 2, '罐頭一次50公克', '彰化縣二林鎮中山路二段56號', 600, 4800, 4, '2023-10-03'),
(571, 'HJX2549546', 2, '2023-10-06', '2023-10-07', 2, 52, 'beauty', 2, 2, '罐頭一次50公克', '台東縣海端鄉中正路六段789號', 600, 4800, 4, '2023-10-03'),
(572, 'HJX2549477', 4, '2023-10-06', '2023-10-09', 4, 18, 'feed', 1, 3, '飲水機的水要幫我換一下', '台中市北區中清路五段456號', 450, 5400, 3, '2023-10-03'),
(573, 'HJX2549617', 4, '2023-10-06', '2023-10-09', 4, 38, 'house', 1, 1, '記得清貓砂', '雲林縣鬥六市新生路七段234號', 450, 1800, 1, '2023-10-03'),
(574, 'HJX2549351', 5, '2023-10-06', '2023-10-07', 5, 3, 'house', 1, 1, '飯後要吃藥', '雲林縣鬥南鎮仁愛路七段234號', 400, 800, 3, '2023-10-03'),
(575, 'HJX2549714', 5, '2023-10-06', '2023-10-07', 5, 48, 'beauty', 1, 1, '記得清貓砂', '苗栗縣通霄鎮和平路四段123號', 450, 900, 3, '2023-10-03'),
(576, 'HJX2549518', 6, '2023-10-06', '2023-10-07', 6, 24, 'house', 1, 1, '記得清貓砂', '嘉義市西區西門路八段123號', 450, 900, 1, '2023-10-03'),
(577, 'HJX2549589', 6, '2023-10-06', '2023-10-09', 6, 29, 'house', 1, 2, '罐頭一次50公克', '澎湖縣望安鄉望安路七段234號', 500, 4000, 1, '2023-10-03'),
(578, 'HJX2549686', 6, '2023-10-06', '2023-10-07', 6, 42, 'house', 1, 2, '罐頭一次50公克', '嘉義市北區中華路四段123號', 500, 2000, 2, '2023-10-03'),
(579, 'HJX2549658', 8, '2023-10-06', '2023-10-07', 8, 40, 'beauty', 2, 1, '罐頭一次50公克', '彰化縣和美鎮中山路八段123號', 800, 3200, 3, '2023-10-03'),
(580, 'HJX2549449', 10, '2023-10-06', '2023-10-09', 10, 7, 'feed', 2, 2, '罐頭一次50公克', '台北市大同區民族西路九段456號', 600, 9600, 3, '2023-10-03'),
(581, 'HJX2549490', 10, '2023-10-06', '2023-10-07', 10, 30, 'house', 1, 2, '罐頭一次50公克', '基隆市中山區中山路八段123號', 500, 2000, 1, '2023-10-03'),
(582, 'HJX2549561', 10, '2023-10-06', '2023-10-09', 10, 52, 'beauty', 2, 1, '罐頭一次50公克', '嘉義市西區自由路一段234號', 800, 6400, 3, '2023-10-03'),
(583, 'HJX2549757', 11, '2023-10-06', '2023-10-09', 11, 41, 'feed', 2, 1, '罐頭一次50公克', '苗栗縣三義鄉民生路七段234號', 800, 6400, 3, '2023-10-03'),
(584, 'HJX2549630', 12, '2023-10-06', '2023-10-07', 12, 38, 'feed', 1, 2, '記得清貓砂', '苗栗縣竹南鎮文化路十段789號', 500, 2000, 3, '2023-10-03'),
(585, 'HJX2549366', 15, '2023-10-06', '2023-10-09', 15, 3, 'house', 1, 1, '記得清貓砂', '澎湖縣湖西鄉湖西路一段234號', 450, 1800, 1, '2023-10-03'),
(586, 'HJX2549729', 15, '2023-10-06', '2023-10-09', 15, 48, 'feed', 1, 2, '記得清貓砂', '新竹市香山區香山路九段456號', 500, 4000, 3, '2023-10-03'),
(587, 'HJX2549533', 16, '2023-10-06', '2023-10-09', 16, 37, 'feed', 2, 2, '記得清貓砂', '雲林縣虎尾鎮新光路三段789號', 500, 8000, 3, '2023-10-03'),
(588, 'HJX2549602', 16, '2023-10-06', '2023-10-07', 16, 38, 'feed', 1, 1, '飯後要吃藥', '新竹市北區光明一路23號', 400, 800, 3, '2023-10-03'),
(589, 'HJX2549462', 19, '2023-10-06', '2023-10-07', 19, 18, 'beauty', 2, 1, '罐頭一次50公克', '台東縣池上鄉新光路二段56號', 800, 3200, 3, '2023-10-03'),
(590, 'HJX2549701', 19, '2023-10-06', '2023-10-09', 19, 37, 'feed', 1, 1, '飯後要吃藥', '基隆市仁愛區仁二路四段789號', 400, 1600, 3, '2023-10-03'),
(591, 'HJX2549574', 20, '2023-10-06', '2023-10-07', 20, 45, 'feed', 1, 2, '飲水機的水要幫我換一下', '彰化縣和美鎮中山路八段123號', 450, 1800, 3, '2023-10-03'),
(592, 'HJX2549673', 23, '2023-10-06', '2023-10-09', 23, 33, 'feed', 1, 2, '飲水機的水要幫我換一下', '苗栗縣三義鄉民生路七段234號', 800, 6400, 3, '2023-10-03'),
(593, 'HJX2549505', 25, '2023-10-06', '2023-10-09', 25, 24, 'house', 1, 1, '飯後要吃藥', '南投縣南投市民族路三段789號', 400, 1600, 3, '2023-10-03'),
(594, 'HJX2549780', 26, '2023-10-05', '2023-10-06', 26, 1, 'house', 1, 1, '飯後要吃藥', '南投縣南投市民族路三段789號', 400, 800, 1, '2023-10-03'),
(595, 'HJX2549907', 26, '2023-10-05', '2023-10-08', 26, 15, 'feed', 2, 2, '記得清貓砂', '南投縣仁愛鄉興國路二段56號', 500, 8000, 3, '2023-10-03'),
(596, 'HJX2550019', 28, '2023-10-05', '2023-10-08', 28, 1, 'beauty', 2, 2, '罐頭一次50公克', '雲林縣口湖鄉和平路四段123號', 600, 9600, 4, '2023-10-03'),
(597, 'HJX2549920', 29, '2023-10-05', '2023-10-06', 29, 1, 'beauty', 2, 2, '罐頭一次50公克', '嘉義市東區文雅路五段456號', 600, 4800, 4, '2023-10-03'),
(598, 'HJX2550116', 29, '2023-10-05', '2023-10-06', 29, 1, 'house', 2, 2, '罐頭一次50公克', '苗栗縣後龍鎮文學路一段234號', 600, 4800, 4, '2023-10-03'),
(599, 'HJX2549963', 29, '2023-10-05', '2023-10-08', 29, 6, 'house', 1, 2, '罐頭一次50公克', '花蓮縣豐濱鄉豐濱路六段789號', 500, 4000, 1, '2023-10-03'),
(600, 'HJX2549851', 30, '2023-10-05', '2023-10-08', 30, 3, 'feed', 1, 2, '飲水機的水要幫我換一下', '高雄市左營區自由路四段123號', 450, 3600, 3, '2023-10-03'),
(601, 'HJX2549864', 30, '2023-10-05', '2023-10-06', 30, 10, 'house', 1, 2, '罐頭一次50公克', '澎湖縣望安鄉望安路七段234號', 500, 2000, 1, '2023-10-03'),
(602, 'HJX2549836', 30, '2023-10-05', '2023-10-06', 30, 18, 'beauty', 2, 1, '罐頭一次50公克', '嘉義市西區自由路一段234號', 800, 3200, 3, '2023-10-03'),
(603, 'HJX2549935', 31, '2023-10-05', '2023-10-08', 31, 10, 'beauty', 2, 1, '飲水機的水要幫我換一下', '雲林縣土庫鎮文化路十段789號', 800, 6400, 3, '2023-10-03'),
(604, 'HJX2549879', 31, '2023-10-05', '2023-10-08', 31, 24, 'house', 1, 1, '飯後要吃藥', '彰化縣大村鄉文化路六段123號', 400, 1600, 3, '2023-10-03'),
(605, 'HJX2550047', 32, '2023-10-05', '2023-10-08', 32, 22, 'feed', 1, 2, '飲水機的水要幫我換一下', '新竹市東區自強路六段789號', 800, 6400, 3, '2023-10-03'),
(606, 'HJX2549808', 33, '2023-10-05', '2023-10-06', 33, 1, 'feed', 2, 2, '記得清貓砂', '雲林縣虎尾鎮新光路三段789號', 500, 4000, 1, '2023-10-03'),
(607, 'HJX2549892', 33, '2023-10-05', '2023-10-06', 33, 5, 'house', 1, 1, '記得清貓砂', '雲林縣鬥六市新生路七段234號', 450, 900, 1, '2023-10-03'),
(608, 'HJX2549823', 33, '2023-10-05', '2023-10-08', 33, 9, 'beauty', 2, 2, '罐頭一次50公克', '澎湖縣西嶼鄉中山路八段123號', 600, 9600, 4, '2023-10-03'),
(609, 'HJX2549795', 33, '2023-10-05', '2023-10-08', 33, 14, 'house', 1, 1, '記得清貓砂', '花蓮縣吉安鄉中山路十段789號', 450, 1800, 1, '2023-10-03'),
(610, 'HJX2550144', 33, '2023-10-05', '2023-10-06', 33, 23, 'feed', 1, 2, '飲水機的水要幫我換一下', '桃園市中壢區民主路三段789號', 800, 3200, 3, '2023-10-03'),
(611, 'HJX2549976', 35, '2023-10-05', '2023-10-06', 35, 15, 'feed', 1, 1, '飯後要吃藥', '基隆市仁愛區仁二路四段789號', 400, 800, 3, '2023-10-03'),
(612, 'HJX2550075', 36, '2023-10-05', '2023-10-08', 36, 18, 'feed', 1, 1, '飯後要吃藥', '台南市東區崇明路一段56號', 400, 1600, 3, '2023-10-03'),
(613, 'HJX2550004', 37, '2023-10-05', '2023-10-06', 37, 11, 'feed', 1, 2, '記得清貓砂', '新竹市香山區香山路九段456號', 500, 2000, 3, '2023-10-03'),
(614, 'HJX2550032', 39, '2023-10-05', '2023-10-06', 39, 7, 'feed', 2, 1, '罐頭一次50公克', '苗栗縣三義鄉民生路七段234號', 800, 3200, 3, '2023-10-03'),
(615, 'HJX2550103', 39, '2023-10-05', '2023-10-08', 39, 14, 'feed', 1, 2, '記得清貓砂', '基隆市信義區信義路八段123號', 500, 4000, 3, '2023-10-03'),
(616, 'HJX2550060', 41, '2023-10-05', '2023-10-06', 41, 6, 'beauty', 1, 2, '罐頭一次50公克', '雲林縣虎尾鎮新光路三段789號', 500, 2000, 2, '2023-10-03'),
(617, 'HJX2550131', 41, '2023-10-05', '2023-10-08', 41, 10, 'feed', 2, 1, '罐頭一次50公克', '新竹市東區自強路六段789號', 800, 6400, 3, '2023-10-03'),
(618, 'HJX2549991', 42, '2023-10-05', '2023-10-08', 42, 3, 'beauty', 1, 1, '記得清貓砂', '南投縣埔里鎮中正路六段789號', 450, 1800, 3, '2023-10-03'),
(619, 'HJX2550088', 44, '2023-10-05', '2023-10-06', 44, 4, 'beauty', 1, 1, '記得清貓砂', '宜蘭縣宜蘭市神農路三段234號', 450, 900, 3, '2023-10-03'),
(620, 'HJX2549948', 44, '2023-10-05', '2023-10-06', 44, 19, 'feed', 1, 2, '飲水機的水要幫我換一下', '苗栗縣三義鄉民生路七段234號', 800, 3200, 3, '2023-10-03'),
(621, 'HJX2549506', 1, '2023-10-07', '2023-10-10', 1, 24, 'house', 1, 1, '飯後要吃藥', '雲林縣鬥南鎮仁愛路七段234號', 400, 1600, 3, '2023-10-04'),
(622, 'HJX2549519', 1, '2023-10-07', '2023-10-08', 1, 24, 'house', 1, 1, '記得清貓砂', '台東縣卑南鄉民權路九段456號', 450, 900, 1, '2023-10-04'),
(623, 'HJX2549646', 1, '2023-10-07', '2023-10-10', 1, 38, 'beauty', 2, 2, '罐頭一次50公克', '台東縣海端鄉中正路六段789號', 600, 9600, 4, '2023-10-04'),
(624, 'HJX2549380', 2, '2023-10-07', '2023-10-08', 2, 7, 'house', 2, 2, '記得清貓砂', '台東縣長賓鄉長賓路五段456號', 500, 4000, 3, '2023-10-04'),
(625, 'HJX2549743', 2, '2023-10-07', '2023-10-08', 2, 31, 'beauty', 2, 2, '罐頭一次50公克', '南投縣水里鄉民族路三段789號', 600, 4800, 4, '2023-10-04'),
(626, 'HJX2549547', 2, '2023-10-07', '2023-10-08', 2, 52, 'beauty', 2, 2, '罐頭一次50公克', '花蓮縣光覆鄉文明路七段234號', 600, 4800, 4, '2023-10-04'),
(627, 'HJX2549478', 4, '2023-10-07', '2023-10-10', 4, 18, 'feed', 1, 3, '飲水機的水要幫我換一下', '桃園市桃園區和平路六段789號', 450, 5400, 2, '2023-10-04'),
(628, 'HJX2549618', 5, '2023-10-07', '2023-10-10', 5, 38, 'house', 1, 1, '記得清貓砂', '嘉義市西區西門路八段123號', 450, 1800, 1, '2023-10-04'),
(629, 'HJX2549352', 6, '2023-10-07', '2023-10-08', 6, 3, 'house', 1, 1, '記得清貓砂', '嘉義市東區光覆路二段56號', 400, 800, 3, '2023-10-04'),
(630, 'HJX2549590', 6, '2023-10-07', '2023-10-10', 6, 29, 'house', 1, 2, '罐頭一次50公克', '基隆市中山區中山路八段123號', 500, 4000, 1, '2023-10-04'),
(631, 'HJX2549715', 6, '2023-10-07', '2023-10-08', 6, 48, 'house', 1, 1, '記得清貓砂', '彰化縣彰化市自由路五段456號', 450, 900, 3, '2023-10-04'),
(632, 'HJX2549687', 7, '2023-10-07', '2023-10-08', 7, 42, 'house', 1, 2, '罐頭一次50公克', '台東縣長賓鄉長賓路五段456號', 500, 2000, 1, '2023-10-04'),
(633, 'HJX2549659', 9, '2023-10-07', '2023-10-08', 9, 40, 'beauty', 2, 1, '罐頭一次50公克', '南投縣竹山鎮中正路九段456號', 800, 3200, 3, '2023-10-04'),
(634, 'HJX2549450', 10, '2023-10-07', '2023-10-10', 10, 7, 'feed', 2, 2, '罐頭一次50公克', '新北市新莊區和平路十段789號', 600, 9600, 3, '2023-10-04'),
(635, 'HJX2549562', 10, '2023-10-07', '2023-10-10', 10, 52, 'beauty', 2, 1, '罐頭一次50公克', '台東縣池上鄉新光路二段56號', 800, 6400, 3, '2023-10-04'),
(636, 'HJX2549491', 11, '2023-10-07', '2023-10-08', 11, 30, 'feed', 1, 2, '罐頭一次50公克', '新竹市北區民主路九段456號', 500, 2000, 1, '2023-10-04'),
(637, 'HJX2549758', 12, '2023-10-07', '2023-10-10', 12, 42, 'beauty', 2, 1, '罐頭一次50公克', '彰化縣和美鎮中山路八段123號', 800, 6400, 3, '2023-10-04'),
(638, 'HJX2549631', 13, '2023-10-07', '2023-10-08', 13, 38, 'feed', 1, 2, '記得清貓砂', '彰化縣鹿港鎮南崁路一段234號', 500, 2000, 3, '2023-10-04'),
(639, 'HJX2549367', 16, '2023-10-07', '2023-10-10', 16, 3, 'house', 1, 1, '記得清貓砂', '台北市中正區中山南路二段56號', 450, 1800, 1, '2023-10-04'),
(640, 'HJX2549730', 16, '2023-10-07', '2023-10-10', 16, 48, 'feed', 1, 2, '記得清貓砂', '苗栗縣竹南鎮文化路十段789號', 500, 4000, 3, '2023-10-04'),
(641, 'HJX2549534', 17, '2023-10-07', '2023-10-10', 17, 37, 'feed', 2, 2, '罐頭一次50公克', '嘉義市北區中華路四段123號', 500, 8000, 3, '2023-10-04'),
(642, 'HJX2549603', 17, '2023-10-07', '2023-10-08', 17, 38, 'feed', 1, 1, '飯後要吃藥', '苗栗縣苑里鎮中山路五段456號', 400, 800, 3, '2023-10-04'),
(643, 'HJX2549463', 20, '2023-10-07', '2023-10-08', 20, 18, 'beauty', 2, 2, '飲水機的水要幫我換一下', '花蓮縣瑞穗鄉和平路三段789號', 800, 6400, 3, '2023-10-04'),
(644, 'HJX2549702', 20, '2023-10-07', '2023-10-10', 20, 38, 'feed', 1, 1, '飯後要吃藥', '新竹市北區光明一路23號', 400, 1600, 3, '2023-10-04'),
(645, 'HJX2549575', 21, '2023-10-07', '2023-10-08', 21, 26, 'feed', 1, 2, '飲水機的水要幫我換一下', '南投縣竹山鎮中正路九段456號', 450, 1800, 3, '2023-10-04'),
(646, 'HJX2549674', 24, '2023-10-07', '2023-10-10', 24, 34, 'feed', 1, 2, '飲水機的水要幫我換一下', '彰化縣和美鎮中山路八段123號', 450, 3600, 3, '2023-10-04'),
(647, 'HJX2549781', 26, '2023-10-06', '2023-10-07', 26, 1, 'house', 1, 1, '飯後要吃藥', '雲林縣鬥南鎮仁愛路七段234號', 400, 800, 1, '2023-10-04'),
(648, 'HJX2550089', 26, '2023-10-06', '2023-10-07', 26, 5, 'beauty', 1, 1, '記得清貓砂', '苗栗縣通霄鎮和平路四段123號', 450, 900, 3, '2023-10-04'),
(649, 'HJX2549908', 26, '2023-10-06', '2023-10-09', 26, 16, 'feed', 2, 2, '記得清貓砂', '雲林縣虎尾鎮新光路三段789號', 500, 8000, 3, '2023-10-04'),
(650, 'HJX2549824', 28, '2023-10-06', '2023-10-09', 28, 10, 'feed', 2, 2, '罐頭一次50公克', '台北市大同區民族西路九段456號', 600, 9600, 3, '2023-10-04'),
(651, 'HJX2550020', 29, '2023-10-06', '2023-10-09', 29, 1, 'beauty', 2, 2, '罐頭一次50公克', '嘉義市東區文雅路五段456號', 600, 9600, 4, '2023-10-04'),
(652, 'HJX2549964', 29, '2023-10-06', '2023-10-09', 29, 6, 'house', 1, 2, '罐頭一次50公克', '澎湖縣望安鄉望安路七段234號', 500, 4000, 1, '2023-10-04'),
(653, 'HJX2550117', 30, '2023-10-06', '2023-10-07', 30, 1, 'house', 2, 2, '罐頭一次50公克', '彰化縣二林鎮中山路二段56號', 600, 4800, 4, '2023-10-04'),
(654, 'HJX2549921', 30, '2023-10-06', '2023-10-07', 30, 2, 'beauty', 2, 2, '罐頭一次50公克', '台東縣海端鄉中正路六段789號', 600, 4800, 4, '2023-10-04'),
(655, 'HJX2549852', 30, '2023-10-06', '2023-10-09', 30, 4, 'feed', 1, 3, '飲水機的水要幫我換一下', '台中市北區中清路五段456號', 450, 5400, 3, '2023-10-04'),
(656, 'HJX2549865', 30, '2023-10-06', '2023-10-07', 30, 10, 'house', 1, 2, '罐頭一次50公克', '基隆市中山區中山路八段123號', 500, 2000, 1, '2023-10-04'),
(657, 'HJX2549837', 30, '2023-10-06', '2023-10-07', 30, 19, 'beauty', 2, 1, '罐頭一次50公克', '台東縣池上鄉新光路二段56號', 800, 3200, 3, '2023-10-04'),
(658, 'HJX2549936', 32, '2023-10-06', '2023-10-09', 32, 10, 'beauty', 2, 1, '罐頭一次50公克', '嘉義市西區自由路一段234號', 800, 6400, 3, '2023-10-04'),
(659, 'HJX2549880', 32, '2023-10-06', '2023-10-09', 32, 25, 'house', 1, 1, '飯後要吃藥', '南投縣南投市民族路三段789號', 400, 1600, 3, '2023-10-04'),
(660, 'HJX2549809', 33, '2023-10-06', '2023-10-07', 33, 1, 'feed', 2, 2, '罐頭一次50公克', '嘉義市北區中華路四段123號', 500, 4000, 2, '2023-10-04'),
(661, 'HJX2549796', 33, '2023-10-06', '2023-10-09', 33, 15, 'house', 1, 1, '記得清貓砂', '澎湖縣湖西鄉湖西路一段234號', 450, 1800, 1, '2023-10-04'),
(662, 'HJX2550048', 33, '2023-10-06', '2023-10-09', 33, 23, 'feed', 1, 2, '飲水機的水要幫我換一下', '苗栗縣三義鄉民生路七段234號', 800, 6400, 3, '2023-10-04'),
(663, 'HJX2549893', 34, '2023-10-06', '2023-10-07', 34, 6, 'house', 1, 1, '記得清貓砂', '嘉義市西區西門路八段123號', 450, 900, 1, '2023-10-04'),
(664, 'HJX2549977', 36, '2023-10-06', '2023-10-07', 36, 16, 'feed', 1, 1, '飯後要吃藥', '新竹市北區光明一路23號', 400, 800, 3, '2023-10-04'),
(665, 'HJX2550076', 37, '2023-10-06', '2023-10-09', 37, 19, 'feed', 1, 1, '飯後要吃藥', '基隆市仁愛區仁二路四段789號', 400, 1600, 3, '2023-10-04'),
(666, 'HJX2550005', 38, '2023-10-06', '2023-10-07', 38, 12, 'feed', 1, 2, '記得清貓砂', '苗栗縣竹南鎮文化路十段789號', 500, 2000, 3, '2023-10-04'),
(667, 'HJX2550104', 39, '2023-10-06', '2023-10-09', 39, 15, 'feed', 1, 2, '記得清貓砂', '新竹市香山區香山路九段456號', 500, 4000, 3, '2023-10-04'),
(668, 'HJX2550033', 40, '2023-10-06', '2023-10-07', 40, 8, 'beauty', 2, 1, '罐頭一次50公克', '彰化縣和美鎮中山路八段123號', 800, 3200, 3, '2023-10-04'),
(669, 'HJX2550132', 41, '2023-10-06', '2023-10-09', 41, 11, 'feed', 2, 1, '罐頭一次50公克', '苗栗縣三義鄉民生路七段234號', 800, 6400, 3, '2023-10-04'),
(670, 'HJX2550061', 42, '2023-10-06', '2023-10-07', 42, 6, 'house', 1, 2, '罐頭一次50公克', '嘉義市北區中華路四段123號', 500, 2000, 2, '2023-10-04'),
(671, 'HJX2549992', 43, '2023-10-06', '2023-10-09', 43, 4, 'house', 1, 1, '記得清貓砂', '雲林縣鬥六市新生路七段234號', 450, 1800, 1, '2023-10-04'),
(672, 'HJX2549949', 45, '2023-10-06', '2023-10-07', 45, 20, 'feed', 1, 2, '飲水機的水要幫我換一下', '彰化縣和美鎮中山路八段123號', 450, 1800, 3, '2023-10-04'),
(673, 'HJX2549353', 1, '2023-10-08', '2023-10-09', 1, 3, 'beauty', 1, 1, '記得清貓砂', '台東縣台東市建國路八段789號', 400, 800, 3, '2023-10-05'),
(674, 'HJX2549381', 2, '2023-10-08', '2023-10-09', 2, 7, 'house', 2, 2, '記得清貓砂', '花蓮縣豐濱鄉豐濱路六段789號', 500, 4000, 3, '2023-10-05'),
(675, 'HJX2549548', 2, '2023-10-08', '2023-10-09', 2, 52, 'beauty', 2, 2, '罐頭一次50公克', '澎湖縣西嶼鄉中山路八段123號', 600, 4800, 4, '2023-10-05'),
(676, 'HJX2549744', 3, '2023-10-08', '2023-10-09', 3, 32, 'beauty', 2, 2, '罐頭一次50公克', '雲林縣口湖鄉和平路四段123號', 600, 4800, 4, '2023-10-05'),
(677, 'HJX2549716', 6, '2023-10-08', '2023-10-09', 6, 48, 'beauty', 1, 1, '記得清貓砂', '南投縣埔里鎮中正路六段789號', 450, 900, 3, '2023-10-05'),
(678, 'HJX2549520', 7, '2023-10-08', '2023-10-09', 7, 24, 'house', 1, 1, '記得清貓砂', '花蓮縣吉安鄉中山路十段789號', 450, 900, 1, '2023-10-05'),
(679, 'HJX2549688', 7, '2023-10-08', '2023-10-09', 7, 43, 'house', 1, 2, '罐頭一次50公克', '花蓮縣豐濱鄉豐濱路六段789號', 500, 2000, 1, '2023-10-05'),
(680, 'HJX2549660', 10, '2023-10-08', '2023-10-09', 10, 41, 'beauty', 2, 1, '飲水機的水要幫我換一下', '雲林縣土庫鎮文化路十段789號', 800, 3200, 3, '2023-10-05'),
(681, 'HJX2549492', 12, '2023-10-08', '2023-10-09', 12, 30, 'feed', 1, 2, '飲水機的水要幫我換一下', '宜蘭縣頭城鎮民生路十段789號', 500, 2000, 1, '2023-10-05'),
(682, 'HJX2549632', 14, '2023-10-08', '2023-10-09', 14, 38, 'feed', 2, 2, '記得清貓砂', '南投縣仁愛鄉興國路二段56號', 500, 4000, 3, '2023-10-05'),
(683, 'HJX2549604', 18, '2023-10-08', '2023-10-09', 18, 38, 'house', 1, 1, '飯後要吃藥', '彰化縣大村鄉文化路六段123號', 400, 800, 3, '2023-10-05'),
(684, 'HJX2549464', 21, '2023-10-08', '2023-10-09', 21, 18, 'beauty', 2, 2, '飲水機的水要幫我換一下', '澎湖縣湖南鄉湖南路四段123號', 800, 6400, 3, '2023-10-05'),
(685, 'HJX2549576', 22, '2023-10-08', '2023-10-09', 22, 26, 'feed', 1, 2, '飲水機的水要幫我換一下', '高雄市左營區自由路四段123號', 450, 1800, 3, '2023-10-05'),
(686, 'HJX2549782', 26, '2023-10-07', '2023-10-08', 26, 1, 'house', 1, 1, '記得清貓砂', '嘉義市東區光覆路二段56號', 400, 800, 1, '2023-10-05'),
(687, 'HJX2549993', 26, '2023-10-07', '2023-10-10', 26, 5, 'house', 1, 1, '記得清貓砂', '嘉義市西區西門路八段123號', 450, 1800, 1, '2023-10-05'),
(688, 'HJX2549909', 26, '2023-10-07', '2023-10-10', 26, 17, 'feed', 2, 2, '罐頭一次50公克', '嘉義市北區中華路四段123號', 500, 8000, 3, '2023-10-05'),
(689, 'HJX2549950', 26, '2023-10-07', '2023-10-08', 26, 21, 'feed', 1, 2, '飲水機的水要幫我換一下', '南投縣竹山鎮中正路九段456號', 450, 1800, 3, '2023-10-05'),
(690, 'HJX2550090', 27, '2023-10-07', '2023-10-08', 27, 6, 'house', 1, 1, '記得清貓砂', '彰化縣彰化市自由路五段456號', 450, 900, 3, '2023-10-05'),
(691, 'HJX2549825', 28, '2023-10-07', '2023-10-10', 28, 10, 'feed', 2, 2, '罐頭一次50公克', '新北市新莊區和平路十段789號', 600, 9600, 3, '2023-10-05'),
(692, 'HJX2549965', 29, '2023-10-07', '2023-10-10', 29, 6, 'house', 1, 2, '罐頭一次50公克', '基隆市中山區中山路八段123號', 500, 4000, 1, '2023-10-05'),
(693, 'HJX2549978', 29, '2023-10-07', '2023-10-08', 29, 17, 'feed', 1, 1, '飯後要吃藥', '苗栗縣苑里鎮中山路五段456號', 400, 800, 3, '2023-10-05'),
(694, 'HJX2550021', 30, '2023-10-07', '2023-10-10', 30, 1, 'beauty', 2, 2, '罐頭一次50公克', '台東縣海端鄉中正路六段789號', 600, 9600, 4, '2023-10-05'),
(695, 'HJX2549922', 30, '2023-10-07', '2023-10-08', 30, 2, 'beauty', 2, 2, '罐頭一次50公克', '花蓮縣光覆鄉文明路七段234號', 600, 4800, 4, '2023-10-05'),
(696, 'HJX2549853', 30, '2023-10-07', '2023-10-10', 30, 4, 'feed', 1, 3, '飲水機的水要幫我換一下', '桃園市桃園區和平路六段789號', 450, 5400, 2, '2023-10-05'),
(697, 'HJX2549866', 30, '2023-10-07', '2023-10-08', 30, 11, 'feed', 1, 2, '罐頭一次50公克', '新竹市北區民主路九段456號', 500, 2000, 1, '2023-10-05'),
(698, 'HJX2549838', 30, '2023-10-07', '2023-10-08', 30, 20, 'beauty', 2, 2, '飲水機的水要幫我換一下', '花蓮縣瑞穗鄉和平路三段789號', 800, 6400, 3, '2023-10-05'),
(699, 'HJX2550118', 31, '2023-10-07', '2023-10-08', 31, 2, 'beauty', 2, 2, '罐頭一次50公克', '南投縣水里鄉民族路三段789號', 600, 4800, 4, '2023-10-05'),
(700, 'HJX2549881', 33, '2023-10-07', '2023-10-10', 33, 1, 'house', 1, 1, '飯後要吃藥', '雲林縣鬥南鎮仁愛路七段234號', 400, 1600, 3, '2023-10-05'),
(701, 'HJX2549810', 33, '2023-10-07', '2023-10-08', 33, 2, 'house', 2, 2, '記得清貓砂', '台東縣長賓鄉長賓路五段456號', 500, 4000, 3, '2023-10-05'),
(702, 'HJX2549937', 33, '2023-10-07', '2023-10-10', 33, 10, 'beauty', 2, 1, '罐頭一次50公克', '台東縣池上鄉新光路二段56號', 800, 6400, 3, '2023-10-05'),
(703, 'HJX2549797', 33, '2023-10-07', '2023-10-10', 33, 16, 'house', 1, 1, '記得清貓砂', '台北市中正區中山南路二段56號', 450, 1800, 1, '2023-10-05'),
(704, 'HJX2550049', 34, '2023-10-07', '2023-10-10', 34, 24, 'feed', 1, 2, '飲水機的水要幫我換一下', '彰化縣和美鎮中山路八段123號', 450, 3600, 3, '2023-10-05'),
(705, 'HJX2549894', 35, '2023-10-07', '2023-10-08', 35, 1, 'house', 1, 1, '記得清貓砂', '台東縣卑南鄉民權路九段456號', 450, 900, 1, '2023-10-05'),
(706, 'HJX2550077', 38, '2023-10-07', '2023-10-10', 38, 20, 'feed', 1, 1, '飯後要吃藥', '新竹市北區光明一路23號', 400, 1600, 3, '2023-10-05'),
(707, 'HJX2550006', 39, '2023-10-07', '2023-10-08', 39, 13, 'feed', 1, 2, '記得清貓砂', '彰化縣鹿港鎮南崁路一段234號', 500, 2000, 3, '2023-10-05'),
(708, 'HJX2550034', 40, '2023-10-07', '2023-10-08', 40, 9, 'beauty', 2, 1, '罐頭一次50公克', '南投縣竹山鎮中正路九段456號', 800, 3200, 3, '2023-10-05'),
(709, 'HJX2550105', 40, '2023-10-07', '2023-10-10', 40, 16, 'feed', 1, 2, '記得清貓砂', '苗栗縣竹南鎮文化路十段789號', 500, 4000, 3, '2023-10-05'),
(710, 'HJX2550062', 42, '2023-10-07', '2023-10-08', 42, 7, 'house', 1, 2, '罐頭一次50公克', '台東縣長賓鄉長賓路五段456號', 500, 2000, 1, '2023-10-05'),
(711, 'HJX2550133', 42, '2023-10-07', '2023-10-10', 42, 12, 'beauty', 2, 1, '罐頭一次50公克', '彰化縣和美鎮中山路八段123號', 800, 6400, 3, '2023-10-05'),
(712, 'HJX2549382', 2, '2023-10-09', '2023-10-10', 2, 7, 'house', 2, 2, '記得清貓砂', '澎湖縣望安鄉望安路七段234號', 500, 4000, 3, '2023-10-06'),
(713, 'HJX2549549', 2, '2023-10-09', '2023-10-10', 2, 52, 'feed', 2, 2, '罐頭一次50公克', '台北市大同區民族西路九段456號', 600, 4800, 3, '2023-10-06'),
(714, 'HJX2549745', 4, '2023-10-09', '2023-10-10', 4, 33, 'beauty', 2, 2, '罐頭一次50公克', '嘉義市東區文雅路五段456號', 600, 4800, 4, '2023-10-06'),
(715, 'HJX2549717', 6, '2023-10-09', '2023-10-10', 6, 48, 'house', 1, 1, '記得清貓砂', '雲林縣鬥六市新生路七段234號', 450, 900, 1, '2023-10-06'),
(716, 'HJX2549354', 7, '2023-10-09', '2023-10-10', 7, 3, 'beauty', 1, 1, '記得清貓砂', '花蓮縣花蓮市民族路九段123號', 450, 900, 3, '2023-10-06'),
(717, 'HJX2549689', 7, '2023-10-09', '2023-10-10', 7, 44, 'house', 1, 2, '罐頭一次50公克', '澎湖縣望安鄉望安路七段234號', 500, 2000, 1, '2023-10-06'),
(718, 'HJX2549521', 8, '2023-10-09', '2023-10-10', 8, 24, 'house', 1, 1, '記得清貓砂', '澎湖縣湖西鄉湖西路一段234號', 450, 900, 1, '2023-10-06'),
(719, 'HJX2549661', 11, '2023-10-09', '2023-10-10', 11, 41, 'beauty', 2, 1, '罐頭一次50公克', '嘉義市西區自由路一段234號', 800, 3200, 3, '2023-10-06'),
(720, 'HJX2549493', 13, '2023-10-09', '2023-10-10', 13, 30, 'house', 1, 2, '飲水機的水要幫我換一下', '苗栗縣後龍鎮文學路一段234號', 500, 2000, 1, '2023-10-06'),
(721, 'HJX2549633', 15, '2023-10-09', '2023-10-10', 15, 38, 'feed', 2, 2, '記得清貓砂', '雲林縣虎尾鎮新光路三段789號', 500, 4000, 3, '2023-10-06'),
(722, 'HJX2549605', 19, '2023-10-09', '2023-10-10', 19, 38, 'house', 1, 1, '飯後要吃藥', '南投縣南投市民族路三段789號', 400, 800, 3, '2023-10-06'),
(723, 'HJX2549465', 22, '2023-10-09', '2023-10-10', 22, 18, 'beauty', 2, 2, '飲水機的水要幫我換一下', '台北市大同區民族西路九段456號', 800, 6400, 3, '2023-10-06'),
(724, 'HJX2549577', 23, '2023-10-09', '2023-10-10', 23, 26, 'feed', 1, 3, '飲水機的水要幫我換一下', '台中市北區中清路五段456號', 450, 2700, 3, '2023-10-06'),
(725, 'HJX2549783', 26, '2023-10-08', '2023-10-09', 26, 1, 'beauty', 1, 1, '記得清貓砂', '台東縣台東市建國路八段789號', 400, 800, 1, '2023-10-06'),
(726, 'HJX2549951', 26, '2023-10-08', '2023-10-09', 26, 22, 'feed', 1, 2, '飲水機的水要幫我換一下', '高雄市左營區自由路四段123號', 450, 1800, 3, '2023-10-06'),
(727, 'HJX2550091', 28, '2023-10-08', '2023-10-09', 28, 6, 'beauty', 1, 1, '記得清貓砂', '南投縣埔里鎮中正路六段789號', 450, 900, 3, '2023-10-06'),
(728, 'HJX2549923', 30, '2023-10-08', '2023-10-09', 30, 2, 'beauty', 2, 2, '罐頭一次50公克', '澎湖縣西嶼鄉中山路八段123號', 600, 4800, 4, '2023-10-06'),
(729, 'HJX2549867', 30, '2023-10-08', '2023-10-09', 30, 12, 'feed', 1, 2, '飲水機的水要幫我換一下', '宜蘭縣頭城鎮民生路十段789號', 500, 2000, 1, '2023-10-06'),
(730, 'HJX2549979', 30, '2023-10-08', '2023-10-09', 30, 18, 'house', 1, 1, '飯後要吃藥', '彰化縣大村鄉文化路六段123號', 400, 800, 3, '2023-10-06'),
(731, 'HJX2549839', 30, '2023-10-08', '2023-10-09', 30, 21, 'beauty', 2, 2, '飲水機的水要幫我換一下', '澎湖縣湖南鄉湖南路四段123號', 800, 6400, 3, '2023-10-06'),
(732, 'HJX2550119', 32, '2023-10-08', '2023-10-09', 32, 3, 'beauty', 2, 2, '罐頭一次50公克', '雲林縣口湖鄉和平路四段123號', 600, 4800, 4, '2023-10-06'),
(733, 'HJX2549811', 33, '2023-10-08', '2023-10-09', 33, 2, 'house', 2, 2, '記得清貓砂', '花蓮縣豐濱鄉豐濱路六段789號', 500, 4000, 3, '2023-10-06'),
(734, 'HJX2549895', 36, '2023-10-08', '2023-10-09', 36, 7, 'house', 1, 1, '記得清貓砂', '花蓮縣吉安鄉中山路十段789號', 450, 900, 1, '2023-10-06'),
(735, 'HJX2550007', 39, '2023-10-08', '2023-10-09', 39, 14, 'feed', 2, 2, '記得清貓砂', '南投縣仁愛鄉興國路二段56號', 500, 4000, 3, '2023-10-06'),
(736, 'HJX2550035', 41, '2023-10-08', '2023-10-09', 41, 10, 'beauty', 2, 1, '飲水機的水要幫我換一下', '雲林縣土庫鎮文化路十段789號', 800, 3200, 3, '2023-10-06'),
(737, 'HJX2550063', 43, '2023-10-08', '2023-10-09', 43, 7, 'house', 1, 2, '罐頭一次50公克', '花蓮縣豐濱鄉豐濱路六段789號', 500, 2000, 1, '2023-10-06'),
(738, 'HJX2549784', 26, '2023-10-09', '2023-10-10', 26, 7, 'beauty', 1, 1, '記得清貓砂', '花蓮縣花蓮市民族路九段123號', 450, 900, 3, '2023-10-07'),
(739, 'HJX2549952', 26, '2023-10-09', '2023-10-10', 26, 23, 'feed', 1, 3, '飲水機的水要幫我換一下', '台中市北區中清路五段456號', 450, 2700, 3, '2023-10-07'),
(740, 'HJX2550092', 29, '2023-10-09', '2023-10-10', 29, 6, 'house', 1, 1, '記得清貓砂', '雲林縣鬥六市新生路七段234號', 450, 900, 1, '2023-10-07'),
(741, 'HJX2549868', 30, '2023-10-09', '2023-10-10', 30, 13, 'house', 1, 2, '飲水機的水要幫我換一下', '苗栗縣後龍鎮文學路一段234號', 500, 2000, 1, '2023-10-07'),
(742, 'HJX2549840', 30, '2023-10-09', '2023-10-10', 30, 22, 'beauty', 2, 2, '飲水機的水要幫我換一下', '台北市大同區民族西路九段456號', 800, 6400, 3, '2023-10-07'),
(743, 'HJX2549924', 31, '2023-10-09', '2023-10-10', 31, 2, 'feed', 2, 2, '罐頭一次50公克', '台北市大同區民族西路九段456號', 600, 4800, 3, '2023-10-07'),
(744, 'HJX2549980', 31, '2023-10-09', '2023-10-10', 31, 19, 'house', 1, 1, '飯後要吃藥', '南投縣南投市民族路三段789號', 400, 800, 3, '2023-10-07'),
(745, 'HJX2549812', 33, '2023-10-09', '2023-10-10', 33, 2, 'house', 2, 2, '記得清貓砂', '澎湖縣望安鄉望安路七段234號', 500, 4000, 3, '2023-10-07'),
(746, 'HJX2550120', 33, '2023-10-09', '2023-10-10', 33, 4, 'beauty', 2, 2, '罐頭一次50公克', '嘉義市東區文雅路五段456號', 600, 4800, 4, '2023-10-07'),
(747, 'HJX2549896', 37, '2023-10-09', '2023-10-10', 37, 8, 'house', 1, 1, '記得清貓砂', '澎湖縣湖西鄉湖西路一段234號', 450, 900, 1, '2023-10-07'),
(748, 'HJX2550008', 39, '2023-10-09', '2023-10-10', 39, 15, 'feed', 2, 2, '記得清貓砂', '雲林縣虎尾鎮新光路三段789號', 500, 4000, 3, '2023-10-07'),
(749, 'HJX2550036', 41, '2023-10-09', '2023-10-10', 41, 11, 'beauty', 2, 1, '罐頭一次50公克', '嘉義市西區自由路一段234號', 800, 3200, 3, '2023-10-07'),
(750, 'HJX2550064', 44, '2023-10-09', '2023-10-10', 44, 7, 'house', 1, 2, '罐頭一次50公克', '澎湖縣望安鄉望安路七段234號', 500, 2000, 1, '2023-10-07');

-- --------------------------------------------------------

--
-- 資料表結構 `orders`
--

CREATE TABLE `orders` (
  `order_id` int(30) NOT NULL,
  `coupon_id` int(30) NOT NULL,
  `user_id` int(30) NOT NULL,
  `status_id` int(3) NOT NULL,
  `created_at` varchar(50) NOT NULL,
  `total_amount` int(50) NOT NULL,
  `oid` varchar(50) NOT NULL,
  `order_price` int(30) NOT NULL COMMENT '訂單金額(未含運費及優惠)',
  `sale` int(10) NOT NULL COMMENT '訂單折扣金額',
  `freight` int(10) NOT NULL COMMENT '運費',
  `order_payment` int(10) NOT NULL COMMENT '0=LINEPAY，1=貨到付款',
  `order_shipment` int(10) NOT NULL COMMENT '0=宅配，1=門市取貨',
  `buyer_name` varchar(255) NOT NULL,
  `buyer_phone` varchar(255) NOT NULL,
  `buyer_address` varchar(255) NOT NULL,
  `order_info` varchar(2000) NOT NULL
) ENGINE=InnoDB DEFAULT CHARSET=utf8mb4 COLLATE=utf8mb4_general_ci;

--
-- 傾印資料表的資料 `orders`
--

INSERT INTO `orders` (`order_id`, `coupon_id`, `user_id`, `status_id`, `created_at`, `total_amount`, `oid`, `order_price`, `sale`, `freight`, `order_payment`, `order_shipment`, `buyer_name`, `buyer_phone`, `buyer_address`, `order_info`) VALUES
(1, 3, 1, 1, '2023/10/16  14:43:20', 1302, '1697438600489', 1602, 300, 0, 3, 2, '王曉明', '09121212122', '小貓兩三隻門市', ''),
(2, 5, 1, 3, '2023/10/16  14:44:20', 3502, '1697438660542', 3602, 100, 0, 1, 1, '林聰明', '0915466849', '嘉義市西區西門街2號', ''),
(3, 30, 1, 3, '2023/10/16  14:45:40', 2556, '1697438740631', 2691, 135, 0, 2, 2, '陳杰', '0987545816', '小貓兩三隻門市', '{\"orderId\":1697438740631,\"currency\":\"TWD\",\"amount\":2556,\"packages\":[{\"id\":\"17c027fa-03d5-4200-b006-f784759d1967\",\"amount\":2556,\"products\":[{\"id\":19,\"name\":\"全齡貓無穀低碳凍乾糧\",\"quantity\":1,\"price\":765},{\"id\":15,\"name\":\"雞肉 全貓 低脂關節無穀貓糧\",\"quantity\":1,\"price\":1035},{\"id\":13,\"name\":\"成貓無穀 雞肉 鮭魚燉白魚\",\"quantity\":1,\"price\":891},{\"id\":0,\"name\":\"優惠券\",\"quantity\":1,\"price\":-135}]}],\"options\":{\"display\":{\"locale\":\"zh_TW\"}}}'),
(4, 6, 1, 2, '2023/10/16  14:48:57', 1043, '1697438937049', 1143, 100, 0, 1, 1, '林志玲', '0954848715', '桃園市龜山區龜山路4號1樓', ''),
(5, 3, 1, 2, '2023/10/16  14:51:42', 447, '1697439102754', 647, 300, 100, 1, 2, '周杰倫', '0917458155', '小貓兩三隻門市', ''),
(6, 5, 1, 1, '2023/10/16  14:53:21', 2483, '1697439201131', 2583, 100, 0, 3, 1, '蔡依林', '0944558877', '臺北市內湖區中央北路50巷135號之2', ''),
(7, 3, 1, 4, '2023/10/16  14:58:34', 3417, '1697439514535', 3717, 300, 0, 3, 1, '周迅', '0918188954', '彰化縣田中鎮田中央路', ''),
(8, 10, 1, 1, '2023/10/16  15:02:01', 1694, '1697439721652', 1734, 40, 0, 3, 1, '江海晨', '0955471852', '嘉義縣義竹鄉竹林路一段999號', ''),
(9, 5, 1, 3, '2023/10/16  15:03:07', 2030, '1697439787472', 2130, 100, 0, 1, 1, '翁立友', '0988745125', '苗栗縣西湖鄉大湖莓路82號', ''),
(10, 30, 1, 1, '2023/10/16  15:04:55', 4795, '1697439895853', 5048, 253, 0, 3, 2, '林子玲', '0966451358', '小貓兩三隻門市', ''),
(11, 6, 1, 1, '2023/10/16  15:05:56', 6380, '1697439956763', 6480, 100, 0, 1, 1, '王大明', '0945464651', '高雄市左營區營地路211號4樓', ''),
(12, 0, 1, 1, '2023/10/16  15:06:47', 1498, '1697440007618', 1498, 0, 0, 3, 2, '陳曉天', '0988754621', '小貓兩三隻門市', ''),
(13, 0, 1, 2, '2023/10/16  15:08:30', 2844, '1697440110577', 2844, 0, 0, 3, 1, '張傑明', '0955124369', '宜蘭縣三星鄉三星蔥路5號', ''),
(14, 3, 1, 3, '2023/10/16  15:09:33', 1788, '1697440173892', 2088, 300, 0, 3, 1, '陳零八', '0966541515', '新北市板橋區新板路1號', ''),
(15, 3, 1, 4, '2023/10/16  15:10:20', 1744, '1697440220365', 1744, 0, 0, 1, 2, '周子瑜', '09121316164', '小貓兩三隻門市', ''),
(16, 30, 1, 1, '2023/10/16  15:11:25', 407, '1697440285401', 324, 17, 100, 1, 1, '陳美麗', '0988451665', '宜蘭縣大同鄉大同路5號', ''),
(17, 5, 1, 3, '2023/10/16  15:12:05', 761, '1697440325779', 761, 100, 100, 3, 2, '張韶涵', '09154641356', '小貓兩三隻門市', ''),
(18, 0, 1, 1, '2023/10/16  15:12:47', 1125, '1697440367485', 1125, 0, 0, 1, 1, '金泰妍', '09554156322', '新北市土城區土雞城路98號', ''),
(19, 5, 1, 3, '2023/10/16  15:13:45', 352, '1697440425729', 352, 100, 100, 3, 1, '葉舒華', '09554136481', '臺東縣大武鄉武林路5巷89號', ''),
(20, 0, 1, 2, '2023/10/16  15:14:29', 3212, '1697440469203', 3212, 0, 0, 1, 1, '林棋', '09546615463', '新竹市北區新心路5號', ''),
(21, 10, 1, 1, '2023/10/16  15:44:29', 2048, '1697442269497', 2088, 40, 0, 3, 1, '蔡琴', '0966451258', '臺中市大里區禮明路56號', ''),
(22, 0, 1, 1, '2023/10/21  19:05:50', 2047, '1697886350213', 2047, 0, 0, 1, 1, '王大明', '0915154856', '臺北市中正區中正路5號', ''),
(23, 30, 1, 3, '2023/10/21  19:06:50', 3753, '1697886410377', 3951, 198, 0, 3, 1, '王曉明', '0918455784', '臺北市中正區中正路5號', ''),
(24, 3, 1, 1, '2023/10/21  19:08:04', 2992, '1697886484562', 3292, 300, 0, 3, 1, '陳雷', '0954615874', '高雄市阿蓮區蓮花路9號', ''),
(25, 5, 1, 3, '2023/10/21  19:09:17', 3023, '1697886557242', 3123, 100, 0, 1, 1, '陳曉天', '0954658745', '臺北市中正區中正路5號', ''),
(26, 3, 1, 3, '2023/10/21  19:10:24', 2184, '1697886624648', 2484, 300, 0, 2, 1, '張添新', '0912456789', '宜蘭縣礁溪鄉礁溪路654號', ''),
(27, 0, 1, 3, '2023/10/21  19:11:15', 465, '1697886675030', 365, 0, 100, 2, 1, '王大陸', '0912456987', '屏東縣新埤鄉東南路55號', ''),
(28, 3, 1, 3, '2023/10/21  19:14:29', 1230, '1697886869971', 1530, 300, 0, 3, 1, '蔡依林', '0912451245', '屏東縣崁頂鄉鼎新路5段5號', ''),
(29, 6, 1, 1, '2023/10/21  19:15:20', 1158, '1697886920173', 1258, 100, 0, 1, 1, '施夢樂', '0945162584', '基隆市仁愛區仁愛5路9號', ''),
(30, 5, 1, 3, '2023/10/21  19:18:26', 999, '1697887106115', 999, 100, 100, 2, 2, '余天樂', '0915487481', '小貓兩三隻門市', ''),
(31, 6, 1, 1, '2023/10/21  19:19:14', 2357, '1697887154619', 2457, 100, 0, 2, 2, '王梅', '0988451554', '小貓兩三隻門市', '');

-- --------------------------------------------------------

--
-- 資料表結構 `order_details`
--

CREATE TABLE `order_details` (
  `order_detail_id` int(30) NOT NULL,
  `order_id` varchar(50) NOT NULL,
  `product_id` int(30) NOT NULL,
  `product_type` int(10) NOT NULL,
  `quantity` int(30) NOT NULL
) ENGINE=InnoDB DEFAULT CHARSET=utf8mb4 COLLATE=utf8mb4_general_ci;

--
-- 傾印資料表的資料 `order_details`
--

INSERT INTO `order_details` (`order_detail_id`, `order_id`, `product_id`, `product_type`, `quantity`) VALUES
(1, '1697438100597', 4, 1, 1),
(2, '1697438100597', 2, 1, 2),
(3, '1697438257191', 16, 2, 1),
(4, '1697438257191', 14, 1, 1),
(5, '1697438600489', 14, 1, 1),
(6, '1697438600489', 12, 1, 1),
(7, '1697438660542', 3, 1, 1),
(8, '1697438660542', 21, 1, 1),
(9, '1697438660542', 17, 1, 2),
(10, '1697438740631', 19, 1, 1),
(11, '1697438740631', 15, 1, 1),
(12, '1697438740631', 13, 3, 1),
(13, '1697438937049', 218, 1, 1),
(14, '1697439102754', 63, 1, 1),
(15, '1697439102754', 107, 1, 1),
(16, '1697439102754', 111, 1, 1),
(17, '1697439201131', 9, 1, 1),
(18, '1697439201131', 7, 1, 1),
(19, '1697439514535', 5, 2, 3),
(20, '1697439721652', 3, 2, 1),
(21, '1697439721652', 107, 2, 1),
(22, '1697439787472', 14, 1, 1),
(23, '1697439787472', 3, 1, 1),
(24, '1697439895853', 12, 1, 1),
(25, '1697439895853', 11, 1, 1),
(26, '1697439895853', 9, 1, 1),
(27, '1697439895853', 8, 1, 1),
(28, '1697439895853', 7, 1, 1),
(29, '1697439956763', 7, 1, 4),
(30, '1697440007618', 211, 1, 1),
(31, '1697440007618', 200, 1, 1),
(32, '1697440007618', 187, 1, 1),
(33, '1697440007618', 315, 1, 1),
(34, '1697440110577', 12, 1, 4),
(35, '1697440173892', 9, 1, 1),
(36, '1697440173892', 11, 1, 1),
(37, '1697440220365', 8, 1, 2),
(38, '1697440220365', 134, 1, 3),
(39, '1697440285401', 111, 1, 3),
(40, '1697440325779', 315, 1, 1),
(41, '1697440325779', 211, 1, 1),
(42, '1697440367485', 11, 1, 1),
(43, '1697440425729', 58, 1, 4),
(44, '1697440425729', 63, 1, 4),
(45, '1697440469203', 8, 1, 1),
(46, '1697440469203', 7, 1, 1),
(47, '1697440469203', 9, 1, 1),
(48, '1697442269497', 11, 1, 1),
(49, '1697442269497', 9, 1, 1),
(50, '1697886350213', 100, 1, 3),
(51, '1697886350213', 180, 1, 1),
(52, '1697886350213', 330, 1, 2),
(53, '1697886410377', 200, 1, 1),
(54, '1697886410377', 2, 2, 2),
(55, '1697886484562', 12, 1, 1),
(56, '1697886484562', 21, 1, 1),
(57, '1697886484562', 17, 1, 2),
(58, '1697886557242', 218, 1, 1),
(59, '1697886557242', 200, 1, 1),
(60, '1697886624648', 21, 1, 1),
(61, '1697886624648', 200, 1, 1),
(62, '1697886624648', 164, 1, 1),
(63, '1697886675030', 107, 1, 1),
(64, '1697886675030', 111, 1, 1),
(65, '1697886869971', 14, 1, 2),
(66, '1697886920173', 3, 1, 2),
(67, '1697887106115', 175, 1, 1),
(68, '1697887106115', 164, 1, 1),
(69, '1697887154619', 211, 1, 1),
(70, '1697887154619', 33, 1, 1),
(71, '1697887154619', 63, 1, 1);

-- --------------------------------------------------------

--
-- 資料表結構 `order_payment`
--

CREATE TABLE `order_payment` (
  `id` int(5) NOT NULL,
  `payment` varchar(255) NOT NULL
) ENGINE=InnoDB DEFAULT CHARSET=utf8mb4 COLLATE=utf8mb4_unicode_ci;

--
-- 傾印資料表的資料 `order_payment`
--

INSERT INTO `order_payment` (`id`, `payment`) VALUES
(1, '信用卡'),
(2, 'Line Pay'),
(3, '貨到付款');

-- --------------------------------------------------------

--
-- 資料表結構 `order_shipment`
--

CREATE TABLE `order_shipment` (
  `id` int(5) NOT NULL,
  `shipment` varchar(255) NOT NULL
) ENGINE=InnoDB DEFAULT CHARSET=utf8mb4 COLLATE=utf8mb4_unicode_ci;

--
-- 傾印資料表的資料 `order_shipment`
--

INSERT INTO `order_shipment` (`id`, `shipment`) VALUES
(1, '宅配'),
(2, '門市取貨');

-- --------------------------------------------------------

--
-- 資料表結構 `order_status`
--

CREATE TABLE `order_status` (
  `status_id` int(3) NOT NULL,
  `status_name` varchar(30) NOT NULL
) ENGINE=InnoDB DEFAULT CHARSET=utf8mb4 COLLATE=utf8mb4_unicode_ci;

--
-- 傾印資料表的資料 `order_status`
--

INSERT INTO `order_status` (`status_id`, `status_name`) VALUES
(1, '待出貨'),
(2, '運送中'),
(3, '已完成'),
(4, '已取消'),
(5, '待付款');

-- --------------------------------------------------------

--
-- 資料表結構 `otp`
--

CREATE TABLE `otp` (
  `id` int(11) UNSIGNED NOT NULL,
  `user_id` int(11) DEFAULT NULL,
  `email` varchar(200) DEFAULT NULL,
  `token` int(200) DEFAULT NULL,
  `exp_timestamp` bigint(20) DEFAULT NULL
) ENGINE=InnoDB DEFAULT CHARSET=utf8mb4 COLLATE=utf8mb4_general_ci;

--
-- 傾印資料表的資料 `otp`
--

INSERT INTO `otp` (`id`, `user_id`, `email`, `token`, `exp_timestamp`) VALUES
(1, 83, 'cat23example@gmail.kcom', 97402, 1697426114762),
(2, 83, 'cat23example@gmail.com', 487103, 1697439873694),
(3, 83, 'cat23example@gmail.com', 421094, 1697445049213);

-- --------------------------------------------------------

--
-- 資料表結構 `products`
--

CREATE TABLE `products` (
  `product_id` int(30) NOT NULL,
  `product_name` varchar(100) NOT NULL,
  `vendor` varchar(30) NOT NULL,
  `category_id` int(30) NOT NULL,
  `subcategory_id` int(30) DEFAULT NULL,
  `description` varchar(500) NOT NULL,
  `price` int(30) NOT NULL,
  `specialoffer` int(5) NOT NULL,
  `quantity` int(30) NOT NULL,
  `sales` int(5) NOT NULL COMMENT '銷售量',
  `created_at` date NOT NULL,
  `images_one` varchar(255) NOT NULL,
  `images_two` varchar(255) NOT NULL,
  `images_three` varchar(255) NOT NULL,
  `images_four` varchar(255) NOT NULL
) ENGINE=InnoDB DEFAULT CHARSET=utf8mb4 COLLATE=utf8mb4_unicode_ci;

--
-- 傾印資料表的資料 `products`
--

INSERT INTO `products` (`product_id`, `product_name`, `vendor`, `category_id`, `subcategory_id`, `description`, `price`, `specialoffer`, `quantity`, `sales`, `created_at`, `images_one`, `images_two`, `images_three`, `images_four`) VALUES
(1, '貓用體重控制配方', 'Farmina 法米納', 1, 1, '<p><strong>特點：</strong></p>\n<ul>\n    <li>WDJ多年推薦、DFA五星級評等</li>\n    <li>產品取得第三方公正機關認證有效</li>\n    <li>台灣唯一 天然等級處方飼料，不含肉粉、動物副產品、香料及染色劑</li>\n    <li>降低能量密度、提升纖維含量，供肥貓咪減重使用</li>\n    <li>體重過重、血糖管理</li>\n</ul>', 1377, 1239, 100, 24, '2023-07-05', 'https://cdn-front.mao-select.com.tw//upload_files/fonlego-rwd/prodpic/D_M07ND5191917-a(1).jpg', 'https://cdn-front.mao-select.com.tw//upload_files/fonlego-rwd/prodpic/D_M07ND5191917-a.jpg', 'https://cdn-front.mao-select.com.tw//upload_files/fonlego-rwd/prodpic/D_M07ND5191917-a(1).jpg', 'https://cdn-front.mao-select.com.tw//upload_files/fonlego-rwd/prodpic/D_M07ND5191917-a.jpg'),
(2, '貓用極低敏(水解蛋白)配方', 'Farmina 法米納', 1, 1, '<p><strong>其他特點：</strong></p>\n<ul>\n    <li>WDJ多年推薦、DFA五星級評等</li>\n    <li>產品取得第三方公正機關認證有效</li>\n    <li>台灣唯一天然等級處方飼料，不含肉粉、動物副產品、香料及染色劑</li>\n    <li>僅使用水解蛋白與水解精米澱粉作為營養來源</li>\n    <li>選用優質魚肉蛋白質並水解至3000道爾吞</li>\n    <li>添加非常豐富的omega-3脂肪酸，供皮膚保健使用</li>\n    <li>可作為食物過品的排除試驗使用</li>\n</ul>', 1800, 1620, 100, 26, '2023-07-07', 'https://cdn-front.mao-select.com.tw//upload_files/fonlego-rwd/prodpic/D_M07ND5191922-規格(1).jpg', 'https://cdn-front.mao-select.com.tw//upload_files/fonlego-rwd/prodpic/D_M07ND5191922-規格.jpg', 'https://cdn-front.mao-select.com.tw//upload_files/fonlego-rwd/prodpic/D_M07ND5191922-規格(1).jpg', 'https://cdn-front.mao-select.com.tw//upload_files/fonlego-rwd/prodpic/D_M07ND5191922-規格.jpg'),
(3, '搖搖凍乾無穀糧 - 雞肉', '肉球世界', 1, 1, '<p><strong>特點：</strong></p>\n<ul>\n    <li>加拿大無穀糧80%含肉量</li>\n    <li>超大碗超滿意5%雞肉凍乾</li>\n    <li>泌尿系統保健2.5%藍莓、蔓越莓萃取</li>\n    <li>無穀物、高纖維、低碳水、高蛋白</li>\n</ul>', 699, 629, 100, 27, '2023-07-08', 'https://cdn-front.mao-select.com.tw//upload_files/fonlego-rwd/prodpic/D_M3PPL040201(1).jpg', 'https://cdn-front.mao-select.com.tw//upload_files/fonlego-rwd/prodpic/D_M3PPL040201-a.jpg', 'https://cdn-front.mao-select.com.tw//upload_files/fonlego-rwd/prodpic/D_M3PPL040201(1).jpg', 'https://cdn-front.mao-select.com.tw//upload_files/fonlego-rwd/prodpic/D_M3PPL040201-a.jpg'),
(4, '貓用經典無穀無豆天然糧 ', '自然邏輯', 1, 1, '<p><strong>特點：</strong></p>\n<ul>\n    <li>100%天然維生素，精選18種以上新鮮蔬菜水果萃取</li>\n    <li>無添加人工化學合成維生素、礦物質及胺基酸</li>\n    <li>不添加化學防腐劑、人工香料或色素</li>\n    <li>不含玉米、小麥、大米、大豆、水稻、馬鈴薯、木薯或豌豆等容易引起過敏的食材</li>\n    <li>不含麩質食物</li>\n    <li>多三倍吸收效果</li>\n    <li>低升糖、低碳水化合物25%</li>\n    <li>加入豐富消化酶和益生菌，維持腸道健康</li>\n    <li>全天然成分更好吸收，消化率93%以上</li>\n    <li>雞肉成份 : 雞肉茸、小米、雞脂肪（以天然混合生育酚保存）、南瓜子、酵母、乾燥雞肝、乾燥蛋、苜蓿營養濃縮液、蒙脫土、乾燥海帶、乾燥豬血漿、乾燥番茄、杏仁、菊苣根乾、胡蘿蔔乾、蘋果乾、鯡魚肉茸、南瓜乾、杏桃乾、藍莓乾、菠菜乾、西蘭花乾、蔓越莓乾、香菜、朝鮮薊乾、迷迭香、蘑菇乾、乾燥嗜酸乳酸桿菌發酵物、乾酪瓣乳酸桿菌發酵物、乾燥枯草桿菌雙歧桿菌發酵物', 1070, 963, 100, 28, '2023-07-09', 'https://cdn-front.mao-select.com.tw//upload_files/fonlego-rwd/prodpic/D_M3NSL040101(1).jpg', 'https://cdn-front.mao-select.com.tw//upload_files/fonlego-rwd/prodpic/D_M3NSL040101-a.jpg', 'https://cdn-front.mao-select.com.tw//upload_files/fonlego-rwd/prodpic/D_M3NSL040101(1).jpg', 'https://cdn-front.mao-select.com.tw//upload_files/fonlego-rwd/prodpic/D_M3NSL040101-a.jpg'),
(5, '無穀鮮肉糧佐凍乾 - 貓用 ', 'Hyperr超躍', 1, 1, '<p><strong>特點：</strong></p>\n<ul>\n    <li>74% 高含肉量，特選加拿大新鮮全雞肉及北美超級蔬果</li>\n    <li>添加紐西蘭凍乾鹿肉，富含蛋白質與胺基酸，提升整體營養</li>\n    <li>顆粒飼料+凍乾，雙重口感，肉香濃郁，增添食慾</li>\n    <li>依循AAFCO全年齡營養標準打造，滿足貓咪日常所需營養</li>\n</ul>', 920, 828, 100, 29, '2023-07-10', 'https://cdn-front.mao-select.com.tw//upload_files/fonlego-rwd/prodpic/D_M3HP040201-0.jpg', 'https://cdn-front.mao-select.com.tw//upload_files/fonlego-rwd/prodpic/D_K2HP040201-a(1).jpg', 'https://cdn-front.mao-select.com.tw//upload_files/fonlego-rwd/prodpic/D_M3HP040201-0.jpg', 'https://cdn-front.mao-select.com.tw//upload_files/fonlego-rwd/prodpic/D_K2HP040201-a(1).jpg'),
(6, '98%冷凍乾燥生食餐 - 貓用 ', 'Hyperr超躍', 1, 1, '<p><strong>特點：</strong></p>\n<ul>\n    <li>98%高含肉量，嚴選紐西蘭新鮮放牧鹿肉，豐富肉類蛋白質及胺基酸</li>\n    <li>冷凍乾燥製成，濃縮4倍鮮肉營養及精華，保留肉絲紋理及天然原肉濃郁香氣</li>\n    <li>添加紐西蘭綠唇貝及麥蘆卡蜂蜜，幫助關節及消化健康</li>\n    <li>依循AAFCO全年齡營養標準打造，滿足貓貓每日所需必需營養</li>\n</ul>', 1250, 1125, 100, 30, '2023-07-11', 'https://cdn-front.mao-select.com.tw//upload_files/fonlego-rwd/prodpic/D_M3HP040101-0.jpg', 'https://cdn-front.mao-select.com.tw//upload_files/fonlego-rwd/prodpic/D_M3HP040101-a.jpg', 'https://cdn-front.mao-select.com.tw//upload_files/fonlego-rwd/prodpic/D_M3HP040101-0.jpg', 'https://cdn-front.mao-select.com.tw//upload_files/fonlego-rwd/prodpic/D_M3HP040101-a.jpg'),
(7, '95%頂級深海魚油', '毛孩時代', 4, 14, '<p><strong>特點：</strong></p>\n<ul>\n    <li>最高純度95%以上Omega-3</li>\n    <li>針對毛孩身體的高吸收rTG型態</li>\n    <li>高新鮮度及高純淨度</li>\n</ul>', 790, 711, 100, 31, '2023-07-12', 'https://cdn-front.mao-select.com.tw//upload_files/fonlego-rwd/prodpic/D_A1PTI0713-0.jpg', 'https://cdn-front.mao-select.com.tw//upload_files/fonlego-rwd/prodpic/D_a(310).jpg', 'https://cdn-front.mao-select.com.tw//upload_files/fonlego-rwd/prodpic/D_b(254).jpg', 'https://cdn-front.mao-select.com.tw//upload_files/fonlego-rwd/prodpic/D_b(254).jpg'),
(8, '成貓無穀 雞肉 鮭魚燉白魚', 'HALO 嘿囉', 1, 1, '<p><strong>特點：</strong></p>\n<ul>\n    <li>加倍益生菌 更好消化</li>\n    <li>最接近鮮食的乾糧</li>\n    <li>純鮮肉 0添加肉粉</li>\n</ul>', 990, 891, 100, 32, '2023-07-13', 'https://cdn-front.mao-select.com.tw//upload_files/fonlego-rwd/prodpic/D_M07HA619101-雞肉.jpg', 'https://cdn-front.mao-select.com.tw//upload_files/fonlego-rwd/prodpic/D_a(284).jpg', 'https://cdn-front.mao-select.com.tw//upload_files/fonlego-rwd/prodpic/D_b(237).jpg', 'https://cdn-front.mao-select.com.tw//upload_files/fonlego-rwd/prodpic/D_b(237).jpg'),
(9, '幼貓無穀 雞肉 鮭魚燉白魚', 'HALO 嘿囉', 1, 1, '<p><strong>特點：</strong></p>\n<ul>\n    <li>加倍益生菌 更好消化</li>\n    <li>最接近鮮食的乾糧</li>\n    <li>純鮮肉 0添加肉粉</li>\n</ul>\n\n<p><strong>雞肉成份：</strong></p>\n<ul>\n    <li>新鮮雞肉，甘薯，豌豆，豬肉，啤酒酵母粉，雞脂(以綜合維生素E保存)，豌豆蛋白，鷹嘴豆，扁豆，天然香料，蔓越莓，蛋粉，亞麻籽，磷酸二鈣，鮭魚油，酵母菌，豌豆纖維，天然鹽，碳酸鈣，菊苣纖維，礦物質，維生素，牛磺酸，氯化膽鹼，乾芽孢乳酸菌，乳清粉，綜合維生素E（天然防腐劑），迷迭香萃取物</li>\n</ul>\n\n<p><strong>保證成分分析：</strong></p>\n<ul>\n    <li>粗蛋白質不低於34%</li>\n    <li>粗脂肪不低於18%</li>\n    <li>粗纖維不高於5%</li>\n    <li>水分不高於9%</li>\n    <li>DHA不低於0.15%</li>\n    <li>維他命E不低於225 IU/kg</li>\n    <li>牛磺酸不', 990, 891, 100, 33, '2023-07-14', 'https://cdn-front.mao-select.com.tw//upload_files/fonlego-rwd/prodpic/D_M3HA040101-幼貓雞肉.jpg', 'https://cdn-front.mao-select.com.tw//upload_files/fonlego-rwd/prodpic/D_a(284).jpg', 'https://cdn-front.mao-select.com.tw//upload_files/fonlego-rwd/prodpic/D_b(237).jpg', 'https://cdn-front.mao-select.com.tw//upload_files/fonlego-rwd/prodpic/D_b(237).jpg'),
(10, '雞肉 全貓 低脂關節無穀貓糧', 'go!', 1, 1, '<p><strong>特別推薦：體重過重或需要關節保健的貓咪</strong></p>\n<p>去骨放牧雞，肉質精實、脂肪含量低，提供豐富蛋白質、胺基酸強健肌肉發展。</p>\n\n<ul>\n    <li>葡萄糖胺、軟骨素添加，維持行動力</li>\n    <li>左旋肉鹼，幫助燃燒脂肪轉化成能量</li>\n    <li>洋車前子，富含纖維增加飽足感</li>\n    <li>新鮮蔬果，抗氧化作用增加自然抵抗力</li>\n</ul>\n\n<p><strong>成分：</strong></p>\n<ul>\n    <li>去骨雞肉、碗豆、雞肉粉、馬鈴薯、鷹嘴豆、碗豆纖維、曬乾紫花苜蓿、亞麻籽、雞肉脂肪(以天然混合生育酚保存)、天然香料、洋車前子、雞軟骨、蘋果、番茄、胡蘿蔔、乾燥菊苣根、氯化膽鹼、維生素(維生素E、維生素B3、抗壞血酸多聚磷酸鈉(維生素C來源)、維生素B1、維生素H、維生素A、維生素B5、β-胡蘿蔔素、維生素B2、維生素B6、維生素B12、維生素D3、葉酸)、礦物質(鋅蛋白、硫酸亞鐵、氧化鋅、鐵蛋白、硫酸銅、亞硒酸鈉、銅蛋白、錳蛋白、氧化錳、碘酸鈣)、益生菌(乾燥腸球菌發酵物)、', 1150, 1035, 100, 34, '2023-07-15', 'https://cdn-front.mao-select.com.tw//upload_files/fonlego-rwd/prodpic/D_M3GO040401-0.jpg', 'https://cdn-front.mao-select.com.tw//upload_files/fonlego-rwd/prodpic/D_a(269).jpg', 'https://cdn-front.mao-select.com.tw//upload_files/fonlego-rwd/prodpic/D_M3GO040401-0.jpg', 'https://cdn-front.mao-select.com.tw//upload_files/fonlego-rwd/prodpic/D_a(269).jpg'),
(11, '鮭魚 全貓 腸胃保健貓糧', 'go!', 1, 1, '<p><strong>特別推薦：消化不良或腸道問題的貓咪</strong></p>\n<p>富含纖維的古代穀物、三種酵母混合物、專利益生菌，以維持寵物腸道健康。</p>\n\n<ul>\n    <li>特選消化專用的益生菌與益生元</li>\n    <li>菊苣根與酵母增進腸內菌叢平衡</li>\n    <li>加拿大野生鮭富含Omega-3幫助皮毛健康</li>\n    <li>新鮮蔬果，抗氧化作用增加自然抵抗力</li>\n</ul>\n\n<p><strong>成分：</strong></p>\n<ul>\n    <li>鮭魚粉、燕麥粉、去骨鮭魚、全粒燕麥、黑麥、雞肉脂肪(以天然混合生育酚保存)、番茄、天然香料、蘋果、小米、洋車前子、麥、胡蘿蔔、蔓越莓、氯化膽鹼、磷酸、酵母萃取物、水解酵母、乾燥釀酒酵母、高粱粉、氯化鉀、鹽、維生素(維生素E, 維生素B3、抗壞血酸多聚磷酸鈉(維生素C來源)、維生素B1、維生素H、維生素A、維生素B5、β-胡蘿蔔素、維生素B2、維生素B6、維生素B12、維生素D3、葉酸、礦物質(鋅蛋白、硫酸亞鐵、氧化鋅、鐵蛋白、硫酸銅、亞硒酸鈉、銅蛋白、錳蛋白、氧化錳、碘酸鈣)', 1150, 1035, 100, 35, '2023-07-16', 'https://cdn-front.mao-select.com.tw//upload_files/fonlego-rwd/prodpic/D_M3GO040501-0-.jpg', 'https://cdn-front.mao-select.com.tw//upload_files/fonlego-rwd/prodpic/D_a(268).jpg', 'https://cdn-front.mao-select.com.tw//upload_files/fonlego-rwd/prodpic/D_M3GO040501-0-.jpg', 'https://cdn-front.mao-select.com.tw//upload_files/fonlego-rwd/prodpic/D_a(268).jpg'),
(12, '貓用98%鮮肉主食糧 ', '怪獸部落', 1, 1, '<p><strong>特點：</strong></p>\n<ul>\n    <li>98%最高肉含量乾主食</li>\n    <li>0%穀類、豆類</li>\n    <li>&lt;5%碳水化合物</li>\n    <li>72℃低溫慢烘，保留食材營養</li>\n</ul>', 980, 882, 100, 36, '2023-07-17', 'https://cdn-front.mao-select.com.tw//upload_files/fonlego-rwd/prodpic/D_01雞肉.jpg', 'https://cdn-front.mao-select.com.tw//upload_files/fonlego-rwd/prodpic/D_a(255).jpg', 'https://cdn-front.mao-select.com.tw//upload_files/fonlego-rwd/prodpic/D_b(217).jpg', 'https://cdn-front.mao-select.com.tw//upload_files/fonlego-rwd/prodpic/D_b(217).jpg'),
(13, '貓用太空凍乾生肉糧 ', '怪獸部落', 1, 1, '<p><strong>特點：</strong></p>\n<ul>\n    <li>全球首創！凍乾雙拼</li>\n    <li>營養升級、美味加倍，打造嗜口性最高生食！</li>\n    <li>98%鮮肉含量，無穀低敏零香料</li>\n    <li>北美在地食材 × 獨家冷凍乾燥製程</li>\n</ul>', 430, 387, 100, 37, '2023-07-18', 'https://cdn-front.mao-select.com.tw//upload_files/fonlego-rwd/prodpic/D_01田園火雞.jpg', 'https://cdn-front.mao-select.com.tw//upload_files/fonlego-rwd/prodpic/D_M3LM040201-a.jpg', 'https://cdn-front.mao-select.com.tw//upload_files/fonlego-rwd/prodpic/D_M3LM040201-b.jpg', 'https://cdn-front.mao-select.com.tw//upload_files/fonlego-rwd/prodpic/D_M3LM040201-b.jpg'),
(14, '全齡貓無穀低碳凍乾糧', '陪心寵糧', 1, 1, '<p><strong>特點：</strong></p>\n<ul>\n    <li>1.添加１００%純雞胸肉凍乾丁</li>\n    <li>2.公開透明標示凍乾含量，絕不馬虎！</li>\n    <li>3.創造3%凍乾搭配乾糧的『完美比例』</li>\n    <li>4.低敏配方單一肉源</li>\n    <li>5.不含黃豆玉米小麥等高過敏源物質</li>\n    <li>6.添加乳酪粉＆凍乾，適口性升級</li>\n    <li>7.含蔓越莓萃取，維護泌尿道健康</li>\n    <li>8.大麥若葉、洋車前子，幫助化毛</li>\n    <li>9.特別添加頂級魚油提供omega-6脂肪酸</li> \n<li>10.鱉蛋粉、膠原蛋白及卵磷脂，維持皮毛良好狀態</li>\n</ul>', 850, 765, 100, 38, '2023-07-19', 'https://cdn-front.mao-select.com.tw//upload_files/fonlego-rwd/prodpic/D_M3NP040301-0.jpg', 'https://cdn-front.mao-select.com.tw//upload_files/fonlego-rwd/prodpic/D_M3NP040301-a.jpg', 'https://cdn-front.mao-select.com.tw//upload_files/fonlego-rwd/prodpic/D_M3NP040301-0.jpg', 'https://cdn-front.mao-select.com.tw//upload_files/fonlego-rwd/prodpic/D_M3NP040301-a.jpg'),
(15, '凍乾生食貓用飼料 ', 'K9 Natural', 1, 1, '<p><strong>特點：</strong></p>\n<ul>\n    <li>90%超高含肉量</li>\n    <li>100%紐西蘭人用等級食材</li>\n    <li>符合AADCO營養標準</li>\n    <li>生食入門首選，適合挑嘴貓寶貝</li>\n</ul>', 640, 576, 100, 39, '2023-07-20', 'https://cdn-front.mao-select.com.tw//upload_files/fonlego-rwd/prodpic/D_雞肉羊肉.jpg', 'https://cdn-front.mao-select.com.tw//upload_files/fonlego-rwd/prodpic/D_M3NK040101-a.jpg', 'https://cdn-front.mao-select.com.tw//upload_files/fonlego-rwd/prodpic/D_雞肉羊肉.jpg', 'https://cdn-front.mao-select.com.tw//upload_files/fonlego-rwd/prodpic/D_M3NK040101-a.jpg'),
(16, '天然無穀無敵貓糧', 'ParkCat', 1, 1, '<p><strong>特點：</strong></p>\n<ul>\n    <li>無穀類成份</li>\n    <li>高品質新鮮去骨雞胸肉</li>\n    <li>添加高效益生菌 健康整腸</li>\n</ul>\n<p><strong>成份：</strong></p>\n<ul>\n    <li>雞肉</li>\n    <li>雞肉水解蛋白</li>\n    <li>糖蜜酵母</li>\n    <li>木薯</li>\n    <li>冷壓椰子粉</li>\n    <li>深海魚油(Omega-3、Omega-6來源)</li>\n    <li>雞油</li>\n    <li>絲蘭萃取物</li>\n    <li>甜菜</li>\n    <li>苜蓿</li>\n    <li>蛋黃</li>\n    <li>青仁黑豆</li>\n    <li>豌豆</li>\n    <li>大麥若葉</li>\n    <li>台灣紅藜</li>\n    <li>保健機能粉 (鱉蛋粉、膠原蛋白)</li>\n    <li>腸道保健益生菌 (Lactobacillus acidophilus 嗜酸乳桿菌、 ', 665, 599, 100, 40, '2023-07-21', 'https://cdn-front.mao-select.com.tw//upload_files/fonlego-rwd/prodpic/D_1公斤.jpg', 'https://cdn-front.mao-select.com.tw//upload_files/fonlego-rwd/prodpic/D_A(72).jpg', 'https://cdn-front.mao-select.com.tw//upload_files/fonlego-rwd/prodpic/D_B(71).jpg', 'https://cdn-front.mao-select.com.tw//upload_files/fonlego-rwd/prodpic/D_B(71).jpg'),
(17, '天然無穀無敵貓糧', 'ParkCat', 1, 1, '<p><strong>特點：</strong></p>\n<ul>\n    <li>堅持嚴選單一肉源</li>\n    <li>添加高級食材蜂王乳</li>\n    <li>富含B群維生素 提升保護力</li>\n</ul>\n<p><strong>成份：</strong></p>\n<ul>\n    <li>去骨雞肉</li>\n    <li>雞肉水解蛋白</li>\n    <li>糖蜜酵母</li>\n    <li>木薯</li>\n    <li>低溫烘培黃金亞麻仁籽</li>\n    <li>雞油</li>\n    <li>深海魚油 (Omega-3、Omega-6來源)</li>\n    <li>絲蘭萃取物</li>\n    <li>甜菜</li>\n    <li>苜蓿</li>\n    <li>蛋黃</li>\n    <li>水解植物蛋白</li>\n    <li>蜂王乳</li>\n    <li>豌豆</li>\n    <li>大麥若葉</li>\n    <li>台灣紅藜</li>\n    <li>腸道保健益生菌</li>\n    <li>蔓越莓萃取物</li>\n    <li>維', 599, 539, 100, 41, '2023-07-22', 'https://cdn-front.mao-select.com.tw//upload_files/fonlego-rwd/prodpic/D_飼料1KG.jpg', 'https://cdn-front.mao-select.com.tw//upload_files/fonlego-rwd/prodpic/D_A(71).jpg', 'https://cdn-front.mao-select.com.tw//upload_files/fonlego-rwd/prodpic/D_B(70).jpg', 'https://cdn-front.mao-select.com.tw//upload_files/fonlego-rwd/prodpic/D_B(70).jpg'),
(18, '愛貓守護8 無穀配方', 'Orijen 歐睿健', 1, 1, '<p><strong>特點：</strong></p>\n<ul>\n    <li>提拱完整獵食比例</li>\n    <li>守護免疫功能和腸胃健康</li>\n    <li>維護肌肉發展和關節健康</li>\n    <li>提升皮膚與毛髮健康</li>\n</ul>', 1699, 1529, 100, 42, '2023-07-23', 'https://cdn-front.mao-select.com.tw//upload_files/fonlego-rwd/prodpic/D_M3OR040201-規格(1).jpg', 'https://cdn-front.mao-select.com.tw//upload_files/fonlego-rwd/prodpic/D_M3OR040201-規格.jpg', 'https://cdn-front.mao-select.com.tw//upload_files/fonlego-rwd/prodpic/D_M3OR040201-規格(1).jpg', 'https://cdn-front.mao-select.com.tw//upload_files/fonlego-rwd/prodpic/D_M3OR040201-規格.jpg'),
(19, '鮮雞幼貓 無穀配方', 'Orijen 歐睿健', 1, 1, '<p><strong>特點：</strong></p>\n<ul>\n    <li>滿足幼貓的狂野食慾</li>\n    <li>90%優質動物肉含量</li>\n    <li>完整獵食比例</li>\n    <li>幫助肌肉發展</li>\n    <li>協助消化系統運作</li>\n    <li>幫助腦部發展</li>\n</ul>', 1499, 1349, 100, 43, '2023-07-24', 'https://cdn-front.mao-select.com.tw//upload_files/fonlego-rwd/prodpic/D_M3OR040102-規格.jpg', 'https://cdn-front.mao-select.com.tw//upload_files/fonlego-rwd/prodpic/D_M3OR040102-規格(1).jpg', 'https://cdn-front.mao-select.com.tw//upload_files/fonlego-rwd/prodpic/D_M3OR040102-規格.jpg', 'https://cdn-front.mao-select.com.tw//upload_files/fonlego-rwd/prodpic/D_M3OR040102-規格(1).jpg'),
(20, '鮮肉 鮮魚 成貓 無穀天然糧', 'now', 1, 1, '<p><strong>特點：</strong></p>\n<ul>\n    <li>豐富Omega油脂使毛髮健康亮麗</li>\n    <li>新鮮莓果類保健泌尿道健康</li>\n    <li>低脂低卡配方 維持理想體態</li>\n    <li>一歲到七歲</li>\n    <li>均衡的蛋白質和脂肪滿足壯年期貓咪活力所需</li>\n    <li>牛磺酸注入 保健心臟與視力健康</li>\n</ul>', 2170, 1953, 100, 44, '2023-07-25', 'https://cdn-front.mao-select.com.tw//upload_files/fonlego-rwd/prodpic/D_M3NOW040110-鮮肉.jpg', 'https://cdn-front.mao-select.com.tw//upload_files/fonlego-rwd/prodpic/D_M3NOW040110-a.jpg', 'https://cdn-front.mao-select.com.tw//upload_files/fonlego-rwd/prodpic/D_M3NOW040110-b.jpg', 'https://cdn-front.mao-select.com.tw//upload_files/fonlego-rwd/prodpic/D_M3NOW040110-b.jpg'),
(21, '眼睛營養保健', 'Broadreach NATURE+', 1, 1, '<p><strong>特點：</strong></p>\n<ul>\n    <li>科學實證 獸醫研發配方</li>\n    <li>包含VIS-EASE©天然藥草成分組成的獨特混合物</li>\n    <li>英國製造</li>\n</ul>\n\n<p>針對眼睛健康所設計的營養保健品，由獸醫專家研發，並經過科學驗證支持。狗狗和貓咪常見眼睛乾澀、有發炎狀況、白內障、眼睛退化病變等問題，需要及早呵護與營養保健。<br>\n護眼漿果是一種獨特、天然、生物可利用的植物藥草配方，提供玉米黃質、紫檀芪、多酚花青素及葉黃素等支持。<br>\n這些植物性成分已經被證實可以支持視網膜及角膜的健康，進而幫助犬貓維持支持正常視覺功能。</p>\n', 1480, 1332, 100, 45, '2023-07-26', 'https://cdn-front.mao-select.com.tw//upload_files/fonlego-rwd/prodpic/D_A1BN070101-0.jpg', 'https://cdn-front.mao-select.com.tw//upload_files/fonlego-rwd/prodpic/D_A1BN070101-0.jpg', 'https://cdn-front.mao-select.com.tw//upload_files/fonlego-rwd/prodpic/D_A1BN070101-0.jpg', 'https://cdn-front.mao-select.com.tw//upload_files/fonlego-rwd/prodpic/D_A1BN070101-0.jpg'),
(22, '貓咪飼料 - 成貓完整配方', 'YORA', 1, 1, '<p><strong>特點：</strong></p>\n<ul>\n    <li>毛球控制</li>\n    <li>關節呵護</li>\n    <li>62.5%蟲蟲蛋白質（黑水虻）</li>\n    <li>英國獸醫師推薦</li>\n</ul>\n\n<p>提供12個月以上成貓完整且均衡的蟲蟲蛋白質飼料。</p>\n', 1080, 972, 100, 46, '2023-07-27', 'https://cdn-front.mao-select.com.tw//upload_files/fonlego-rwd/prodpic/D_M3YR040101-規格.jpg', 'https://cdn-front.mao-select.com.tw//upload_files/fonlego-rwd/prodpic/D_M3YR040101-a.jpg', 'https://cdn-front.mao-select.com.tw//upload_files/fonlego-rwd/prodpic/D_M3YR040101-規格.jpg', 'https://cdn-front.mao-select.com.tw//upload_files/fonlego-rwd/prodpic/D_M3YR040101-a.jpg'),
(23, '鰹魚燒晚餐包 ', 'CIAO', 1, 1, '<p><strong>特點：</strong></p>\n<ul>\n    <li>添加專利級日本綠茶萃取消臭配方，改善消化系統循環，有效降低糞尿中的異味</li>\n    <li>特別添加維他命E，照顧貓咪健康</li>\n</ul>\n\n<p>生産：日本</p>\n<p>若沒開封請放置在乾燥陰涼處，若開封沒食用完請冷藏保存。</p>\n<p>請盡速食用完畢，以確保食物美味。</p>\n', 48, 43, 100, 47, '2023-07-28', 'https://cdn-front.mao-select.com.tw//upload_files/fonlego-rwd/prodpic/D_IC-231-%E6%9F%B4%E9%AD%9A%E7%89%87&%E5%B9%B2%E8%B2%9D(1).jpg', 'https://cdn-front.mao-select.com.tw//upload_files/fonlego-rwd/prodpic/D_IC-231-%E6%9F%B4%E9%AD%9A%E7%89%87&%E5%B9%B2%E8%B2%9D(1).jpg', 'https://cdn-front.mao-select.com.tw//upload_files/fonlego-rwd/prodpic/D_IC-231-%E6%9F%B4%E9%AD%9A%E7%89%87&%E5%B9%B2%E8%B2%9D(1).jpg', 'https://cdn-front.mao-select.com.tw//upload_files/fonlego-rwd/prodpic/D_IC-231-%E6%9F%B4%E9%AD%9A%E7%89%87&%E5%B9%B2%E8%B2%9D(1).jpg'),
(24, '鴨肉 全貓 低致敏無穀貓糧', 'go!', 1, 1, '<p><strong>特點：</strong></p>\n<ul>\n    <li>使用單一肉類，成份簡單</li>\n    <li>木薯取代馬鈴薯</li>\n    <li>保健腸胃首選</li>\n</ul>', 1150, 1035, 100, 48, '2023-07-29', 'https://cdn-front.mao-select.com.tw//upload_files/fonlego-rwd/prodpic/D_M3GO040307-b.jpg', 'https://cdn-front.mao-select.com.tw//upload_files/fonlego-rwd/prodpic/D_M3GO040307-a.jpg', 'https://cdn-front.mao-select.com.tw//upload_files/fonlego-rwd/prodpic/D_M3GO040307-b.jpg', 'https://cdn-front.mao-select.com.tw//upload_files/fonlego-rwd/prodpic/D_M3GO040307-a.jpg'),
(25, '全齡貓天然南瓜無穀系列', 'Farmina 法米納', 1, 1, '<p><strong>特點：</strong></p>\n<ul>\n    <li>WDJ多年推薦、DFA五星級評等</li>\n    <li>以新鮮肉塊製成，完全不添加肉粉，不使用人工添加物</li>\n    <li>並添加各式新鮮蔬果，其中哈密瓜更是擁有多種保健效果，為貓咪絕佳的保健天然糧</li>\n</ul>', 1000, 900, 100, 49, '2023-07-30', 'https://cdn-front.mao-select.com.tw//upload_files/fonlego-rwd/prodpic/D_石柳.jpg', 'https://cdn-front.mao-select.com.tw//upload_files/fonlego-rwd/prodpic/D_鹿肉蘋果.jpg', 'https://cdn-front.mao-select.com.tw//upload_files/fonlego-rwd/prodpic/D_石柳.jpg', 'https://cdn-front.mao-select.com.tw//upload_files/fonlego-rwd/prodpic/D_鹿肉蘋果.jpg'),
(26, '六種鮮魚貓 無榖配方', 'Orijen 歐睿健', 1, 1, '<p><strong>特點：</strong></p>\n<ul>\n    <li>Orijen Six Fish含40%豐富蛋白質，16%低升醣的碳水化合物，根據貓的生理需求，完整滋養您的愛貓，適合所有品種及生長階段。</li>\n    <li>Orijen 裡2/3的肉是鮮肉（冷藏、不加防腐劑）或生鮮（急速冷凍、不加防腐劑），是其他品牌的貓食品無法比擬的。</li>\n    <li>1/3的魚肉為使用新鮮完整魚類以90度低溫進行溫和脫水，供給鮮肉無法單獨提供的豐富蛋白質。</li>\n    <li>滿滿營養的新鮮完整魚類（包含魚肉、內臟及軟骨）提供您的愛貓需要的所有營養素－只添加鋅、銅和膽鹼。</li>\n    <li>加入冷凍乾燥鱈魚肝臟，大幅提升嗜口性，Orijen 美味無比，就連挑食的猫狗都無法拒絕。</li>\n</ul>\n<p><strong>成份說明：</strong></p>\n<p>85%肉含量｜15%蔬菜水果</p>\n<p>新鮮完整太平洋沙丁魚（26%）, 新鮮完整太平洋鱈魚（9%）, 新鮮完整太平洋鯖魚（8%）, 新鮮完整太平洋比目魚（5%）, 新鮮完整岩魚（5%）,', 813, 732, 100, 50, '2023-07-31', 'https://cdn-front.mao-select.com.tw//upload_files/fonlego-rwd/prodpic/D_M07OR519301-a(1).jpg', 'https://cdn-front.mao-select.com.tw//upload_files/fonlego-rwd/prodpic/D_M07OR519301-a.jpg', 'https://cdn-front.mao-select.com.tw//upload_files/fonlego-rwd/prodpic/D_M07OR519301-a(1).jpg', 'https://cdn-front.mao-select.com.tw//upload_files/fonlego-rwd/prodpic/D_M07OR519301-a.jpg'),
(27, '全貓 皮毛保健無穀貓糧', 'go!', 1, 1, '<p><strong>特點：</strong></p>\n<ul>\n    <li>豐富Omega油脂，使毛髮柔亮</li>\n    <li>益生菌注入，維護腸胃健康</li>\n</ul>', 1150, 1035, 100, 51, '2023-08-01', 'https://cdn-front.mao-select.com.tw//upload_files/fonlego-rwd/prodpic/D_M3GO040101-規格.jpg', 'https://cdn-front.mao-select.com.tw//upload_files/fonlego-rwd/prodpic/D_M3GO040101-A.jpg', 'https://cdn-front.mao-select.com.tw//upload_files/fonlego-rwd/prodpic/D_M3GO040101-B.jpg', 'https://cdn-front.mao-select.com.tw//upload_files/fonlego-rwd/prodpic/D_M3GO040101-B.jpg'),
(28, '四種肉-高肉量無穀貓糧', 'go!', 1, 1, '<p><strong>特點：</strong></p>\n<ul>\n    <li>高含肉量搭配低碳水</li>\n    <li>蔬果的天然氧化劑</li>\n    <li>提昇貓咪自然抵抗力</li>\n</ul> ', 1150, 1035, 100, 52, '2023-08-02', 'https://cdn-front.mao-select.com.tw//upload_files/fonlego-rwd/prodpic/D_M3GO040201-規格.jpg', 'https://cdn-front.mao-select.com.tw//upload_files/fonlego-rwd/prodpic/D_M3GO040201-羊肉.jpg', 'https://cdn-front.mao-select.com.tw//upload_files/fonlego-rwd/prodpic/D_M3GO040201-海洋鮭鱈.jpg', 'https://cdn-front.mao-select.com.tw//upload_files/fonlego-rwd/prodpic/D_M3GO040201-海洋鮭鱈.jpg'),
(29, '無穀全能系列保健飼料', '紐頓', 1, 1, '<p><strong>T22(火雞+雞肉)：</strong></p>\n<ul>\n    <li>19種天然草本組合，七種高抗氧食材，增加自然抵抗力。</li>\n    <li>採用蔓越橘+芹菜種子，幫助泌尿道保健。</li>\n    <li>促進新陳代謝。</li>\n</ul>\n\n<p><strong>T24(鮭魚+鱒魚)：</strong></p>\n<ul>\n    <li>不含穀類，兼具低升糖平衡的天然食材配方。</li>\n    <li>19種天然草本蔬果食材的最佳搭配組合，給予貓咪最完整的營養需求。</li>\n    <li>採用鮭魚油及薑黃素，增加自然抵抗力。</li>\n</ul>\n\n<p><strong>T22(火雞+雞肉) 成分：</strong></p>\n<ul>\n    <li>去骨雞肉、去骨火雞肉、雞肉粉、全蛋、火雞粉、扁豆、青豆、鷹嘴豆、雞脂肪（以混合生育酚保存）、豌豆、亞麻籽、天然雞肉香料、南瓜、西蘭花、奎奴亞藜種子、乾蔓越橘、乾乳清濃縮蛋白、氯化膽鹼、石榴、覆盆子、羽衣甘藍、鹽、菊苣根萃取物、維生素和礦物質〔維生素E補充物、菸酸（維生素B3來源）、維生素A補', 749, 674, 100, 53, '2023-08-03', 'https://cdn-front.mao-select.com.tw//upload_files/fonlego-rwd/prodpic/D_M07NUT51915-t22(1).jpg', 'https://cdn-front.mao-select.com.tw//upload_files/fonlego-rwd/prodpic/D_M07NUT51915-t24.jpg', 'https://cdn-front.mao-select.com.tw//upload_files/fonlego-rwd/prodpic/D_M07NUT51915-t22.jpg', 'https://cdn-front.mao-select.com.tw//upload_files/fonlego-rwd/prodpic/D_M07NUT51915-t22.jpg'),
(30, 'I12 I17 I19 專業理想系列', '紐頓', 1, 1, '<p><strong>I12體重控制(雞肉+豌豆)：</strong></p>\n<ul>\n    <li>採用草本概念，多元而富含營養配方的食譜，從裡到外打造健康體質。</li>\n    <li>菊苣根增進腸內菌叢平衡，延長飽足感，是控制體重的關鍵。</li>\n    <li>蔓越莓及芹菜種子最佳草本組合，為有效的利尿劑，維持健康的泌尿系統。</li>\n</ul>\n\n<p><strong>I17室內化毛(雞肉+燕麥)：</strong></p>\n<ul>\n    <li>採用草本概念，多元而富含營養配方的食譜，從裡到外改善寵物的健康。</li>\n    <li>鮭魚油和亞麻籽的特殊組合含豐富的Omega-3脂肪酸的來源，提供健康的皮膚和毛色發亮的營養成分。</li>\n    <li>低血糖青豆天然纖維，易消化的南瓜幫助腸道蠕動。</li>\n    <li>蔓越莓及芹菜種子的最佳草本組合為有效的利尿劑，維持健康的泌尿系統。</li>\n</ul>\n\n<p><strong>I19三效強化(雞肉+鮭魚)：</strong></p>\n<ul>\n    <li>易消化的蛋白質來源(雞肉與鮭魚)，還', 649, 584, 100, 54, '2023-08-04', 'https://cdn-front.mao-select.com.tw//upload_files/fonlego-rwd/prodpic/D_M07NUT51919-i12(1).jpg', 'https://cdn-front.mao-select.com.tw//upload_files/fonlego-rwd/prodpic/D_M07NUT51919-i17.jpg', 'https://cdn-front.mao-select.com.tw//upload_files/fonlego-rwd/prodpic/D_M07NUT51919-i19.jpg', 'https://cdn-front.mao-select.com.tw//upload_files/fonlego-rwd/prodpic/D_M07NUT51919-i19.jpg'),
(31, 'S5 均衡健康系列 雞肉+鮭魚', '紐頓', 1, 1, '<p><strong>多元而富含營養配方的食譜：</strong></p>\n<ul>\n    <li>從裡到外改善你寵物的健康。</li>\n</ul>\n\n<p><strong>含有鮭魚油和亞麻籽優化組合：</strong></p>\n<ul>\n    <li>豐富的Omega-3脂肪酸和DHA來源，可幫助幼貓認知發展。</li>\n</ul>\n\n<p><strong>蔓越莓和芹菜種子：</strong></p>\n<ul>\n    <li>幫助膀胱健康。</li>\n</ul>\n\n<p><strong>蔓越莓：</strong></p>\n<ul>\n    <li>自然酸化劑，</li>\n</ul>\n\n<p><strong>芹菜種子：</strong></p>\n<ul>\n    <li>有效的利尿劑，</li>\n</ul>\n\n<p><strong>成份說明：</strong></p>\n<ul>\n    <li>雞肉粉、鮭魚粉、去骨雞肉、燕麥、糙米、雞脂肪（以混合生育酚保存）、珍珠麥、扁豆、豌豆、脫水苜蓿粉、鮭魚油、天然雞肉香料、亞麻籽、蘋果、胡蘿蔔、南瓜、乾乳清濃縮蛋白、氯化膽鹼、氯化鉀、石榴、', 649, 584, 100, 55, '2023-08-05', 'https://cdn-front.mao-select.com.tw//upload_files/fonlego-rwd/prodpic/D_M07NUT61903-規格(1).jpg', 'https://cdn-front.mao-select.com.tw//upload_files/fonlego-rwd/prodpic/D_M07NUT61903-規格.jpg', 'https://cdn-front.mao-select.com.tw//upload_files/fonlego-rwd/prodpic/D_M07NUT61903-規格(1).jpg', 'https://cdn-front.mao-select.com.tw//upload_files/fonlego-rwd/prodpic/D_M07NUT61903-規格.jpg'),
(32, '鮮肉 幼貓 無穀天然糧', 'now', 1, 1, '<p><strong>特點：</strong></p>\n<ul>\n    <li>一歲以下的幼貓或懷孕哺乳貓</li>\n    <li>DHA/EPA幫助腦部發展 頭好壯壯</li>\n    <li>牛磺酸注入 保健心臟與視力健康</li>\n</ul>', 1260, 1134, 100, 56, '2023-08-06', 'https://cdn-front.mao-select.com.tw//upload_files/fonlego-rwd/prodpic/D_M3NOW040102-規格(1).jpg', 'https://cdn-front.mao-select.com.tw//upload_files/fonlego-rwd/prodpic/D_M3NOW040102-a(1).jpg', 'https://cdn-front.mao-select.com.tw//upload_files/fonlego-rwd/prodpic/D_M3NOW040102-b(1).jpg', 'https://cdn-front.mao-select.com.tw//upload_files/fonlego-rwd/prodpic/D_M3NOW040102-b(1).jpg'),
(33, '鮮肉 老貓 無穀天然糧', 'now', 1, 1, '<p><strong>特點：</strong></p>\n<ul>\n    <li>七歲以上或體重過重</li>\n    <li>優質Omega油脂維持皮毛良好狀態</li>\n    <li>牛磺酸維護心臟和視力功能</li>\n</ul>', 1260, 1134, 100, 10, '2023-08-07', 'https://cdn-front.mao-select.com.tw//upload_files/fonlego-rwd/prodpic/D_M3NOW040114-規格.jpg', 'https://cdn-front.mao-select.com.tw//upload_files/fonlego-rwd/prodpic/D_M3NOW040114-a.jpg', 'https://cdn-front.mao-select.com.tw//upload_files/fonlego-rwd/prodpic/D_M3NOW040114-b.jpg', 'https://cdn-front.mao-select.com.tw//upload_files/fonlego-rwd/prodpic/D_M3NOW040114-b.jpg'),
(34, '全齡貓96%鮮肉貓糧 ', 'ZiwiPeak 巔峰', 1, 1, '<p><strong>特點：</strong></p>\n<ul>\n    <li>皮膚毛髮柔亮 淚腺不再</li>\n    <li>腸道健康身體強壯</li>\n    <li>牙齒與牙齦好健康</li>\n    <li>照顧關節 行動力增強</li>\n    <li>便便少少 味道不臭</li>\n    <li>體重不增 身體結實</li>\n</ul>\n', 1080, 972, 100, 11, '2023-08-08', 'https://cdn-front.mao-select.com.tw//upload_files/fonlego-rwd/prodpic/D_M3ZW040103-規格-雞.jpg', 'https://cdn-front.mao-select.com.tw//upload_files/fonlego-rwd/prodpic/D_M3ZW040103-規格-羊.jpg', 'https://cdn-front.mao-select.com.tw//upload_files/fonlego-rwd/prodpic/D_M3ZW040103-規格-雞.jpg', 'https://cdn-front.mao-select.com.tw//upload_files/fonlego-rwd/prodpic/D_M3ZW040103-規格-羊.jpg'),
(35, '全齡貓天然低穀系列', 'Farmina 法米納', 1, 1, '<p><strong>特點：</strong></p>\n<ul>\n    <li>WDJ多年推薦、DFA五星級評等</li>\n    <li>使用低升糖成份-斯佩爾特小麥、燕麥</li>\n    <li>以義大利放山土雞新鮮肉塊製程</li>\n    <li>以紐西蘭羊肉新鮮肉塊製程</li>\n    <li>完全不添加肉粉，不使用人工添加物</li>\n    <li>選用各式新鮮蔬果搭配，其中藍莓更是擁有多種保健效果，為貓咪絕佳的保健天然糧</li>\n</ul>\n<p><strong>適用對象：</strong>成貓</p>\n', 219, 197, 100, 12, '2023-08-09', 'https://cdn-front.mao-select.com.tw//upload_files/fonlego-rwd/prodpic/D_鱈魚甜橙-OC-3(1).jpg', 'https://cdn-front.mao-select.com.tw//upload_files/fonlego-rwd/prodpic/D_羊肉藍莓-LC-2.jpg', 'https://cdn-front.mao-select.com.tw//upload_files/fonlego-rwd/prodpic/D_雞肉石榴-LC-1.jpg', 'https://cdn-front.mao-select.com.tw//upload_files/fonlego-rwd/prodpic/D_雞肉石榴-LC-1.jpg'),
(36, '室內/結紮貓 天然無穀系列', 'Farmina 法米納', 1, 1, '<p><strong>特點：</strong></p>\n<ul>\n    <li>WDJ多年推薦、DFA五星級評等</li>\n    <li>70%含肉量</li>\n    <li>以義大利放山土雞新鮮肉塊製程</li>\n    <li>完全不添加肉粉，不使用人工添加物</li>\n    <li>選用各式新鮮蔬果搭配，其中石榴更是被稱為抗氧化之王，為貓咪絕佳的保健天然糧</li>\n</ul>\n<p><strong>適用對象：</strong>結紮成貓</p>', 259, 233, 100, 13, '2023-08-10', 'https://cdn-front.mao-select.com.tw//upload_files/fonlego-rwd/prodpic/D_雞肉石榴-GC-6(1).jpg', 'https://cdn-front.mao-select.com.tw//upload_files/fonlego-rwd/prodpic/D_雞肉石榴-GC-6.jpg', 'https://cdn-front.mao-select.com.tw//upload_files/fonlego-rwd/prodpic/D_雞肉石榴-GC-6(1).jpg', 'https://cdn-front.mao-select.com.tw//upload_files/fonlego-rwd/prodpic/D_雞肉石榴-GC-6.jpg'),
(37, '室內/結紮貓 天然低穀系列', 'Farmina 法米納', 1, 1, '<p><strong>特點：</strong></p>\n<ul>\n    <li>WDJ多年推薦、DFA五星級評等</li>\n    <li>使用低升糖成份-斯佩爾特小麥、燕麥</li>\n    <li>低卡路里配方</li>\n    <li>以義大利放山土雞新鮮肉塊製程</li>\n    <li>完全不添加肉粉，不使用人工添加物</li>\n    <li>選用各式新鮮蔬果搭配，其中石榴更是被稱為抗氧化之王，為貓咪絕佳的保健天然糧</li>\n</ul>\n<p><strong>適用對象：</strong>成貓</p>', 219, 197, 100, 14, '2023-08-11', 'https://cdn-front.mao-select.com.tw//upload_files/fonlego-rwd/prodpic/D_雞肉石榴-LC-4(1).jpg', 'https://cdn-front.mao-select.com.tw//upload_files/fonlego-rwd/prodpic/D_雞肉石榴-LC-4.jpg', 'https://cdn-front.mao-select.com.tw//upload_files/fonlego-rwd/prodpic/D_雞肉石榴-LC-4(1).jpg', 'https://cdn-front.mao-select.com.tw//upload_files/fonlego-rwd/prodpic/D_雞肉石榴-LC-4.jpg'),
(38, '全齡貓 天然頂級無穀系列', 'Farmina 法米納', 1, 1, '<p><strong>特點：</strong></p>\n<ul>\n    <li>WDJ多年推薦、DFA五星級評等</li>\n    <li>70%含肉量</li>\n    <li>以義大利放山土雞新鮮肉塊製程</li>\n    <li>完全不添加肉粉，不使用人工添加物</li>\n    <li>選用各式新鮮蔬果搭配，其中石榴更是被稱為抗氧化之王，為貓咪絕佳的保健天然糧</li>\n</ul>\n<p><strong>適用對象：</strong>成貓</p>', 259, 233, 100, 15, '2023-08-12', 'https://cdn-front.mao-select.com.tw//upload_files/fonlego-rwd/prodpic/D_M07ND6191708-規格(1).jpg', 'https://cdn-front.mao-select.com.tw//upload_files/fonlego-rwd/prodpic/D_羊肉藍莓-GC-3-規格(2).jpg', 'https://cdn-front.mao-select.com.tw//upload_files/fonlego-rwd/prodpic/D_野豬蘋果-GC-5-規格(1).jpg', 'https://cdn-front.mao-select.com.tw//upload_files/fonlego-rwd/prodpic/D_野豬蘋果-GC-5-規格(1).jpg'),
(39, '鮮雞室內貓 無榖配方', 'Orijen 歐睿健', 1, 1, '<p><strong>特點：</strong></p>\n<ul>\n    <li>Orijen 含44%豐富蛋白質，15%低升醣的碳水化合物，根據成貓幼貓的生理需求，完整滋養您的愛貓。</li>\n    <li>Orijen 裡2/3的肉是鮮肉（冷藏、不加防腐劑）或生鮮（急速冷凍、不加防腐劑），是其他品牌的貓食品無法比擬的。</li>\n    <li>1/3的肉為新鮮雞肉、火雞肉和魚類，以90度低溫進行溫和脫水，供給鮮肉無法單獨提供的豐富蛋白質。</li>\n    <li>滿滿營養的新鮮完整肉類、內臟、軟骨及完整魚類和完整雞蛋，提供您的愛貓需要的所有營養素。</li>\n    <li>加入冷凍乾燥肝臟，大幅提升嗜口性，Orijen 美味無比，就連挑食的猫狗都無法拒絕。</li>\n</ul>\n<p><strong>成份說明：</strong>85%肉含量｜15%蔬菜水果</p>\n<ul>\n    <li>新鮮雞肉（14%）, 新鮮全蛋（6%）, 新鮮完整鯡魚（6%）, 新 鮮火雞肉（6%）, 新鮮雞肝（6%）, 新鮮完整比目魚（4%）, 新鮮完整鯖魚（4%）, 新鮮完整太平洋鱈魚（4%）', 748, 673, 100, 16, '2023-08-13', 'https://cdn-front.mao-select.com.tw//upload_files/fonlego-rwd/prodpic/D_M07OR519401-a(3).jpg', 'https://cdn-front.mao-select.com.tw//upload_files/fonlego-rwd/prodpic/D_M07OR519401-a(2).jpg', 'https://cdn-front.mao-select.com.tw//upload_files/fonlego-rwd/prodpic/D_M07OR519401-a(3).jpg', 'https://cdn-front.mao-select.com.tw//upload_files/fonlego-rwd/prodpic/D_M07OR519401-a(2).jpg'),
(40, '全齡貓無穀低碳貓糧 ', '陪心寵糧', 1, 1, '<p><strong>海魚野莓 泌尿保健 & 180億腸道益生菌：</strong></p>\n<p>特點：</p>\n<ul>\n    <li>不含黃豆玉米小麥等高過敏源物質</li>\n    <li>單一動物性源（魚肉）和易消化的碳水化合物</li>\n    <li>添加優質魚油提供omega-6脂肪酸和omega-3脂肪酸，可促進皮毛健康</li>\n    <li>添加優質莓果及蔓越莓萃取物等營養素維持貓泌尿道保健</li>\n    <li>添加半乳寡糖、山藥萃取物等腸道保健品</li>\n</ul>\n\n<p><strong>鮮雞野莓 泌尿道保健 & 爆毛配方</strong></p>\n<p>特點：</p>\n<ul>\n    <li>不含黃豆玉米小麥等高過敏源物質</li>\n    <li>單一動物性源（雞肉）和易消化的碳水化合物</li>\n    <li>高蛋白、高脂肪、低碳水化合物，確保體內能量平衡配方設計</li>\n    <li>添加優質魚油提供omega-6脂肪酸和omega-3脂肪酸以及鱉蛋粉、膠原蛋白及卵磷脂，可促進皮毛健康</li>\n    <li>添加優質莓果，含有蔓', 590, 531, 100, 17, '2023-08-14', 'https://cdn-front.mao-select.com.tw//upload_files/fonlego-rwd/prodpic/D_鮮雞野莓(2).jpg', 'https://cdn-front.mao-select.com.tw//upload_files/fonlego-rwd/prodpic/D_鮮雞野莓(1).jpg', 'https://cdn-front.mao-select.com.tw//upload_files/fonlego-rwd/prodpic/D_海魚野莓.jpg', 'https://cdn-front.mao-select.com.tw//upload_files/fonlego-rwd/prodpic/D_海魚野莓.jpg'),
(41, '鮮雞愛貓 無榖配方', 'Orijen 歐睿健', 1, 1, '<p><strong>特點：</strong></p>\n<ul>\n    <li>含40%豐富蛋白質，19%低升醣的碳水化合物，滿足成貓幼貓的生理需求</li>\n    <li>2/3的肉是鮮肉或生鮮，不含防腐劑</li>\n    <li>1/3的肉為新鮮雞肉、火雞肉和魚類，提供豐富蛋白質</li>\n    <li>含完整的獵食比例鮮肉、內臟和軟骨，加上完整的魚類和雞蛋，滿足所有成貓幼貓的營養需求</li>\n    <li>添加冷凍乾燥肝臟，提升嗜口性</li>\n</ul>\n\n<p><strong>適用對象：</strong>幼貓、成貓</p>\n\n<p><strong>成份：</strong></p>\n<ul>\n    <li>新鮮雞肉（18%）, 新鮮火雞肉（7%）, 新鮮全蛋（5%）, 新鮮雞肝（5%）, 新鮮完整比目魚（4%）, 新鮮完整鯡魚（4%）, 新鮮火雞肝（4%）, 新鮮雞心（4%）, 新鮮火雞心（4%）, 新鮮雞脖子（4%）, 雞肉（脫水, 4%）, 火雞肉（脫水, 4%）, 完整鯖魚（脫水, 4%）, 完整沙丁魚（脫水, 4%）, 完整鯡魚（脫水, 4%）, 雞脂肪（', 748, 673, 100, 18, '2023-08-15', 'https://cdn-front.mao-select.com.tw//upload_files/fonlego-rwd/prodpic/D_M07OR6719201-a(3).jpg', 'https://cdn-front.mao-select.com.tw//upload_files/fonlego-rwd/prodpic/D_M07OR6719201-a(2).jpg', 'https://cdn-front.mao-select.com.tw//upload_files/fonlego-rwd/prodpic/D_M07OR6719201-a(3).jpg', 'https://cdn-front.mao-select.com.tw//upload_files/fonlego-rwd/prodpic/D_M07OR6719201-a(2).jpg'),
(42, 'VC-2 Vet Life 貓用肝臟配方', 'Farmina 法米納', 1, 1, '<p><strong>特點：</strong></p>\n<ul>\n    <li><strong>WDJ多年推薦、DFA五星級評等</strong></li>\n    <li><strong>產品取得第三方公正機關認證有效</strong></li>\n    <li><strong>台灣唯一 天然等級處方飼料，不含肉粉、動物副產品、香料及染色劑</strong></li>\n    <li><strong>降低銅元素含量，減輕肝臟負擔</strong></li>\n    <li><strong>使用水解蛋白，米澱粉，減輕慢性肝炎導致的消化障礙</strong></li>\n    <li><strong>富含omega-3魚油不飽和脂肪酸、補充熱量</strong></li>\n</ul>\n', 1377, 1239, 100, 19, '2023-08-16', 'https://cdn-front.mao-select.com.tw//upload_files/fonlego-rwd/prodpic/D_M07ND5191905-a(1).jpg', 'https://cdn-front.mao-select.com.tw//upload_files/fonlego-rwd/prodpic/D_M07ND5191905-a.jpg', 'https://cdn-front.mao-select.com.tw//upload_files/fonlego-rwd/prodpic/D_M07ND5191905-a(1).jpg', 'https://cdn-front.mao-select.com.tw//upload_files/fonlego-rwd/prodpic/D_M07ND5191905-a.jpg'),
(43, '四季化骨棒棒腿湯包 ', '咬一口', 1, 2, '<ul>\n  <li>開封即食！新鮮冬瓜Ｘ化骨棒棒腿</li>\n  <li>鮮燉原肉原湯＝營養＋補水一次滿足</li>\n  <li>每包皆含有兩支化骨小翅腿及滿滿鮮味原湯，飽足感十足</li>\n</ul>\n', 110, 99, 100, 20, '2023-08-17', 'https://cdn-front.mao-select.com.tw//upload_files/fonlego-rwd/prodpic/D_A1JB060201(2).jpg', 'https://cdn-front.mao-select.com.tw//upload_files/fonlego-rwd/prodpic/D_A1JB060201-a.jpg', 'https://cdn-front.mao-select.com.tw//upload_files/fonlego-rwd/prodpic/D_A1JB060201(2).jpg', 'https://cdn-front.mao-select.com.tw//upload_files/fonlego-rwd/prodpic/D_A1JB060201-a.jpg'),
(44, '機能饗宴貓咪主食罐 ', '派庫廚房', 1, 2, '<p><strong>特點：</strong></p>\n<ul>\n    <li>派庫美味，給貓貓最好的美食饗宴！</li>\n    <li>新款的貓罐頭融合了天然食材和營養配方</li>\n    <li>選用高品質、天然、人食級食材為製作標準</li>\n    <li>選用台灣在地食材為主要來源</li>\n    <li>專業營養師調配營養均衡配方</li>\n    <li>給貓咪保持健康活力</li>\n</ul>', 59, 53, 100, 21, '2023-08-18', 'https://cdn-front.mao-select.com.tw//upload_files/fonlego-rwd/prodpic/D_M3PK050101(1).jpg', 'https://cdn-front.mao-select.com.tw//upload_files/fonlego-rwd/prodpic/D_M3PK050101-a.jpg', 'https://cdn-front.mao-select.com.tw//upload_files/fonlego-rwd/prodpic/D_M3PK050101-b.jpg', 'https://cdn-front.mao-select.com.tw//upload_files/fonlego-rwd/prodpic/D_M3PK050101-b.jpg'),
(45, '寵物養生滴精 養生系列 ', '咬一口', 1, 2, '<p><strong>特點：</strong></p>\n<ul>\n    <li>全齡犬貓適用</li>\n    <li>精淬毛孩所需蛋白質及小分子胺基酸，好吸收</li>\n    <li>多工序濾油，低脂、低卡、低鈉</li>\n    <li>無調味、無色素、無香精、無防腐劑</li>\n    <li>台灣製造，品質保證</li>\n</ul>', 100, 90, 100, 22, '2023-08-19', 'https://cdn-front.mao-select.com.tw//upload_files/fonlego-rwd/prodpic/D_A1JB060301.jpg', 'https://cdn-front.mao-select.com.tw//upload_files/fonlego-rwd/prodpic/D_A1JB060301-a.jpg', 'https://cdn-front.mao-select.com.tw//upload_files/fonlego-rwd/prodpic/D_A1JB060301.jpg', 'https://cdn-front.mao-select.com.tw//upload_files/fonlego-rwd/prodpic/D_A1JB060301-a.jpg'),
(46, '貓用98% 咬咬肉蓉主食罐 ', '汪喵星球', 1, 2, '<p><strong>特點：</strong></p>\n<ul>\n    <li>愛咬咬貓最愛！中低脂肪 x 無內臟配方</li>\n    <li>市售唯一肉蓉狀主食湯罐！</li>\n    <li>推薦給愛咬咬、不愛肉泥主食罐的毛孩</li>\n    <li>98% 超高含肉量；完全無人工膠類</li>\n</ul> ', 48, 43, 100, 23, '2023-08-20', 'https://cdn-front.mao-select.com.tw//upload_files/fonlego-rwd/prodpic/D_M3DGS050801-0.jpg', 'https://cdn-front.mao-select.com.tw//upload_files/fonlego-rwd/prodpic/D_M3DGS050801-a.jpg', 'https://cdn-front.mao-select.com.tw//upload_files/fonlego-rwd/prodpic/D_M3DGS050801-b.jpg', 'https://cdn-front.mao-select.com.tw//upload_files/fonlego-rwd/prodpic/D_M3DGS050801-b.jpg'),
(47, '貓用低磷低蛋白主食罐 ', '汪喵星球', 1, 2, '<p><strong>特點：</strong></p>\n<ul>\n    <li>低磷+中低蛋白配方，維持腎臟健康</li>\n    <li>添加專利益生質，幫助腎臟保健</li>\n    <li>美味食材×水解技術，肉香濃郁，嗜口性高！</li>\n    <li>慕斯質地，更好進食與消化吸收</li>\n</ul>', 49, 44, 100, 24, '2023-08-21', 'https://cdn-front.mao-select.com.tw//upload_files/fonlego-rwd/prodpic/D_M3DGS050701(1).jpg', 'https://cdn-front.mao-select.com.tw//upload_files/fonlego-rwd/prodpic/D_M3DGS050701-a(1).jpg', 'https://cdn-front.mao-select.com.tw//upload_files/fonlego-rwd/prodpic/D_M3DGS050701-b(1).jpg', 'https://cdn-front.mao-select.com.tw//upload_files/fonlego-rwd/prodpic/D_M3DGS050701-b(1).jpg'),
(48, '虻貓機能主食罐', '喵皇奴', 1, 2, '<p><strong>特點：</strong></p>\n<ul>\n    <li>輕盈低卡</li>\n    <li>機能保健成分</li>\n    <li>昆蟲蛋白</li>\n    <li>綠色趨勢</li>\n</ul>', 65, 59, 100, 25, '2023-08-22', 'https://cdn-front.mao-select.com.tw//upload_files/fonlego-rwd/prodpic/D_M3ME070101-0(1).jpg', 'https://cdn-front.mao-select.com.tw//upload_files/fonlego-rwd/prodpic/D_a(327).jpg', 'https://cdn-front.mao-select.com.tw//upload_files/fonlego-rwd/prodpic/D_b(270).jpg', 'https://cdn-front.mao-select.com.tw//upload_files/fonlego-rwd/prodpic/D_b(270).jpg'),
(49, '貓用寶寶無膠主食罐 ', '怪獸部落', 1, 2, '<p><strong>特點：</strong></p>\n<ul>\n    <li>專為幼貓生理機能設計</li>\n    <li>適用於幼貓、孕母貓、成貓，營養加強</li>\n    <li>腸胃和免疫加強配方</li>\n    <li>有效解決軟便和流鼻水問題</li>\n</ul>', 48, 43, 100, 26, '2023-08-23', 'https://cdn-front.mao-select.com.tw//upload_files/fonlego-rwd/prodpic/D_01咕咕雞.jpg', 'https://cdn-front.mao-select.com.tw//upload_files/fonlego-rwd/prodpic/D_a(254).jpg', 'https://cdn-front.mao-select.com.tw//upload_files/fonlego-rwd/prodpic/D_b(216).jpg', 'https://cdn-front.mao-select.com.tw//upload_files/fonlego-rwd/prodpic/D_b(216).jpg'),
(50, '犬貓無膠鮮肉煲 ', '怪獸部落', 1, 2, '<p><strong>特點：</strong></p>\n<ul>\n    <li>熱銷破百萬罐，是犬貓的補水神器</li>\n    <li>無膠無穀，100% 純肉鮮湯罐</li>\n    <li>濃郁高湯與鮮嫩肉塊的結合</li>\n    <li>讓小寵物大口喝湯吃肉！</li>\n</ul>', 24, 22, 100, 27, '2023-08-24', 'https://cdn-front.mao-select.com.tw//upload_files/fonlego-rwd/prodpic/D_01鮮雞絲.jpg', 'https://cdn-front.mao-select.com.tw//upload_files/fonlego-rwd/prodpic/D_a(253).jpg', 'https://cdn-front.mao-select.com.tw//upload_files/fonlego-rwd/prodpic/D_b(215).jpg', 'https://cdn-front.mao-select.com.tw//upload_files/fonlego-rwd/prodpic/D_b(215).jpg'),
(51, '佛跳牆澎湃美味四喜罐 ', '怪獸部落', 1, 2, '<p><strong>特點：</strong></p>\n<ul>\n    <li>史上最多料的罐罐</li>\n    <li>四種好料總匯，多層美味一次滿足</li>\n    <li>無膠無穀無香料，好吃也不怕挑嘴</li>\n</ul>', 29, 26, 100, 28, '2023-08-25', 'https://cdn-front.mao-select.com.tw//upload_files/fonlego-rwd/prodpic/D_01翡翠綠.jpg', 'https://cdn-front.mao-select.com.tw//upload_files/fonlego-rwd/prodpic/D_A1LM050201-a.jpg', 'https://cdn-front.mao-select.com.tw//upload_files/fonlego-rwd/prodpic/D_01翡翠綠.jpg', 'https://cdn-front.mao-select.com.tw//upload_files/fonlego-rwd/prodpic/D_A1LM050201-a.jpg'),
(52, '低脂無膠主食罐 ', '汪喵星球', 1, 2, '<p><strong>特點：</strong></p>\n<ul>\n    <li>讓需要控制體重的貓咪也能吃飽飽！</li>\n    <li>特選低脂食材，打造貓咪低卡餐</li>\n    <li>真材實料，完全無人工膠類</li>\n</ul>', 49, 44, 100, 29, '2023-08-26', 'https://cdn-front.mao-select.com.tw//upload_files/fonlego-rwd/prodpic/D_淸爽雞肉泥.jpg', 'https://cdn-front.mao-select.com.tw//upload_files/fonlego-rwd/prodpic/D_a(231).jpg', 'https://cdn-front.mao-select.com.tw//upload_files/fonlego-rwd/prodpic/D_d(115).jpg', 'https://cdn-front.mao-select.com.tw//upload_files/fonlego-rwd/prodpic/D_d(115).jpg'),
(53, '屁孩幼貓奶霜主食罐 ', '陪心寵糧', 1, 2, '<p><strong>特點：</strong></p>\n<ul>\n    <li>陪心特調奶霜質地，方便幼貓舔食</li>\n    <li>零澱粉、零穀物、無添加爭議性膠類</li>\n    <li>最符合幼貓一餐所需的營養主食罐</li>\n    <li>懷孕母貓、瘦弱成貓、手術虛弱貓也能吃</li>\n    <li>符合AAFCO&NRC建議之營養標準</li>\n</ul>', 49, 44, 100, 30, '2023-08-27', 'https://cdn-front.mao-select.com.tw//upload_files/fonlego-rwd/prodpic/D_M3NP050403-0.jpg', 'https://cdn-front.mao-select.com.tw//upload_files/fonlego-rwd/prodpic/D_M3NP050403-a.jpg', 'https://cdn-front.mao-select.com.tw//upload_files/fonlego-rwd/prodpic/D_M3NP050403-0.jpg', 'https://cdn-front.mao-select.com.tw//upload_files/fonlego-rwd/prodpic/D_M3NP050403-a.jpg'),
(54, '超肉感主食餐包 ', '乖乖吃飯', 1, 2, '<p><strong>特點：</strong></p>\n<ul>\n    <li>專為魚類過敏貓咪設計</li>\n    <li>超肉感 保留鮮肉口感</li>\n    <li>嚴選高級食材 完美的鮮肉與內臟比例</li>\n    <li>無添加任何致敏膠類</li>\n</ul>', 78, 70, 100, 31, '2023-08-28', 'https://cdn-front.mao-select.com.tw//upload_files/fonlego-rwd/prodpic/D_M3GE060101-嫩雞.jpg', 'https://cdn-front.mao-select.com.tw//upload_files/fonlego-rwd/prodpic/D_M3GE060101-a.jpg', 'https://cdn-front.mao-select.com.tw//upload_files/fonlego-rwd/prodpic/D_M3GE060101-嫩雞.jpg', 'https://cdn-front.mao-select.com.tw//upload_files/fonlego-rwd/prodpic/D_M3GE060101-a.jpg'),
(55, '貓用寵膳鮮味主食餐包', '伴拌日嚐', 1, 2, '<p><strong>特點：</strong></p>\n<ul>\n    <li>食療養生，漢醫陰陽五行概念，對應毛孩常見症狀作預防調理設計</li>\n    <li>營養均衡，依造NRC寵物營養標準精算配比，符合毛孩所需胺基酸、完整鈣磷比</li>\n    <li>MIT合格製作，由台灣在地國際食安ISO22000/HACCP認證廠高規格製作</li>\n    <li>天然無添加，堅持不含防腐劑、不含化學添加物</li>\n    <li>新鮮食材，原物料溯源，皆由第三方安全檢驗報告合格</li>\n    <li>肉塊食材鮮美看得見，嚴選搭配8~10種配料厚工製作</li>\n    <li>內容物重量：120公克(g) +- 5%</li>\n    <li>食用方式：撕開包裝倒出，無須加熱即可食用</li>\n    <li>保存方式：常溫保存</li>\n    <li>保存期限：未拆封前置於陰涼處避免太陽直射；如開封未食用完請冷藏保存，並於隔餐盡快食畢</li>\n    <li>適用對象：全齡貓適用</li>\n    <li>產地：台灣</li>\n    <li>商品包裝內袋(鋁箔袋)', 119, 107, 100, 32, '2023-07-01', 'https://cdn-front.mao-select.com.tw//upload_files/fonlego-rwd/prodpic/D_M3BBR060101-芝芝魚.jpg', 'https://cdn-front.mao-select.com.tw//upload_files/fonlego-rwd/prodpic/D_b(133).jpg', 'https://cdn-front.mao-select.com.tw//upload_files/fonlego-rwd/prodpic/D_c(99).jpg', 'https://cdn-front.mao-select.com.tw//upload_files/fonlego-rwd/prodpic/D_c(99).jpg'),
(56, '營養主食罐 ', '厚肉肉', 1, 2, '<p><strong>特點：</strong></p>\n<ul>\n    <li>市面唯一添加滴雞精</li>\n    <li>98%高含肉量</li>\n    <li>添加β-聚葡萄糖 強化體質</li>\n    <li>滑順肉泥+肉絲 多層次口感</li>\n    <li>雙重肉肉 提高適口性</li>\n    <li>無穀 無膠 無防腐劑 無K3</li>\n    <li>高蛋白配方 頭好壯壯</li>\n</ul>', 65, 59, 100, 33, '2023-07-02', 'https://cdn-front.mao-select.com.tw//upload_files/fonlego-rwd/prodpic/D_鮮燉雞拼火雞肉.jpg', 'https://cdn-front.mao-select.com.tw//upload_files/fonlego-rwd/prodpic/D_鮮燉雞拼極上牛(1).jpg', 'https://cdn-front.mao-select.com.tw//upload_files/fonlego-rwd/prodpic/D_鮮燉雞拼火雞肉.jpg', 'https://cdn-front.mao-select.com.tw//upload_files/fonlego-rwd/prodpic/D_鮮燉雞拼極上牛(1).jpg'),
(57, '歪嘴貓主食罐 ', '肉球世界', 1, 2, '<p><strong>特點：</strong></p>\n<ul>\n    <li>95%爆高適口性</li>\n    <li>零穀物、無澱粉、無爭議性膠類</li>\n    <li>符合AAFCO&NRC建議之營養標準，適合全齡貓咪食用</li>\n</ul>', 49, 44, 100, 34, '2023-07-03', 'https://cdn-front.mao-select.com.tw//upload_files/fonlego-rwd/prodpic/D_1純雞肉X白藜蘆醇(1).jpg', 'https://cdn-front.mao-select.com.tw//upload_files/fonlego-rwd/prodpic/D_M3PPL050101-a.jpg', 'https://cdn-front.mao-select.com.tw//upload_files/fonlego-rwd/prodpic/D_M3PPL050101-b.jpg', 'https://cdn-front.mao-select.com.tw//upload_files/fonlego-rwd/prodpic/D_M3PPL050101-b.jpg'),
(58, '世界風水慕斯貓咪主食罐 ', '陪心寵糧', 1, 2, '<p><strong>特點：</strong></p>\n<ul>\n    <li>在家環遊世界 享受貓咪專屬異國料理</li>\n    <li>0%保證！零澱粉、零穀物、無添加爭議性膠類</li>\n    <li>符合AAFCO&NRC建議之營養標準</li>\n    <li>適合全齡貓貓食用</li>\n</ul>', 49, 44, 100, 35, '2023-07-04', 'https://cdn-front.mao-select.com.tw//upload_files/fonlego-rwd/prodpic/D_普羅旺斯牛.jpg', 'https://cdn-front.mao-select.com.tw//upload_files/fonlego-rwd/prodpic/D_M3NP050101-a.jpg', 'https://cdn-front.mao-select.com.tw//upload_files/fonlego-rwd/prodpic/D_普羅旺斯牛.jpg', 'https://cdn-front.mao-select.com.tw//upload_files/fonlego-rwd/prodpic/D_M3NP050101-a.jpg'),
(59, '原湯杯 - 鮪魚&蟹肉&吻仔魚', 'CIAO', 1, 2, '<p><strong>特點：</strong></p>\n<ul>\n    <li>添加專利級日本綠茶萃取消臭配方，改善消化系統循環，有效降低糞尿中的異味</li>\n    <li>直接吃或拌飼料都適合</li>\n</ul>\n\n<p>產地：日本</p>\n<p>建議儲存方式：若沒開封請放置在乾燥陰涼處，若開封沒食用完請冷藏保存。請盡速食用完畢，以確保食物美味。</p>\n', 53, 48, 100, 36, '2023-07-05', 'https://cdn-front.mao-select.com.tw//upload_files/fonlego-rwd/prodpic/D_NC-52-(%E9%AE%AA%E9%AD%9A&%E8%9F%B9%E8%82%89&%E5%90%BB%E4%BB%94%E9%AD%9A)(1).jpg', 'https://cdn-front.mao-select.com.tw//upload_files/fonlego-rwd/prodpic/D_NC-52-(%E9%AE%AA%E9%AD%9A&%E8%9F%B9%E8%82%89&%E5%90%BB%E4%BB%94%E9%AD%9A)(1).jpg', 'https://cdn-front.mao-select.com.tw//upload_files/fonlego-rwd/prodpic/D_NC-52-(%E9%AE%AA%E9%AD%9A&%E8%9F%B9%E8%82%89&%E5%90%BB%E4%BB%94%E9%AD%9A)(1).jpg', 'https://cdn-front.mao-select.com.tw//upload_files/fonlego-rwd/prodpic/D_NC-52-(%E9%AE%AA%E9%AD%9A&%E8%9F%B9%E8%82%89&%E5%90%BB%E4%BB%94%E9%AD%9A)(1).jpg'),
(60, '全齡貓金湯杯 ', 'CIAO', 1, 2, '<p><strong>特點：</strong></p>\n<ul>\n    <li>添加專利級日本綠茶萃取消臭配方，改善消化系統循環，有效降低糞尿中的異味</li>\n    <li>特別添加維他命E，照顧貓咪健康</li>\n</ul>\n\n<p>產地：日本</p>\n<p>建議儲存方式：若沒開封請放置在乾燥陰涼處，若開封沒食用完請冷藏保存。請盡速食用完畢，以確保食物美味。</p>\n', 50, 45, 100, 37, '2023-07-06', 'https://cdn-front.mao-select.com.tw//upload_files/fonlego-rwd/prodpic/D_IMC-131.jpg', 'https://cdn-front.mao-select.com.tw//upload_files/fonlego-rwd/prodpic/D_IMC-132.jpg', 'https://cdn-front.mao-select.com.tw//upload_files/fonlego-rwd/prodpic/D_IMC-131.jpg', 'https://cdn-front.mao-select.com.tw//upload_files/fonlego-rwd/prodpic/D_IMC-132.jpg'),
(61, '無穀成貓主食罐 ', 'HALO 嘿囉', 1, 2, '<p><strong>特點：</strong></p>\n<p>HALO®嘿囉™始終堅持只有未受過度加工破壞的營養才能帶給寵物伴侶最佳的健康狀態與生活品質！30年來只用完整鮮肉塊做為肉類食材，在我們的成分表裡面，沒有任何過度加工的重製肉粉（例如雞肉粉、魚粉、黃豆粉等加工粉類成分）。</p>', 60, 54, 100, 38, '2023-07-07', 'https://cdn-front.mao-select.com.tw//upload_files/fonlego-rwd/prodpic/D_規格-野生鮭魚(1).jpg', 'https://cdn-front.mao-select.com.tw//upload_files/fonlego-rwd/prodpic/D_M07HA620101-a.jpg', 'https://cdn-front.mao-select.com.tw//upload_files/fonlego-rwd/prodpic/D_規格-野生鮭魚(1).jpg', 'https://cdn-front.mao-select.com.tw//upload_files/fonlego-rwd/prodpic/D_M07HA620101-a.jpg'),
(62, '天然處方-腸胃道配方', 'Farmina 法米納', 1, 2, '<p><strong>特點：</strong></p>\n<ul>\n<li>法米納Vet Life腸胃道配方使用極易消化、高品質的原料，搭配益菌生來幫助改善腸道菌叢的平衡，可作為緩解急性腸胃道吸收性疾病、急性下痢及恢復期、消化吸收不良時的主食，適合腸胃不適、消化吸收不良或胰臟炎的貓咪使用。</li>\n<li>建議每日餵食量：本品為貓專用之處方食品，需在受醫師的評估下使用。可作為主食，建議於減少急性腸道吸收不適、緩解急性下痢時使用，可在獸醫師評估後延長使用期。</li>\n<li>每日建議餵食量可分成兩餐或多餐給予，並應隨時提供充足、乾淨的飲水。</li>\n<li>可參考外包裝標示之每日建議餵食量，需根據品種、飼養環境、運動量、活動力與疾病嚴重程度作適度調整。</li>\n<li>初次使用法米納全系列主食罐時，建議先與原飲食混合食用，以至少7日逐漸轉換，以免寵物腸胃不適應。</li>\n<li>主成份：菲力雞排、地瓜、水解魚肉蛋白、雞肝、魚油、魚肉(沙丁魚)、雞脂肪、萃取藜麥籽、碳酸鈣、氯化鉀、二水硫酸鈣、果寡醣(0.15%)、甘露寡醣(萃取自酵母)(0.10%)、氯化鈉、豌豆纖維、絲蘭、乾燥啤', 80, 72, 100, 39, '2023-07-08', 'https://cdn-front.mao-select.com.tw//upload_files/fonlego-rwd/prodpic/D_M3ND050101-a(1).jpg', 'https://cdn-front.mao-select.com.tw//upload_files/fonlego-rwd/prodpic/D_M3ND050102-a.jpg', 'https://cdn-front.mao-select.com.tw//upload_files/fonlego-rwd/prodpic/D_M3ND050101-a(1).jpg', 'https://cdn-front.mao-select.com.tw//upload_files/fonlego-rwd/prodpic/D_M3ND050102-a.jpg'),
(63, '天然處方貓罐-磷酸銨鎂配方', 'Farmina 法米納', 1, 2, '<p><strong>特點：</strong></p>\n<p>法米納Vet Life泌尿道磷酸銨鎂結石配方，添加硫酸鈣幫助調整尿液酸鹼值至酸性，並降低蛋白質、鈣、磷、鎂的含量，幫助形成不適合晶體聚集與生成的泌尿道環境，減少泌尿道結石的風險，適合用於磷酸銨鎂結石溶解、預防復發或貓下泌尿道疾病(FLUTD)時的主食。</p>\n\n<p>此為特殊配方，應在獸醫師指示下使用。</p>\n\n<p><strong>建議每日餵食量：</strong>本品為貓專用之處方食品，需在受醫師的評估下使用。可作為主食，建議於貓下泌尿道疾病、調理磷酸銨鎂結石時使用，可在獸醫師評估後延長使用期。</p>\n<p>每日建議餵食量可分成兩餐或多餐給予，並應隨時提供充足、乾淨的飲水。</p>\n<p>可參考外包裝標示之每日建議餵食量，需根據品種、飼養環境、運動量、活動力與疾病嚴重程度作適度調整。</p>\n<p>初次使用法米納全系列主食罐時，建議先與原飲食混合食用，以至少7日逐漸轉換，以免寵物腸胃不適應。</p>\n\n<p><strong>主成份：</strong>菲力雞排、地瓜、水解魚肉蛋白、魚肉(沙丁魚、鮪魚)、雞肝、蛋黃液、', 80, 72, 100, 40, '2023-07-09', 'https://cdn-front.mao-select.com.tw//upload_files/fonlego-rwd/prodpic/D_M3ND050104-a.jpg', 'https://cdn-front.mao-select.com.tw//upload_files/fonlego-rwd/prodpic/D_M3ND050104-a.jpg', 'https://cdn-front.mao-select.com.tw//upload_files/fonlego-rwd/prodpic/D_M3ND050104-a.jpg', 'https://cdn-front.mao-select.com.tw//upload_files/fonlego-rwd/prodpic/D_M3ND050104-a.jpg'),
(64, '天然處方貓罐-照護配方', 'Farmina 法米納', 1, 2, '<p><strong>特點：</strong></p>\n<p>法米納Vet Life高營養照護配方使用高品質、高消化性的原料，加上高能量密度的設計，高含量的鋅元素以幫助傷口調理，充足的必需胺基酸以幫助肌肉修復，幫助因疾病而衰弱的貓咪回復理想體重，作為疾病恢復期、營養補充時的主食，適合重大疾病、術後復原或營養補充時使用。</p>\n\n<p><strong>建議每日餵食量：</strong>本品為貓專用之處方食品，需在受醫師的評估下使用。可作為主食，建議於營養恢復、休養期使用，可在獸醫師評估後延長使用期。</p>\n<p>每日建議餵食量可分成兩餐或多餐給予，並應隨時提供充足、乾淨的飲水。</p>\n<p>可參考外包裝標示之每日建議餵食量，需根據品種、飼養環境、運動量、活動力與疾病嚴重程度作適度調整。</p>\n<p>初次使用法米納全系列主食罐時，建議先與原飲食混合。</p>\n\n<p><strong>主成份：</strong>菲力雞排、水解魚肉蛋白、雞肝、地瓜、魚肉(沙丁魚、鮪魚)、雞脂肪、魚油、萃取藜麥籽、蛋黃液、碳酸鈣、亞麻籽、氯化鉀、二水硫酸鈣、氯化鈉、菊糖(0.10%)、甘露寡醣(萃取自酵母', 80, 72, 100, 41, '2023-07-10', 'https://cdn-front.mao-select.com.tw//upload_files/fonlego-rwd/prodpic/D_M3ND050101-a(1).jpg', 'https://cdn-front.mao-select.com.tw//upload_files/fonlego-rwd/prodpic/D_M3ND050101-a.jpg', 'https://cdn-front.mao-select.com.tw//upload_files/fonlego-rwd/prodpic/D_M3ND050101-a(1).jpg', 'https://cdn-front.mao-select.com.tw//upload_files/fonlego-rwd/prodpic/D_M3ND050101-a.jpg'),
(65, '天然處方貓罐-腎臟配方', 'Farmina 法米納', 1, 2, '法米納Vet Life腎臟配方符合腎臟問題貓咪的營養需求，降低蛋白質、磷離子、鈉離子的含量，舒緩因腎臟功能不足所造成的狀況，幫助改善其健康狀態，可作為慢性或急性腎功能不全病患的主食。\n\n此為特殊配方，應在獸醫師指示下使用。\n\n建議每日餵食量：本品為貓專用之處方食品，需在受醫師的評估下使用。可作為主食，建議於慢性或急性腎臟功能不全時使用，可在獸醫師評估後延長使用期。\n每日建議餵食量可分成兩餐或多餐給予，並應隨時提供充足、乾淨的飲水。\n可參考外包裝標示之每日建議餵食量，需根據品種、飼養環境、運動量、活動力與疾病嚴重程度作適度調整。\n初次使用法米納全系列主食罐時，建議先與原飲食混合食用，以至少7日逐漸轉換，以免寵物腸胃不適應。 \n主成份：菲力雞排、地瓜、水解魚肉蛋白、魚油、雞肝、魚肉(沙丁魚)、雞脂肪、萃取藜麥籽、蛋黃液、碳酸鈣、豌豆纖維、果寡醣、氯化鉀、氯化鈉、洋車前子殼與種子、二水硫酸鈣、絲蘭、乾燥啤酒酵母、葡萄糖胺。\n\n營養添加物(每公斤)：維生素A 4300IU、維生素D3 170IU、維生素E 160mg、胺基酸螯合鋅37.3mg、胺基酸螯合錳18.7mg、胺基酸螯合亞鐵3.3mg', 80, 72, 100, 42, '2023-07-11', 'https://cdn-front.mao-select.com.tw//upload_files/fonlego-rwd/prodpic/D_M3ND050103-a.jpg', 'https://cdn-front.mao-select.com.tw//upload_files/fonlego-rwd/prodpic/D_M3ND050103-a.jpg', 'https://cdn-front.mao-select.com.tw//upload_files/fonlego-rwd/prodpic/D_M3ND050103-a.jpg', 'https://cdn-front.mao-select.com.tw//upload_files/fonlego-rwd/prodpic/D_M3ND050103-a.jpg'),
(66, '1+1 貓鮮食主食罐 ', '好味小姐', 1, 2, '<p><strong>特點：</strong></p>\n<ul>\n    <li>料理罐＋營養粉，不打折的完整營養攝取</li>\n    <li>嚴選天然食材，90%肉類營養</li>\n    <li>配方經好味團隊及專業營養師設計</li>\n    <li>創新營養粉獨立包裝，吃之前再加入料理罐</li>\n    <li>營養符合AAFCO、NRC美國國家研究院寵物食品營養雙重標準</li>\n</ul>', 86, 77, 100, 1, '2023-07-12', 'https://cdn-front.mao-select.com.tw//upload_files/fonlego-rwd/prodpic/D_白醬嫩雞.jpg', 'https://cdn-front.mao-select.com.tw//upload_files/fonlego-rwd/prodpic/D_M3LD050101-b(1).jpg', 'https://cdn-front.mao-select.com.tw//upload_files/fonlego-rwd/prodpic/D_M3LD050101-a(1).jpg', 'https://cdn-front.mao-select.com.tw//upload_files/fonlego-rwd/prodpic/D_M3LD050101-a(1).jpg'),
(67, '1+1 貓奶粉幼母貓主食罐 ', '好味小姐', 1, 2, '<p><strong>特點：</strong></p>\n<ul>\n    <li>添加貓奶粉、貓用羊奶</li>\n    <li>添加好吸收的牛奶鈣</li>\n    <li>營養粉獨立包裝不流失</li>\n    <li>符合幼貓、孕哺貓營養需求</li>\n    <li>符合AAFCO及NRC雙重標準</li>\n</ul>', 58, 52, 100, 2, '2023-07-13', 'https://cdn-front.mao-select.com.tw//upload_files/fonlego-rwd/prodpic/D_厚奶燉雞.jpg', 'https://cdn-front.mao-select.com.tw//upload_files/fonlego-rwd/prodpic/D_a(60).jpg', 'https://cdn-front.mao-select.com.tw//upload_files/fonlego-rwd/prodpic/D_厚奶虱目魚.jpg', 'https://cdn-front.mao-select.com.tw//upload_files/fonlego-rwd/prodpic/D_厚奶虱目魚.jpg'),
(68, '經典貓罐 ', '竣寶', 1, 2, '<p><strong>提供愛貓最美味及均衡的一餐，使一天的活力充沛</strong></p>\n\n<p><strong>建議餵食量：</strong></p>\n<ul>\n    <li>0.5~1.5kg 餵食1/2罐</li>\n    <li>1.5~3.0kg 餵食1罐</li>\n    <li>3.0~5.0kg 餵食約2罐</li>\n</ul>', 40, 36, 100, 3, '2023-07-14', 'https://cdn-front.mao-select.com.tw//upload_files/fonlego-rwd/prodpic/D_經典貓罐-鮪魚南瓜-1.jpg', 'https://cdn-front.mao-select.com.tw//upload_files/fonlego-rwd/prodpic/D_M3GP050101-a.jpg', 'https://cdn-front.mao-select.com.tw//upload_files/fonlego-rwd/prodpic/D_經典貓罐-鮪魚南瓜-1.jpg', 'https://cdn-front.mao-select.com.tw//upload_files/fonlego-rwd/prodpic/D_M3GP050101-a.jpg'),
(69, '化毛貓罐 ', '竣寶', 1, 2, '<p><strong>特點：</strong></p>\n<ul>\n    <li>天然貓草添加，天然纖維質及蛋白質分解酵素，幫助腸胃中的毛球排出</li>\n    <li>竣寶貓罐添加牛磺酸，降低視網膜退化問題，維持正常的視覺功能具有重要作用</li>\n    <li>加強保健心血管及肝臟功能</li>\n</ul>\n\n<p><strong>建議餵食量：</strong></p>\n<ul>\n    <li>0.5~1.5kg 餵食1/2罐</li>\n    <li>1.5~3.0kg 餵食1罐</li>\n    <li>3.0~5.0kg 餵食約2罐</li>\n</ul>\n', 40, 36, 100, 4, '2023-07-15', 'https://cdn-front.mao-select.com.tw//upload_files/fonlego-rwd/prodpic/D_竣寶-化毛貓罐-鮪魚貓草-1.jpg', 'https://cdn-front.mao-select.com.tw//upload_files/fonlego-rwd/prodpic/D_M3GP050301-a.jpg', 'https://cdn-front.mao-select.com.tw//upload_files/fonlego-rwd/prodpic/D_竣寶-化毛貓罐-鮪魚貓草-1.jpg', 'https://cdn-front.mao-select.com.tw//upload_files/fonlego-rwd/prodpic/D_M3GP050301-a.jpg');
INSERT INTO `products` (`product_id`, `product_name`, `vendor`, `category_id`, `subcategory_id`, `description`, `price`, `specialoffer`, `quantity`, `sales`, `created_at`, `images_one`, `images_two`, `images_three`, `images_four`) VALUES
(70, '貓咪主食餐包 ', '喵皇奴', 1, 2, '<p><strong>特點：</strong></p>\n<ul>\n    <li>天然化毛成分助腸胃保健，吃得健康並預防疾病</li>\n    <li>適合多貓家庭，一次同享美味</li>\n    <li>ISO22000/HACCP認證台灣工廠</li>\n    <li>投保2000萬產品責任險</li>\n</ul>', 165, 149, 100, 5, '2023-07-16', 'https://cdn-front.mao-select.com.tw//upload_files/fonlego-rwd/prodpic/D_M3ME060101-雞肉(1).jpg', 'https://cdn-front.mao-select.com.tw//upload_files/fonlego-rwd/prodpic/D_M3ME060101-雞牛.jpg', 'https://cdn-front.mao-select.com.tw//upload_files/fonlego-rwd/prodpic/D_M3ME060101-雞肉.jpg', 'https://cdn-front.mao-select.com.tw//upload_files/fonlego-rwd/prodpic/D_M3ME060101-雞肉.jpg'),
(71, '95%含肉量貓咪主食罐 ', '喵皇奴', 1, 2, '<p><strong>特點：</strong></p>\n<ul>\n    <li>符合天然獵食營養比例</li>\n    <li>天然化毛成分添加</li>\n    <li>質地如慕斯狀</li>\n</ul>', 60, 54, 100, 6, '2023-07-17', 'https://cdn-front.mao-select.com.tw//upload_files/fonlego-rwd/prodpic/D_M3ME050101-雞.jpg', 'https://cdn-front.mao-select.com.tw//upload_files/fonlego-rwd/prodpic/D_M3ME050101-牛雞.jpg', 'https://cdn-front.mao-select.com.tw//upload_files/fonlego-rwd/prodpic/D_M3ME050101-雞.jpg', 'https://cdn-front.mao-select.com.tw//upload_files/fonlego-rwd/prodpic/D_M3ME050101-牛雞.jpg'),
(72, '犬貓無膠點心罐 ', '汪喵星球', 1, 2, '<p><strong>特點：</strong></p>\n<ul>\n    <li>補肉、補水、補機能一次滿足</li>\n    <li>真材實料，完全無人工膠類</li>\n    <li>肉超多＆嗜口性高，滿滿原肉型態</li>\n    <li>添加天然營養機能，毛孩健康補給</li>\n</ul>', 26, 23, 100, 7, '2023-07-18', 'https://cdn-front.mao-select.com.tw//upload_files/fonlego-rwd/prodpic/D_M3DGS050301-規格.jpg', 'https://cdn-front.mao-select.com.tw//upload_files/fonlego-rwd/prodpic/D_M3DGS050301-a.jpg', 'https://cdn-front.mao-select.com.tw//upload_files/fonlego-rwd/prodpic/D_M3DGS050301-b.jpg', 'https://cdn-front.mao-select.com.tw//upload_files/fonlego-rwd/prodpic/D_M3DGS050301-b.jpg'),
(73, '低磷無膠老貓營養主食罐 ', '汪喵星球', 1, 2, '<p><strong>特點：</strong></p>\n<ul>\n    <li>專慕斯質地與蛋白質水解技術，讓老貓輕鬆進食與消化吸收</li>\n    <li>老貓營養專屬設計，幫助關節、腦部及心血健康力</li>\n    <li>成年貓(1歲以上)也可以食用</li>\n    <li>完全無人工膠類</li>\n</ul>', 48, 43, 100, 8, '2023-07-19', 'https://cdn-front.mao-select.com.tw//upload_files/fonlego-rwd/prodpic/D_M3DGS050501-規格.jpg', 'https://cdn-front.mao-select.com.tw//upload_files/fonlego-rwd/prodpic/D_M3DGS050501-a.jpg', 'https://cdn-front.mao-select.com.tw//upload_files/fonlego-rwd/prodpic/D_M3DGS050501-b.jpg', 'https://cdn-front.mao-select.com.tw//upload_files/fonlego-rwd/prodpic/D_M3DGS050501-b.jpg'),
(74, '幼母貓98%營養無膠主食罐 ', '汪喵星球', 1, 2, '<p><strong>特點：</strong></p>\n<ul>\n    <li>專屬營養加強！增強貓咪免疫力</li>\n    <li>益生元添加，穩定腸道健康</li>\n    <li>Omega-3與DHA增量，助腦部發育</li>\n    <li>慕斯質地，更好進食與消化吸收</li>\n</ul>', 48, 43, 100, 9, '2023-07-20', 'https://cdn-front.mao-select.com.tw//upload_files/fonlego-rwd/prodpic/D_M3DGS050401-雞肉.jpg', 'https://cdn-front.mao-select.com.tw//upload_files/fonlego-rwd/prodpic/D_M3DGS050401-a.jpg', 'https://cdn-front.mao-select.com.tw//upload_files/fonlego-rwd/prodpic/D_M3DGS050401-b.jpg', 'https://cdn-front.mao-select.com.tw//upload_files/fonlego-rwd/prodpic/D_M3DGS050401-b.jpg'),
(75, '無穀幼貓主食罐 ', 'HALO 嘿囉', 1, 2, '<p><strong>特點：</strong></p>\n<ul>\n    <li>專屬於幼貓的高營養配方</li>\n    <li>富含牛磺酸及DHA</li>\n    <li>懷孕哺乳期或病後身體虛弱的貓咪也適用</li>\n</ul>', 60, 54, 100, 10, '2023-07-21', 'https://cdn-front.mao-select.com.tw//upload_files/fonlego-rwd/prodpic/D_M07HA620109(1).jpg', 'https://cdn-front.mao-select.com.tw//upload_files/fonlego-rwd/prodpic/D_M07HA620109-規格.jpg', 'https://cdn-front.mao-select.com.tw//upload_files/fonlego-rwd/prodpic/D_M07HA620109(1).jpg', 'https://cdn-front.mao-select.com.tw//upload_files/fonlego-rwd/prodpic/D_M07HA620109-規格.jpg'),
(76, '貓的起床式無穀主食罐 ', '自然食', 1, 2, '<p><strong>特點：</strong></p>\n<ul>\n    <li>NRC營養均衡配方，專為貓咪健康需求設計</li>\n    <li>高含肉符合貓咪消化系統</li>\n    <li>補充豐富EPA/DHA</li>\n    <li>無K3、膠類、穀類、色素香料等化學添加物</li>\n    <li>低磷、低碳水、天天吃也0負擔</li>\n    <li>挑食、轉食中貓咪的首選</li>\n    <li>符合鈣磷比</li>\n    <li>全系列採用無雙酚A (BPA free)高品質罐身，符合國際安全最高標準</li>\n</ul>', 149, 134, 100, 11, '2023-07-22', 'https://cdn-front.mao-select.com.tw//upload_files/fonlego-rwd/prodpic/D_火雞起司(1).jpg', 'https://cdn-front.mao-select.com.tw//upload_files/fonlego-rwd/prodpic/D_火雞起司.jpg', 'https://cdn-front.mao-select.com.tw//upload_files/fonlego-rwd/prodpic/D_牛肉嫩雞.jpg', 'https://cdn-front.mao-select.com.tw//upload_files/fonlego-rwd/prodpic/D_牛肉嫩雞.jpg'),
(77, '貓的宵夜場無穀主食罐 ', '自然食', 1, 2, '<p><strong>特點：</strong></p>\n<ul>\n    <li>NRC營養均衡配方，專為貓咪健康需求設計</li>\n    <li>高含肉符合貓咪消化系統</li>\n    <li>補充豐富EPA/DHA</li>\n    <li>無K3、膠類、穀類、色素香料等化學添加物</li>\n    <li>低磷、低碳水、天天吃也0負擔</li>\n    <li>挑食、轉食中貓咪的首選</li>\n    <li>符合鈣磷比</li>\n    <li>全系列採用無雙酚A (BPA free)高品質罐身，符合國際安全最高標準</li>\n</ul>\n', 63, 57, 100, 12, '2023-07-23', 'https://cdn-front.mao-select.com.tw//upload_files/fonlego-rwd/prodpic/D_M3NT050201-昆布雞肉.jpg', 'https://cdn-front.mao-select.com.tw//upload_files/fonlego-rwd/prodpic/D_月見牛肉燒.jpg', 'https://cdn-front.mao-select.com.tw//upload_files/fonlego-rwd/prodpic/D_鰹魚雞肉.jpg', 'https://cdn-front.mao-select.com.tw//upload_files/fonlego-rwd/prodpic/D_鰹魚雞肉.jpg'),
(78, '貓用主食寵鮮包 ', '自然食', 1, 2, '<p><strong>特點：</strong></p>\n<ul>\n    <li>開封即食 10秒上菜</li>\n    <li>無需添加防腐劑</li>\n    <li>常溫保存即可</li>\n    <li>營養完整保留</li>\n    <li>無菌包裝</li>\n    <li>營養主食 挑食剋星</li>\n</ul>', 117, 105, 100, 13, '2023-07-24', 'https://cdn-front.mao-select.com.tw//upload_files/fonlego-rwd/prodpic/D_好心肝1.jpg', 'https://cdn-front.mao-select.com.tw//upload_files/fonlego-rwd/prodpic/D_好心肝2.jpg', 'https://cdn-front.mao-select.com.tw//upload_files/fonlego-rwd/prodpic/D_貓力湯.jpg', 'https://cdn-front.mao-select.com.tw//upload_files/fonlego-rwd/prodpic/D_貓力湯.jpg'),
(79, '無穀主食罐 ', 'Nurture PRO 天然密碼', 1, 2, '<p><strong>特點：</strong></p>\n<ul>\n    <li>新舊包裝隨機發貨</li>\n    <li>多種無穀配方，每一個都有獨特的功效成份</li>\n    <li>以蛋白質來源作為第一成份的貓罐頭</li>\n    <li>沒有大豆、小麥、玉米</li>\n    <li>高水份含量無加膠</li>\n    <li>無人造防腐劑，色素和加味劑</li>\n</ul>\n', 49, 44, 100, 14, '2023-07-25', 'https://cdn-front.mao-select.com.tw//upload_files/fonlego-rwd/prodpic/D_椰子.jpg', 'https://cdn-front.mao-select.com.tw//upload_files/fonlego-rwd/prodpic/D_M07SL520501-貓薄荷.jpg', 'https://cdn-front.mao-select.com.tw//upload_files/fonlego-rwd/prodpic/D_0307新舊包裝.jpg', 'https://cdn-front.mao-select.com.tw//upload_files/fonlego-rwd/prodpic/D_0307新舊包裝.jpg'),
(80, 'DailyCat 鮮肉罐頭 ', 'ZiwiPeak 巔峰', 1, 2, '<p><strong>特點：</strong></p> \n<p>\n    92%高含肉量，以新鮮肉類為基礎，提供優良高蛋白質和脂肪<br>\n    風味和口感佳，並添加紐西蘭「綠貽貝」照護貓咪關節\n</p>', 130, 117, 100, 15, '2023-07-26', 'https://cdn-front.mao-select.com.tw//upload_files/fonlego-rwd/prodpic/D_規格-羊肉.jpg', 'https://cdn-front.mao-select.com.tw//upload_files/fonlego-rwd/prodpic/D_規格-鹿肉.jpg', 'https://cdn-front.mao-select.com.tw//upload_files/fonlego-rwd/prodpic/D_規格-羊肉.jpg', 'https://cdn-front.mao-select.com.tw//upload_files/fonlego-rwd/prodpic/D_規格-鹿肉.jpg'),
(81, '貓狗香草鮮肉罐', '自然食', 1, 2, '<p><strong>特點：</strong></p>\n<p>\n    寵物鮮食、肉泥、副食、罐頭、濕食推薦!針對幼買狗、老齡貓狗或是挑食、牙口不好、舔食習慣的狗狗貓咪設計，99%含肉量添加美國USDA有機認證香草，天然、健康、營養的鮮味肉泥。\n</p>', 58, 52, 100, 16, '2023-07-27', 'https://cdn-front.mao-select.com.tw//upload_files/fonlego-rwd/prodpic/D_A1NT060201-01.jpg', 'https://cdn-front.mao-select.com.tw//upload_files/fonlego-rwd/prodpic/D_A1NT060201-a.jpg', 'https://cdn-front.mao-select.com.tw//upload_files/fonlego-rwd/prodpic/D_A1NT060201-B.jpg', 'https://cdn-front.mao-select.com.tw//upload_files/fonlego-rwd/prodpic/D_A1NT060201-B.jpg'),
(82, '全齡貓旨定罐', 'CIAO', 1, 2, '<p><strong>特點：</strong></p>\n<ul>\n    <li>添加綠茶消臭成分</li>\n    <li>特別添加維他命E，照顧貓咪健康</li>\n</ul>\n<p>\n    生產國：日本<br>\n    保存期限：36個月<br>\n    若沒開封請放置在乾燥陰涼處，若開封沒食用完請冷藏保存<br>\n    請盡速食用完畢，以確保食物美味<br>\n    每一罐形狀、黏度、顏色都會略有差異，不影響品質\n</p>', 59, 53, 100, 17, '2023-07-28', 'https://cdn-front.mao-select.com.tw//upload_files/fonlego-rwd/prodpic/D_M07CA5221601-a(2).jpg', 'https://cdn-front.mao-select.com.tw//upload_files/fonlego-rwd/prodpic/D_M07CA5221601-a.jpg', 'https://cdn-front.mao-select.com.tw//upload_files/fonlego-rwd/prodpic/D_M07CA5221601-b.jpg', 'https://cdn-front.mao-select.com.tw//upload_files/fonlego-rwd/prodpic/D_M07CA5221601-b.jpg'),
(83, '挑嘴貓無膠主食罐 ', '汪喵星球', 1, 2, '<p><strong>特點：</strong></p>\n<ul>\n    <li>挑食及轉濕食中毛孩的入門好選擇，嗜口性超高</li>\n    <li>符合美國AAFCO/NRC 成幼貓營養標準</li>\n    <li>含豐富的 EPA&DHA 有益腦部與心血管健康</li>\n    <li>零香料！新鮮海鮮烹飪出的天然美味</li>\n</ul>', 46, 41, 100, 18, '2023-07-29', 'https://cdn-front.mao-select.com.tw//upload_files/fonlego-rwd/prodpic/D_M3DGS050201.jpg', 'https://cdn-front.mao-select.com.tw//upload_files/fonlego-rwd/prodpic/D_M3DGS050201-a.jpg', 'https://cdn-front.mao-select.com.tw//upload_files/fonlego-rwd/prodpic/D_M3DGS050201.jpg', 'https://cdn-front.mao-select.com.tw//upload_files/fonlego-rwd/prodpic/D_M3DGS050201-a.jpg'),
(84, '貓用98%鮮肉無膠主食罐 ', '汪喵星球', 1, 2, '<p><strong>特點：</strong></p>\n<ul>\n    <li>鮮肉含量高達98%、植物與營養成分2%</li>\n    <li>完全無膠類，質地呈現自然水感</li>\n    <li>無穀類及大豆</li>\n    <li>不含K3及防腐劑</li>\n</ul>\n', 46, 41, 100, 19, '2023-07-30', 'https://cdn-front.mao-select.com.tw//upload_files/fonlego-rwd/prodpic/D_M3DGS050101-規格.jpg', 'https://cdn-front.mao-select.com.tw//upload_files/fonlego-rwd/prodpic/D_D(14).jpg', 'https://cdn-front.mao-select.com.tw//upload_files/fonlego-rwd/prodpic/D_A(33).jpg', 'https://cdn-front.mao-select.com.tw//upload_files/fonlego-rwd/prodpic/D_A(33).jpg'),
(85, '好味鮮食營養膏 ', '好味小姐', 1, 2, '<p><strong>特點：</strong></p>\n<ul>\n    <li>天然食材製成，好消化好吸收</li>\n    <li>不使用大量油脂與膠類增稠劑</li>\n    <li>添加滴雞精、魚油及穀胱甘肽</li>\n    <li>在200隻貓咪試吃活動中，收到了『挑嘴貓90%愛吃』好評！</li>\n</ul>\n', 169, 152, 100, 20, '2023-07-31', 'https://cdn-front.mao-select.com.tw//upload_files/fonlego-rwd/prodpic/D_M3LD060301.jpg', 'https://cdn-front.mao-select.com.tw//upload_files/fonlego-rwd/prodpic/D_M3LD060301-a.jpg', 'https://cdn-front.mao-select.com.tw//upload_files/fonlego-rwd/prodpic/D_M3LD060301-b.jpg', 'https://cdn-front.mao-select.com.tw//upload_files/fonlego-rwd/prodpic/D_M3LD060301-b.jpg'),
(86, '貓用95%鮮肉主食餐包 ', '汪喵星球', 1, 2, '<p><strong>特點：</strong></p>\n<ul>\n    <li>新鮮大肉塊搭配多元蔬果食材熬煮</li>\n    <li>四種機能保健配方，讓貓咪吃進美味和營養</li>\n    <li>方便！開封即食，1秒享受美味餐點</li>\n</ul>\n', 95, 86, 100, 21, '2023-08-01', 'https://cdn-front.mao-select.com.tw//upload_files/fonlego-rwd/prodpic/D_土雞佐薑黃(1).jpg', 'https://cdn-front.mao-select.com.tw//upload_files/fonlego-rwd/prodpic/D_土雞佐薑黃.jpg', 'https://cdn-front.mao-select.com.tw//upload_files/fonlego-rwd/prodpic/D_土雞佐薑黃(1).jpg', 'https://cdn-front.mao-select.com.tw//upload_files/fonlego-rwd/prodpic/D_土雞佐薑黃.jpg'),
(87, '1+1 滴雞精貓肉泥主食罐 ', '好味小姐', 1, 2, '<p><strong>特點：</strong></p>\n<ul>\n    <li>滴雞精添加，天然濃郁滋味</li>\n    <li>獨立營養粉包，營養完整攝取</li>\n    <li>98%鮮肉+滴雞精，2%膳食纖維營養配方</li>\n    <li>符合離乳幼貓與成貓日常營養需求</li>\n    <li>符合AAFCO、NRC雙重營養標準</li>\n</ul>\n', 57, 51, 100, 22, '2023-08-02', 'https://cdn-front.mao-select.com.tw//upload_files/fonlego-rwd/prodpic/D_M3LD0502-野味火雞.jpg', 'https://cdn-front.mao-select.com.tw//upload_files/fonlego-rwd/prodpic/D_M3LD0502-a.jpg', 'https://cdn-front.mao-select.com.tw//upload_files/fonlego-rwd/prodpic/D_M3LD0502-b.jpg', 'https://cdn-front.mao-select.com.tw//upload_files/fonlego-rwd/prodpic/D_M3LD0502-b.jpg'),
(88, '營養幼貓罐 ', '竣寶', 1, 2, '<p><strong>特點：</strong></p>\n<ul>\n    <li>提供幼貓均衡的鈣磷比，富含多種維生素及牛磺酸，使幼貓營養加倍</li>\n    <li>竣寶貓罐添加牛磺酸，降低視網膜退化問題，維持正常的視覺功能具有重要作用</li>\n    <li>加強保健心血管及肝臟功能</li>\n</ul>\n\n<p>適用對象：幼貓出生八週後</p>\n\n<p>建議餵食量：</p>\n<ul>\n    <li>0.5~1.5kg 餵食1/2罐</li>\n    <li>1.5~3.0kg 餵食1罐</li>\n    <li>3.0~5.0kg 餵食約2罐</li>\n</ul>', 40, 36, 100, 23, '2023-08-03', 'https://cdn-front.mao-select.com.tw//upload_files/fonlego-rwd/prodpic/D_營養幼貓罐-雞肉-1.jpg', 'https://cdn-front.mao-select.com.tw//upload_files/fonlego-rwd/prodpic/D_M3GP050201-a.jpg', 'https://cdn-front.mao-select.com.tw//upload_files/fonlego-rwd/prodpic/D_營養幼貓罐-雞肉-1.jpg', 'https://cdn-front.mao-select.com.tw//upload_files/fonlego-rwd/prodpic/D_M3GP050201-a.jpg'),
(89, 'C\'est bon 輕奢肉泥泥 ', '陪心寵糧', 1, 3, '<p><strong>特點：</strong></p>\n<ul>\n    <li>獨家機能配方，提供美味健康的高級享受</li>\n    <li>高肉含量，綿密質地，俘獲味蕾</li>\n    <li>機能添加，精準守護毛孩健康</li>\n    <li>減磷減納，美味也可以無負擔</li>\n</ul>', 79, 71, 100, 25, '2023-08-05', 'https://cdn-front.mao-select.com.tw//upload_files/fonlego-rwd/prodpic/D_A1NP060401(1).jpg', 'https://cdn-front.mao-select.com.tw//upload_files/fonlego-rwd/prodpic/D_A1NP060401-a.jpg', 'https://cdn-front.mao-select.com.tw//upload_files/fonlego-rwd/prodpic/D_A1NP060401(1).jpg', 'https://cdn-front.mao-select.com.tw//upload_files/fonlego-rwd/prodpic/D_A1NP060401-a.jpg'),
(90, 'Oh!Hi!YO無糖優格條 ', '陪心寵糧', 1, 3, '<p><strong>特點：</strong></p>\n<ul>\n    <li>天然無糖優格，日常補鈣的好選擇</li>\n    <li>零食兼保健，四種口味天天吃也不會膩</li>\n    <li>專利芽孢乳酸菌耐胃酸、耐熱、穩定性佳</li>\n    <li>添加腸道益生元菊苣纖維，保護毛孩腸道</li>\n    <li>無穀物、無防腐劑、無色素，毛孩安心食用</li>\n    <li>適合全齡犬貓食用</li>\n</ul>', 99, 89, 100, 26, '2023-08-06', 'https://cdn-front.mao-select.com.tw//upload_files/fonlego-rwd/prodpic/D_A1NP060201(2).jpg', 'https://cdn-front.mao-select.com.tw//upload_files/fonlego-rwd/prodpic/D_A1NP060201-a.jpg', 'https://cdn-front.mao-select.com.tw//upload_files/fonlego-rwd/prodpic/D_A1NP060201(2).jpg', 'https://cdn-front.mao-select.com.tw//upload_files/fonlego-rwd/prodpic/D_A1NP060201-a.jpg'),
(91, '寵物低磷肉泥 ', '咬一口', 1, 3, '<p><strong>特點：</strong></p>\n<ul>\n    <li>不只是零食，更是低磷零食及拌藥獎勵好夥伴！</li>\n    <li>人用級原料</li>\n    <li>高溫蒸煮殺菌</li>\n    <li>絕佳鈣磷比</li>\n    <li>適口性極佳</li>\n    <li>牛磺酸添加</li>\n    <li>100%台灣製造</li>\n</ul>\n', 59, 53, 100, 28, '2023-08-08', 'https://cdn-front.mao-select.com.tw//upload_files/fonlego-rwd/prodpic/D_A1JB060101.jpg', 'https://cdn-front.mao-select.com.tw//upload_files/fonlego-rwd/prodpic/D_A1JB060101-a.jpg', 'https://cdn-front.mao-select.com.tw//upload_files/fonlego-rwd/prodpic/D_A1JB060101.jpg', 'https://cdn-front.mao-select.com.tw//upload_files/fonlego-rwd/prodpic/D_A1JB060101-a.jpg'),
(92, '貓用低卡無糖寵物優格', 'YowUP', 1, 3, '<p><strong>特點：</strong></p>\n<ul>\n    <li>幫助好菌生長的益生元！</li>\n    <li>0%乳糖、0%脂肪、0%糖份、豐富鈣質及益生元</li>\n    <li>滑順濃厚、高適口性、無人工防腐劑</li>\n    <li>開封前可室溫保存</li>\n    <li>西班牙原裝進口</li>\n</ul>', 75, 68, 100, 29, '2023-08-09', 'https://cdn-front.mao-select.com.tw//upload_files/fonlego-rwd/prodpic/D_A1YU060101-0(1).jpg', 'https://cdn-front.mao-select.com.tw//upload_files/fonlego-rwd/prodpic/D_A1YU060101-a.jpg', 'https://cdn-front.mao-select.com.tw//upload_files/fonlego-rwd/prodpic/D_A1YU060101-0(1).jpg', 'https://cdn-front.mao-select.com.tw//upload_files/fonlego-rwd/prodpic/D_A1YU060101-a.jpg'),
(93, '寵物零食肉丁 ', '陪陪肉肉', 1, 3, '<p><strong>特點：</strong></p>\n<ul>\n    <li>質地柔軟，高齡犬也能咬得動！</li>\n    <li>含有維生素Ａ,維生素Ｂ和葡萄糖胺，有助於關節健康</li>\n    <li>韓國原裝進口！無分裝！最新效期！</li>\n</ul>', 200, 180, 100, 30, '2023-08-10', 'https://cdn-front.mao-select.com.tw//upload_files/fonlego-rwd/prodpic/D_鮭魚(6).jpg', 'https://cdn-front.mao-select.com.tw//upload_files/fonlego-rwd/prodpic/D_a(345).jpg', 'https://cdn-front.mao-select.com.tw//upload_files/fonlego-rwd/prodpic/D_鮭魚(6).jpg', 'https://cdn-front.mao-select.com.tw//upload_files/fonlego-rwd/prodpic/D_a(345).jpg'),
(94, 'GABA 紓壓鮮食肉泥 ', 'LUNA SESAME', 1, 3, '<p><strong>GABA 紓壓鮮食肉泥 - 魔幻月光禮盒</strong></p>\n<p>注入魔法力量預祝大家財氣閃亮，伴侶動物每個月都吃光光！</p>\n<p>添加由日本 Pharma Foods International Co., Ltd. 研發 GABA 專利，成分使用天然食材製成，日日都是吃肉泥的好日子！</p>\n\n<p><strong>松露鱈魚干貝 18g</strong></p>\n<ul>\n    <li>綜合維生素</li>\n    <li>水解蛋白</li>\n    <li>碳酸鈣</li>\n    <li>洋車前子</li>\n    <li>蛋黃粉</li>\n    <li>酵母</li>\n    <li>雞胸肉</li>\n    <li>鱈魚</li>\n    <li>干貝</li>\n    <li>雞肝</li>\n    <li>墨魚</li>\n    <li>芝麻</li>\n    <li>松露</li>\n</ul>\n\n<p><strong>綠色菠菜鮮蔬 18g</strong></p>\n<ul>\n    <li>綜合維生素</li>\n    <li>水解', 180, 162, 100, 31, '2023-08-11', 'https://cdn-front.mao-select.com.tw//upload_files/fonlego-rwd/prodpic/D_A1LS060101-法式藍莓鴨肝.jpg', 'https://cdn-front.mao-select.com.tw//upload_files/fonlego-rwd/prodpic/D_a(286).jpg', 'https://cdn-front.mao-select.com.tw//upload_files/fonlego-rwd/prodpic/D_b(238).jpg', 'https://cdn-front.mao-select.com.tw//upload_files/fonlego-rwd/prodpic/D_b(238).jpg'),
(95, 'LITÖ! 輕肉泥 ', '怪獸部落', 1, 3, '<p><strong>特點：</strong></p>\n<ul>\n    <li>史上成分最單純的肉泥！</li>\n    <li>好吃不用很複雜，輕鬆征服挑嘴貓！</li>\n    <li>減磷減鈉，快樂加倍</li>\n    <li>維他命機能PLUS</li>\n    <li>無添加色素、誘食劑、防腐劑</li>\n</ul>\n', 45, 41, 100, 33, '2023-08-13', 'https://cdn-front.mao-select.com.tw//upload_files/fonlego-rwd/prodpic/D_01雞肉-X-鮮蝦.jpg', 'https://cdn-front.mao-select.com.tw//upload_files/fonlego-rwd/prodpic/D_M3LM060101-a.jpg', 'https://cdn-front.mao-select.com.tw//upload_files/fonlego-rwd/prodpic/D_01雞肉-X-鮮蝦.jpg', 'https://cdn-front.mao-select.com.tw//upload_files/fonlego-rwd/prodpic/D_M3LM060101-a.jpg'),
(96, '寵物一口嫩丁 ', 'Hyperr超躍', 1, 3, '<p><strong>口感特點：</strong></p>\n<ul>\n    <li>專為貓咪設計 軟嫩小塊的好口感</li>\n    <li>嚴選食材 手工慢焙</li>\n    <li>柔軟好咀嚼 Size最適口</li>\n</ul>\n\n<p><strong>口味和成分：</strong></p>\n<ol>\n    <li>\n        <p><strong>南極磷蝦雞肉 25g</strong></p>\n        <p>成份 : 南極磷蝦、雞肉、牛磺酸</p>\n        <p>保證分析(每100g含) : 蛋白質 33.9公克、脂肪 2.6公克、飽和脂肪 0.78公克、反式脂肪 0.0公克、碳水化合物 0.76公克、糖 0.0公克、鈉 143.8毫克、熱量 169.3大卡</p>\n    </li>\n    <li>\n        <p><strong>扇貝雞肉 30g</strong></p>\n        <p>成份 : 扇貝、雞肉、牛磺酸</p>\n        <p>保證分析(每100g含) : 蛋白質 41.3公克、脂肪 2.7公克、飽和脂肪 0.8', 85, 77, 100, 34, '2023-08-14', 'https://cdn-front.mao-select.com.tw//upload_files/fonlego-rwd/prodpic/D_01(1).jpg', 'https://cdn-front.mao-select.com.tw//upload_files/fonlego-rwd/prodpic/D_a(237).jpg', 'https://cdn-front.mao-select.com.tw//upload_files/fonlego-rwd/prodpic/D_01(1).jpg', 'https://cdn-front.mao-select.com.tw//upload_files/fonlego-rwd/prodpic/D_a(237).jpg'),
(97, '寵物立方凍乾 ', 'Hyperr超躍', 1, 3, '<p><strong>特點：</strong></p>\n<ul>\n    <li>真實原汁原味 纖維看得見</li>\n    <li>貓咪最佳食感的尺寸</li>\n    <li>0人工色素添加 天然安心</li>\n    <li>優選鮮肉 手工裁切</li>\n</ul>', 150, 135, 100, 35, '2023-08-15', 'https://cdn-front.mao-select.com.tw//upload_files/fonlego-rwd/prodpic/D_01(2).jpg', 'https://cdn-front.mao-select.com.tw//upload_files/fonlego-rwd/prodpic/D_a(238).jpg', 'https://cdn-front.mao-select.com.tw//upload_files/fonlego-rwd/prodpic/D_01(2).jpg', 'https://cdn-front.mao-select.com.tw//upload_files/fonlego-rwd/prodpic/D_a(238).jpg'),
(98, '貓咪冷凍乾燥生食餐 ', '汪喵星球', 1, 3, '<p><strong>特點：</strong></p>\n<ul>\n    <li>凍乾生食餐，營養吃、方便餵</li>\n    <li>生食的營養x乾乾的方便</li>\n    <li>可當作每日主食</li>\n    <li>使用「冷凍乾燥技術」製作，可常溫保存，使用常溫配送</li>\n    <li>「鮭魚雞肉口味」因魚肉質地較為細緻，產品呈現鬆狀比例較高是正常的喔！</li>\n</ul>\n ', 180, 162, 100, 36, '2023-08-16', 'https://cdn-front.mao-select.com.tw//upload_files/fonlego-rwd/prodpic/D_貓凍乾小包合成雞肉.jpg', 'https://cdn-front.mao-select.com.tw//upload_files/fonlego-rwd/prodpic/D_a(256).jpg', 'https://cdn-front.mao-select.com.tw//upload_files/fonlego-rwd/prodpic/D_b(218).jpg', 'https://cdn-front.mao-select.com.tw//upload_files/fonlego-rwd/prodpic/D_b(218).jpg'),
(99, '經典海陸鮮食調味料 ', '好味小姐', 1, 3, '<p><strong>特點：</strong></p>\n<ul>\n    <li>純天然食料，無香料 無添加</li>\n    <li>使用低溫慢火焙炒</li>\n    <li>過程中不加油、鹽、味精、黃豆粉等添加物</li>\n    <li>精心設計三種保健配方，賦予不同的誘貓風味</li>\n    <li>可以灑在鮮食、飼料或主食罐上</li>\n</ul>', 189, 170, 100, 37, '2023-08-17', 'https://cdn-front.mao-select.com.tw//upload_files/fonlego-rwd/prodpic/D_M3LD070601-貓薄荷.jpg', 'https://cdn-front.mao-select.com.tw//upload_files/fonlego-rwd/prodpic/D_M3LD070601-a.jpg', 'https://cdn-front.mao-select.com.tw//upload_files/fonlego-rwd/prodpic/D_M3LD070601-b.jpg', 'https://cdn-front.mao-select.com.tw//upload_files/fonlego-rwd/prodpic/D_M3LD070601-b.jpg'),
(100, '我家寶貝營養肉泥 ', 'KOSHOTMANSE', 1, 3, '<p><strong>特點：</strong></p>\n<ul>\n    <li>犬貓都可食用的營養肉泥</li>\n    <li>特調 FOS 益生元（果寡糖）機能配方</li>\n    <li>增進腸內菌叢平衡</li>\n</ul>\n', 99, 89, 100, 38, '2023-08-18', 'https://cdn-front.mao-select.com.tw//upload_files/fonlego-rwd/prodpic/D_雞肉佐鮪魚.jpg', 'https://cdn-front.mao-select.com.tw//upload_files/fonlego-rwd/prodpic/D_A1ME060101-a.jpg', 'https://cdn-front.mao-select.com.tw//upload_files/fonlego-rwd/prodpic/D_A1ME060101-b.jpg', 'https://cdn-front.mao-select.com.tw//upload_files/fonlego-rwd/prodpic/D_A1ME060101-b.jpg'),
(101, '凍乾點心 ', '小犬威利', 1, 3, '<p><strong>特點：</strong></p>\n<ul>\n    <li>100%純肉優質蛋白質</li>\n    <li>開封即食小零嘴，搭配鮮食美味多變</li>\n    <li>挑嘴剋星，補水聖品</li>\n    <li>選用人類級當令食材</li>\n    <li>適溫熟化，完整殺菌</li>\n</ul>', 50, 45, 100, 39, '2023-08-19', 'https://cdn-front.mao-select.com.tw//upload_files/fonlego-rwd/prodpic/D_活力蘋果.jpg', 'https://cdn-front.mao-select.com.tw//upload_files/fonlego-rwd/prodpic/D_a(177).jpg', 'https://cdn-front.mao-select.com.tw//upload_files/fonlego-rwd/prodpic/D_b(141).jpg', 'https://cdn-front.mao-select.com.tw//upload_files/fonlego-rwd/prodpic/D_b(141).jpg'),
(102, '寵物蛋白質凍乾點心 ', 'HALO 嘿囉', 1, 3, '<p><strong>特點：</strong></p>\n<ul>\n    <li>純天然食料，無香料 無添加</li>\n    <li>使用低溫慢火焙炒</li>\n    <li>過程中不加油、鹽、味精、黃豆粉等添加物</li>\n    <li>精心設計三種保健配方，賦予不同的誘貓風味</li>\n    <li>可以灑在鮮食、飼料或主食罐上</li>\n</ul>\n', 550, 495, 100, 40, '2023-08-20', 'https://cdn-front.mao-select.com.tw//upload_files/fonlego-rwd/prodpic/D_A1HA060101-野生鮭魚(3).jpg', 'https://cdn-front.mao-select.com.tw//upload_files/fonlego-rwd/prodpic/D_A1HA060101-雞胸肉口味(1).jpg', 'https://cdn-front.mao-select.com.tw//upload_files/fonlego-rwd/prodpic/D_A1HA060101-野生鮭魚(2).jpg', 'https://cdn-front.mao-select.com.tw//upload_files/fonlego-rwd/prodpic/D_A1HA060101-野生鮭魚(2).jpg'),
(103, '天然原肉凍乾零食 ', 'KiWi Pet', 1, 3, '<p><strong>特點：</strong></p>\n<ul>\n    <li>100%紐澳純天然食材</li>\n    <li>冷凍乾燥技術保存滿滿營養</li>\n    <li>無添加防腐劑及調味料</li>\n    <li>香濃鮮肉風味 毛孩最愛</li>\n</ul>', 270, 243, 100, 41, '2023-08-21', 'https://cdn-front.mao-select.com.tw//upload_files/fonlego-rwd/prodpic/D_A1KP060102.jpg', 'https://cdn-front.mao-select.com.tw//upload_files/fonlego-rwd/prodpic/D_A1KP060101-b.jpg', 'https://cdn-front.mao-select.com.tw//upload_files/fonlego-rwd/prodpic/D_A1KP060102.jpg', 'https://cdn-front.mao-select.com.tw//upload_files/fonlego-rwd/prodpic/D_A1KP060101-b.jpg'),
(104, '天然起司球', '汪喵星球', 1, 3, '<p><strong>特點：</strong></p>\n<ul>\n    <li>100% 來自澳洲，每口都是滿滿的起司</li>\n    <li>40g 起司球 ≒ 350ml 牛奶的鈣含量！</li>\n    <li>百分之百天然起司，口感香濃酥脆</li>\n    <li>專利凍乾技術，保留自然奶香與高營養</li>\n    <li>無添加乳化劑、香料與防腐劑</li>\n</ul>\n', 160, 144, 100, 42, '2023-08-22', 'https://cdn-front.mao-select.com.tw//upload_files/fonlego-rwd/prodpic/D_A1DGS060302-規格.jpg', 'https://cdn-front.mao-select.com.tw//upload_files/fonlego-rwd/prodpic/D_A1DGS060302-a.jpg', 'https://cdn-front.mao-select.com.tw//upload_files/fonlego-rwd/prodpic/D_A1DGS060302-b.jpg', 'https://cdn-front.mao-select.com.tw//upload_files/fonlego-rwd/prodpic/D_A1DGS060302-b.jpg'),
(105, '本鰹燒魚條 ', 'CIAO', 1, 3, '<p><strong>特點：</strong></p>\n<ul>\n    <li>真空包裝完整的鰹魚肉塊條</li>\n    <li>無添加防腐劑及色素</li>\n    <li>小份量包裝，一次一條剛剛好</li>\n    <li>魚香味十足，口感鮮美、適口性佳</li>\n    <li>專為熟齡貓設計比一般成貓魚條更加柔軟，易分成小塊狀</li>\n</ul>\n<p>產地：日本</p>', 55, 50, 100, 44, '2023-08-24', 'https://cdn-front.mao-select.com.tw//upload_files/fonlego-rwd/prodpic/D_M07CA522301-hk01(1).jpg', 'https://cdn-front.mao-select.com.tw//upload_files/fonlego-rwd/prodpic/D_M07CA522301-hk01.jpg', 'https://cdn-front.mao-select.com.tw//upload_files/fonlego-rwd/prodpic/D_M07CA522301-hk01(1).jpg', 'https://cdn-front.mao-select.com.tw//upload_files/fonlego-rwd/prodpic/D_M07CA522301-hk01.jpg'),
(106, '乳酸菌肉泥膏 ', 'CIAO', 1, 3, '<p><strong>特點：</strong></p>\n<ul>\n    <li>日本國產製作，添加400億的乳酸菌，腸胃健康</li>\n    <li>綠茶除臭成分配方，吸附腸道內的臭味</li>\n    <li>幫助減少排泄物的臭味</li>\n    <li>管狀設計更簡單餵食</li>\n</ul>\n<p>產地：日本</p>', 120, 108, 100, 45, '2023-08-25', 'https://cdn-front.mao-select.com.tw//upload_files/fonlego-rwd/prodpic/D_CS-151-鮪魚(1).jpg', 'https://cdn-front.mao-select.com.tw//upload_files/fonlego-rwd/prodpic/D_CS-151-鮪魚.jpg', 'https://cdn-front.mao-select.com.tw//upload_files/fonlego-rwd/prodpic/D_CS-151-鮪魚(1).jpg', 'https://cdn-front.mao-select.com.tw//upload_files/fonlego-rwd/prodpic/D_CS-151-鮪魚.jpg'),
(107, '不麻煩鮮作寵食 ', '不麻煩', 1, 3, '<p><strong>特點：</strong></p>\n<ul>\n    <li>天然香料低溫烘製，挑嘴毛孩都說愛</li>\n    <li>台灣在地好農作物，完整食材履歷新鮮看得見</li>\n    <li>僅使用檢驗合格肉品，享受誠食好安心</li>\n    <li>成份零妥協，堅持不含防腐劑、不含化學添加物</li>\n</ul> ', 285, 257, 100, 46, '2023-08-26', 'https://cdn-front.mao-select.com.tw//upload_files/fonlego-rwd/prodpic/D_皇后雞胸肉.jpg', 'https://cdn-front.mao-select.com.tw//upload_files/fonlego-rwd/prodpic/D_蝦味鮮雞肉酥.jpg', 'https://cdn-front.mao-select.com.tw//upload_files/fonlego-rwd/prodpic/D_皇后雞胸肉.jpg', 'https://cdn-front.mao-select.com.tw//upload_files/fonlego-rwd/prodpic/D_蝦味鮮雞肉酥.jpg'),
(108, '啾嚕燒肉泥 ', 'CIAO', 1, 3, '<p><strong>特點：</strong></p>\n<ul>\n    <li>添加綠茶消臭成分，有助減少貓咪糞便的異味</li>\n    <li>條狀包裝，增加餵食方便性</li>\n    <li>可增加與貓咪的互動性零食</li>\n    <li>可加水調和，增加貓咪喝水量</li>\n    <li>依貓咪各成長階段需求調配的專方</li>\n</ul>\n', 72, 65, 100, 48, '2023-08-28', 'https://cdn-front.mao-select.com.tw//upload_files/fonlego-rwd/prodpic/D_4SC-77-%E9%AE%AA%E9%AD%9A&%E5%B9%B2%E8%B2%9D(1).jpg', 'https://cdn-front.mao-select.com.tw//upload_files/fonlego-rwd/prodpic/D_4SC-77-%E9%AE%AA%E9%AD%9A&%E5%B9%B2%E8%B2%9D(1).jpg', 'https://cdn-front.mao-select.com.tw//upload_files/fonlego-rwd/prodpic/D_4SC-77-%E9%AE%AA%E9%AD%9A&%E5%B9%B2%E8%B2%9D(1).jpg', 'https://cdn-front.mao-select.com.tw//upload_files/fonlego-rwd/prodpic/D_4SC-77-%E9%AE%AA%E9%AD%9A&%E5%B9%B2%E8%B2%9D(1).jpg'),
(109, '營養蔬果肉泥 ', '朝貢', 1, 3, '<p><strong>特點：</strong></p>\n<ul>\n    <li>大自然製作的紅色含有豐富的蕃茄紅素</li>\n    <li>對於心血管有保護的作用</li>\n    <li>可加水調和，增加貓咪喝水量</li>\n    <li>條狀包裝，增加餵食方便性</li>\n</ul>\n', 166, 149, 100, 49, '2023-08-29', 'https://cdn-front.mao-select.com.tw//upload_files/fonlego-rwd/prodpic/D_山羊.jpg', 'https://cdn-front.mao-select.com.tw//upload_files/fonlego-rwd/prodpic/D_螃蟹.jpg', 'https://cdn-front.mao-select.com.tw//upload_files/fonlego-rwd/prodpic/D_山羊.jpg', 'https://cdn-front.mao-select.com.tw//upload_files/fonlego-rwd/prodpic/D_螃蟹.jpg'),
(110, '慢燉系列肉泥 ', '朝貢', 1, 3, '<p>朝貢系列是使用中藥材和不添加殘肉的蛋白質零食。按照傳統方法，在製作湯藥的甕中精心熬煮8個小時，味道溫和且水分含量高，可同時提供足夠的水分及豐富的營養。</p>\n', 270, 243, 100, 50, '2023-08-30', 'https://cdn-front.mao-select.com.tw//upload_files/fonlego-rwd/prodpic/D_人篸鹿茸鴨肉.jpg', 'https://cdn-front.mao-select.com.tw//upload_files/fonlego-rwd/prodpic/D_山藥雞胸肉.jpg', 'https://cdn-front.mao-select.com.tw//upload_files/fonlego-rwd/prodpic/D_人篸鹿茸鴨肉.jpg', 'https://cdn-front.mao-select.com.tw//upload_files/fonlego-rwd/prodpic/D_山藥雞胸肉.jpg'),
(111, '美味錠系列 ', '竣寶', 1, 3, '<p>特點：</p>\n<ul>\n    <li>純天然食料，無香料 無添加</li>\n    <li>使用低溫慢火焙炒</li>\n    <li>過程中不加油、鹽、味精、黃豆粉等添加物</li>\n    <li>精心設計三種保健配方，賦予不同的誘貓風味</li>\n    <li>可以灑在鮮食、飼料或主食罐上</li>\n</ul>\n\n<p>建議餵食量</p>\n<p>成貓每天餵食4-10顆</p>\n\n<p>貓草錠</p>\n<p>成份：牛奶和牛奶衍生物、酵母、乾燥貓草12%、油脂和脂肪</p>\n<p>保證分析：粗蛋白23.0-29.0%、粗脂肪14.4-20.6%、粗灰分4.0-7.0%</p>\n\n<p>營養牛奶錠</p>\n<p>成份：牛奶和奶製品（脫脂奶粉41.9％）、油脂、糖、酵母、礦物質</p>\n<p>保證分析：蛋白質 19.7-25.3%、脂肪17.5-5-25.0%、粗纖維3.2%以下、粗灰分 4.0-7.0%、水份 6.0%以下</p>\n\n<p>起司球錠</p>\n<p>成份：牛奶和牛奶衍生物（硬質奶酪4％）、酵母、油脂和脂肪、礦物質</p>\n<p>保證分析：粗蛋白27.0-33.', 120, 108, 100, 53, '2023-07-02', 'https://cdn-front.mao-select.com.tw//upload_files/fonlego-rwd/prodpic/D_M3GP070401-a(1).jpg', 'https://cdn-front.mao-select.com.tw//upload_files/fonlego-rwd/prodpic/D_M3GP070401-a.jpg', 'https://cdn-front.mao-select.com.tw//upload_files/fonlego-rwd/prodpic/D_M3GP070401-a(1).jpg', 'https://cdn-front.mao-select.com.tw//upload_files/fonlego-rwd/prodpic/D_M3GP070401-a.jpg'),
(112, '健康零食餡餅 ', '竣寶', 1, 3, '● 添加鮭魚及不飽和脂肪酸Omega3、6\n● 能幫助寵物心血管健康\n● 含多種必需維生素\n● 外層酥脆，內層清新薄荷夾心\n\n建議餵食量\n每天最多餵20顆\n\n起司牛磺酸\n成份：穀物、魚肉和魚類副產品、油脂、植物蛋白提取物、礦物質、牛奶和奶製品(乾酪粉4%)、牛磺酸\n保證分析：粗蛋白31.0%、粗脂肪20.0%、粗灰分6.0%、粗纖維1.5%\n\n亮毛鮭魚\n成份：穀物、魚肉和魚類副產品(乾燥鮭魚4%)、油脂、植物蛋白提取物、礦物質、牛奶和奶製品、牛磺酸\n保證分析：蛋白質19%、脂肪19%、 粗灰分5%、粗纖維6%\n\n薄荷維他命\n成份：魚肉和魚類副產品、油和脂肪、植物蛋白提取物、蔬菜副產品(乾燥貓薄荷0.5%)、酵母、礦物質、牛奶和奶製品\n保證分析：粗蛋白31.0%、粗脂肪20.0%、粗灰分6.0%、粗纖維2.0%\n\n心臟保健鮭魚\n成份：穀物、魚肉和魚肉衍生物(鮭魚4%)、油脂、酵母、礦物質 營養添加： 維他命A、維他命D3、維他命E、牛磺酸\n保證分析 ：蛋白質 30%、粗脂肪 14%、粗纖維 1.5%、粗灰分 9.0%、Omega3 0.7%、Omega6 2.7%\n\n護眼鮪魚\n成份：穀物', 120, 108, 100, 54, '2023-07-03', 'https://cdn-front.mao-select.com.tw//upload_files/fonlego-rwd/prodpic/D_起司牛磺酸餡餅(1).jpg', 'https://cdn-front.mao-select.com.tw//upload_files/fonlego-rwd/prodpic/D_起司牛磺酸餡餅.jpg', 'https://cdn-front.mao-select.com.tw//upload_files/fonlego-rwd/prodpic/D_起司牛磺酸餡餅(1).jpg', 'https://cdn-front.mao-select.com.tw//upload_files/fonlego-rwd/prodpic/D_起司牛磺酸餡餅.jpg'),
(113, '手作零食 - 肉乾系列 ', '寵鮮灶腳', 1, 3, '<p><strong>特點：</strong></p>\n<ul>\n    <li>國家考試檢定合格，人食用等級</li>\n    <li>採低溫烘烤熟成，保有天然食物原萃</li>\n    <li>產地新鮮採購，食材當天現做</li>\n</ul>\n\n<p>這些是有關不同食材的描述：</p>\n<ul>\n    <li>雞軟骨：最天然的潔牙骨，使用三角軟骨的角度深入齒縫，有助於去除齒垢。</li>\n    <li>丁香魚（日本銀帶鯡）：容易捕捉且營養價值高的魚，具有鮮味。</li>\n    <li>雞肉：雞沒有牙齒，但肌肉強大，可以嚼碎食物。</li>\n    <li>鯊魚肉：富含蛋白質、脂肪、膠原蛋白以及多種維生素和礦物質。</li>\n    <li>板腱：位於肩胛骨上方，是肉質結實、筋多的部位，適合做成寵物肉乾。</li>\n    <li>鮪魚：生長在深海，味道鮮美，少接觸沿岸污染。</li>\n    <li>虱目魚：味鮮美，營養價值高，含有豐富的蛋白質、氨基酸和牛磺酸。</li>\n    <li>雞菲力：雞的珍貴部位，口感優越。</li>\n    <li>低脂雞胸肉：含低脂肪且不飽和', 250, 225, 100, 56, '2023-07-05', 'https://cdn-front.mao-select.com.tw//upload_files/fonlego-rwd/prodpic/D_1低脂雞胸肉.jpg', 'https://cdn-front.mao-select.com.tw//upload_files/fonlego-rwd/prodpic/D_2脆嚼雞胗.jpg', 'https://cdn-front.mao-select.com.tw//upload_files/fonlego-rwd/prodpic/D_3鈣質雞軟骨.jpg', 'https://cdn-front.mao-select.com.tw//upload_files/fonlego-rwd/prodpic/D_3鈣質雞軟骨.jpg'),
(114, '冷凍乾燥零食 ', '牠說好吃', 1, 3, '<p><strong>特點：</strong></p>\n<ul>\n    <li>留存食材本身營養</li>\n    <li>輕巧、方便攜帶儲存</li>\n    <li>低碳水、低脂肪</li>\n    <li>使用原肉純天然零添加</li>\n    <li>鬆軟質地適合各年齡犬貓</li>\n</ul>', 200, 180, 100, 57, '2023-07-06', 'https://cdn-front.mao-select.com.tw//upload_files/fonlego-rwd/prodpic/D_溫體雞胸.jpg', 'https://cdn-front.mao-select.com.tw//upload_files/fonlego-rwd/prodpic/D_a(92).jpg', 'https://cdn-front.mao-select.com.tw//upload_files/fonlego-rwd/prodpic/D_b(75).jpg', 'https://cdn-front.mao-select.com.tw//upload_files/fonlego-rwd/prodpic/D_b(75).jpg'),
(115, '鮮肉凍乾零食 ', '派庫廚房', 1, 3, '<p><strong>特點：</strong></p>\n<ul>\n    <li>均衡飲食 增加額外營養成分</li>\n    <li>100%純肉 適口性佳</li>\n    <li>原肉製造 更香更誘惑</li>\n    <li>加水還原鮮肉 增加水分攝取</li>\n    <li>低溫冷凍乾燥技術 台灣製造</li>\n</ul>', 300, 270, 100, 58, '2023-07-07', 'https://cdn-front.mao-select.com.tw//upload_files/fonlego-rwd/prodpic/D_北歐交響鮭.jpg', 'https://cdn-front.mao-select.com.tw//upload_files/fonlego-rwd/prodpic/D_急凍骰子鹿凍乾.jpg', 'https://cdn-front.mao-select.com.tw//upload_files/fonlego-rwd/prodpic/D_北歐交響鮭.jpg', 'https://cdn-front.mao-select.com.tw//upload_files/fonlego-rwd/prodpic/D_急凍骰子鹿凍乾.jpg'),
(116, '紐西蘭犬貓專用鮮乳', 'ZEA真致', 1, 3, '<p>犬貓都愛喝鮮乳，但犬貓不易消化乳糖，ZEAL使用不含乳糖的牛奶製作，讓寵物喝得無負擔</p>\n<p>本品含有牛磺酸、鈣、鎂、磷、鉀、維生素A、B1、B2、B3、B5、B6、B9、B12、D、E</p>\n<p>適用對象：犬貓、小動物</p>\n<p>成分：鮮牛乳、葵花油、牛磺酸、乳醣分解酶、維生素與礦物質</p>\n<p>成分分析：蛋白質 3.3g、脂肪總量 4g、飽和脂肪 2.5g、碳水化合物 4.6g、糖 4.4g、鈉 46mg、鈣 124mg、能量 298kj</p>\n<p>產地：紐西蘭</p>\n<p>每日建議餵食量：</p>\n<ul>\n    <li>幼犬 體重 500g 每日 140ml</li>\n    <li>幼犬 體重 1kg 每日 250ml</li>\n    <li>成犬/老犬 體重 0-2.5kg 每日 80ml</li>\n    <li>成犬/老犬 體重 5-10kg 每日 75-130ml</li>\n    <li>成犬/老犬 體重 10-25kg 每日 130-250ml</li>\n    <li>成犬/老犬 體重 25-40kg 每日 260ml</li>', 85, 77, 100, 59, '2023-07-08', 'https://cdn-front.mao-select.com.tw//upload_files/fonlego-rwd/prodpic/D_A1ZA060101-規格380(1).jpg', 'https://cdn-front.mao-select.com.tw//upload_files/fonlego-rwd/prodpic/D_A1ZA060101-規格380.jpg', 'https://cdn-front.mao-select.com.tw//upload_files/fonlego-rwd/prodpic/D_A1ZA060101-規格380(1).jpg', 'https://cdn-front.mao-select.com.tw//upload_files/fonlego-rwd/prodpic/D_A1ZA060101-規格380.jpg'),
(117, '凍乾', '朝貢', 1, 3, '<p><strong>特點：</strong></p>\n<ul>\n    <li>犬貓皆能吃，採用冷凍乾燥技術</li>\n    <li>好吃又天然，好剝斷，味道又很好！</li>\n</ul>\n<p>適用對象：全年齡犬貓</p>', 99, 89, 100, 60, '2023-07-09', 'https://cdn-front.mao-select.com.tw//upload_files/fonlego-rwd/prodpic/D_A1CG060201-規格.jpg', 'https://cdn-front.mao-select.com.tw//upload_files/fonlego-rwd/prodpic/D_A1CG060201-2.jpg', 'https://cdn-front.mao-select.com.tw//upload_files/fonlego-rwd/prodpic/D_A1CG060201-規格.jpg', 'https://cdn-front.mao-select.com.tw//upload_files/fonlego-rwd/prodpic/D_A1CG060201-2.jpg'),
(118, '貓狗手作零食 ', '自然食', 1, 3, '<p>狗貓寵物零食推薦，牛絞肉混入適量亞麻籽，製作成條狀，狗狗貓咪更好入口！</p>\n<p>低溫烘烤後混合著亞麻籽的植物清香，還可以幫毛孩補充膳食纖維，幫助犬貓腸道保健！</p>\n<p><strong>特點：</strong></p>\n<ul>\n    <li>Ganeden BC30專利芽孢乳酸菌+LJ88約氏乳桿菌+日本專利LTK竹內乳酸菌，共三大專利菌及16支複合乳酸菌</li>\n</ul>\n', 198, 178, 100, 61, '2023-07-10', 'https://cdn-front.mao-select.com.tw//upload_files/fonlego-rwd/prodpic/D_雞肉啵吉.jpg', 'https://cdn-front.mao-select.com.tw//upload_files/fonlego-rwd/prodpic/D_鯛魚啵卡(2).jpg', 'https://cdn-front.mao-select.com.tw//upload_files/fonlego-rwd/prodpic/D_雞肉啵吉.jpg', 'https://cdn-front.mao-select.com.tw//upload_files/fonlego-rwd/prodpic/D_鯛魚啵卡(2).jpg'),
(119, '原肉零食 ', '汪喵星球', 1, 3, '<p>汪喵凍乾小零嘴可常溫保存，因採用目前最好的「冷凍乾燥技術製作」</p>\n<p>除食材本身營養無其他添加物，給毛孩自然無負擔的寵愛。</p>\n<p>以上圖文資訊來源：<a href=\"https://www.dogcatstar.com/\">汪喵星球官方網站</a></p>\n<p>產地：台灣</p>\n<p>犬貓皆可食</p>\n<p>請置於一般室溫陰涼乾燥處，拆封後請盡快食用完畢</p>\n<p>單次適量即可，不宜取代主食</p>\n', 180, 162, 100, 62, '2023-07-11', 'https://cdn-front.mao-select.com.tw//upload_files/fonlego-rwd/prodpic/D_1-安心雞胸肉.jpg', 'https://cdn-front.mao-select.com.tw//upload_files/fonlego-rwd/prodpic/D_山味原肉零食a.jpg', 'https://cdn-front.mao-select.com.tw//upload_files/fonlego-rwd/prodpic/D_1-安心雞胸肉.jpg', 'https://cdn-front.mao-select.com.tw//upload_files/fonlego-rwd/prodpic/D_山味原肉零食a.jpg'),
(120, '貓方塊酥點心 ', '好味小姐', 1, 3, '<p><strong>特點：</strong></p>\n<ul>\n    <li>選用台灣地瓜、南瓜、番茄等，新鮮天然營養食材</li>\n    <li>含肉量90%以上，食材濃郁香氣，質地酥脆</li>\n    <li>70度低溫烘烤，減少食材營養流失</li>\n    <li>老貓、小貓都可以輕鬆享用</li>\n</ul>', 219, 197, 100, 63, '2023-07-12', 'https://cdn-front.mao-select.com.tw//upload_files/fonlego-rwd/prodpic/D_M3LD060101-紅蘿蔔蕃茄牛肉.jpg', 'https://cdn-front.mao-select.com.tw//upload_files/fonlego-rwd/prodpic/D_M3LD060101-a.jpg', 'https://cdn-front.mao-select.com.tw//upload_files/fonlego-rwd/prodpic/D_M3LD060101-b.jpg', 'https://cdn-front.mao-select.com.tw//upload_files/fonlego-rwd/prodpic/D_M3LD060101-b.jpg'),
(121, '好味鮮食化毛膏 ', '好味小姐', 1, 3, '<p><strong>特點：</strong></p>\n<ul>\n    <li>純天然新鮮食材製成，不含添加礦物油、礦物質及防腐劑</li>\n    <li>讓貓咪排毛輕鬆無負擔，溫和排毛不刺激</li>\n    <li>溫和不刺激，搭配足夠水分補充</li>\n    <li>天然油脂及纖維特性幫助腸道蠕動，貓咪排便更順暢</li>\n</ul>', 149, 134, 100, 64, '2023-07-13', 'https://cdn-front.mao-select.com.tw//upload_files/fonlego-rwd/prodpic/D_M3LD070401-山藥鮮魚(1).jpg', 'https://cdn-front.mao-select.com.tw//upload_files/fonlego-rwd/prodpic/D_M3LD070401-a.jpg', 'https://cdn-front.mao-select.com.tw//upload_files/fonlego-rwd/prodpic/D_M3LD070401-b.jpg', 'https://cdn-front.mao-select.com.tw//upload_files/fonlego-rwd/prodpic/D_M3LD070401-b.jpg'),
(122, '濃醇香雞鮮食調味料 ', '好味小姐', 1, 3, '<p><strong>特點：</strong></p>\n<ul>\n    <li>純天然食料，無香料 無添加</li>\n    <li>使用低溫慢火焙炒</li>\n    <li>過程中不加油、鹽、味精、黃豆粉等添加物</li>\n    <li>精心設計三種保健配方，賦予不同的誘貓風味</li>\n    <li>可以灑在鮮食、飼料或主食罐上</li>\n</ul>\n', 239, 215, 100, 65, '2023-07-14', 'https://cdn-front.mao-select.com.tw//upload_files/fonlego-rwd/prodpic/D_綠貽貝與鱉精.jpg', 'https://cdn-front.mao-select.com.tw//upload_files/fonlego-rwd/prodpic/D_M3LD070201-a.jpg', 'https://cdn-front.mao-select.com.tw//upload_files/fonlego-rwd/prodpic/D_M3LD070201-b.jpg', 'https://cdn-front.mao-select.com.tw//upload_files/fonlego-rwd/prodpic/D_M3LD070201-b.jpg'),
(123, '好味貓補丁 ', '好味小姐', 1, 3, '<p><strong>特點：</strong></p>\n<ul>\n    <li>無鹽、無香料、無添加，選用含豐富優質蛋白質的雞胸肉細心打碎</li>\n    <li>混和台灣新鮮南瓜果肉</li>\n    <li>含有豐富膳食纖維與維生素，清新香氣，貓咪最喜歡</li>\n</ul>\n', 199, 179, 100, 66, '2023-07-15', 'https://cdn-front.mao-select.com.tw//upload_files/fonlego-rwd/prodpic/D_M3LD070301-膳食纖維.jpg', 'https://cdn-front.mao-select.com.tw//upload_files/fonlego-rwd/prodpic/D_M3LD070301-a.jpg', 'https://cdn-front.mao-select.com.tw//upload_files/fonlego-rwd/prodpic/D_M3LD070301-d.jpg', 'https://cdn-front.mao-select.com.tw//upload_files/fonlego-rwd/prodpic/D_M3LD070301-d.jpg'),
(124, '貓凍乾零食 ', '好味小姐', 1, 3, '<p><strong>特點：</strong></p>\n<ul>\n    <li>結合雞身上營養精華的『全雞系列』</li>\n    <li>除了藉由凍乾製程保存完整營養</li>\n    <li>讓貓咪吃零食的同時也把營養吃進去</li>\n    <li>收到了『挑嘴貓96％愛吃』超高好評！</li>\n</ul>\n', 219, 197, 100, 67, '2023-07-16', 'https://cdn-front.mao-select.com.tw//upload_files/fonlego-rwd/prodpic/D_濃縮全雞.jpg', 'https://cdn-front.mao-select.com.tw//upload_files/fonlego-rwd/prodpic/D_M3LD0602-a.jpg', 'https://cdn-front.mao-select.com.tw//upload_files/fonlego-rwd/prodpic/D_M3LD0602-b.jpg', 'https://cdn-front.mao-select.com.tw//upload_files/fonlego-rwd/prodpic/D_M3LD0602-b.jpg'),
(125, '貓貓香軟凍乾 ', 'SOFTREAT', 1, 3, '<p><strong>特點：</strong></p>\n<ul>\n    <li>針對貓咪特性而設計SOFTREAT 貓咪香軟凍乾</li>\n    <li>採天然且無添加食材而製成</li>\n    <li>設計成適合貓咪吞嚥與消化</li>\n    <li>鬆軟易食、好消化、採獨立小包裝</li>\n    <li>一次一包，一盒有20包，易於保存與攜帶</li>\n    <li>非常適合作為玩耍與訓練用零食</li>\n    <li>可以打碎拌在食物中或覆水中來增加貓咪飲水量</li>\n</ul>\n<p>鮭魚口味成份：100% 鮭魚</p>\n<p>比目魚口味成份：100% 比目魚</p>\n<p>食用方式：直接食用</p>\n<p>建議食用量：3公斤以下：2g, 4~10公斤：5g, 10公斤以上：7g</p>\n<p>規格：50g (2.5g*20ea)</p>\n<p>產地：韓國</p>\n<p>適用寵物：貓</p>\n', 480, 432, 100, 70, '2023-07-19', 'https://cdn-front.mao-select.com.tw//upload_files/fonlego-rwd/prodpic/D_M3SR060101-鮭魚.jpg', 'https://cdn-front.mao-select.com.tw//upload_files/fonlego-rwd/prodpic/D_a(217).jpg', 'https://cdn-front.mao-select.com.tw//upload_files/fonlego-rwd/prodpic/D_b(182).jpg', 'https://cdn-front.mao-select.com.tw//upload_files/fonlego-rwd/prodpic/D_b(182).jpg'),
(126, '寒天肉泥 ', 'CIAO', 1, 3, '<p><strong>特點：</strong></p>\n<ul>\n    <li>添加綠茶消臭成分，有助減少貓咪糞便的異味</li>\n    <li>條狀包裝，增加餵食方便性</li>\n    <li>可增加與貓咪的互動性零食</li>\n    <li>可加水調和，增加貓咪喝水量</li>\n    <li>依貓咪各成長階段需求調配的專方</li>\n</ul>\n<p>產地：泰國</p>\n', 75, 68, 100, 73, '2023-07-22', 'https://cdn-front.mao-select.com.tw//upload_files/fonlego-rwd/prodpic/D_TSC-121-鮪魚(1).jpg', 'https://cdn-front.mao-select.com.tw//upload_files/fonlego-rwd/prodpic/D_TSC-121-鮪魚.jpg', 'https://cdn-front.mao-select.com.tw//upload_files/fonlego-rwd/prodpic/D_TSC-121-鮪魚(1).jpg', 'https://cdn-front.mao-select.com.tw//upload_files/fonlego-rwd/prodpic/D_TSC-121-鮪魚.jpg'),
(127, '寒天鰹魚燒肉泥 ', 'CIAO', 1, 3, '<p><strong>特點：</strong></p>\n<ul>\n    <li>添加綠茶消臭成分，有助減少貓咪糞便的異味</li>\n    <li>條狀包裝，增加餵食方便性</li>\n    <li>可增加與貓咪的互動性零食</li>\n    <li>可加水調和，增加貓咪喝水量</li>\n    <li>依貓咪各成長階段需求調配的專方</li>\n</ul>\n<p>產地：泰國</p>\n', 75, 68, 100, 74, '2023-07-23', 'https://cdn-front.mao-select.com.tw//upload_files/fonlego-rwd/prodpic/D_M07CA522901.jpg', 'https://cdn-front.mao-select.com.tw//upload_files/fonlego-rwd/prodpic/D_TSC-142-柴魚高湯.jpg', 'https://cdn-front.mao-select.com.tw//upload_files/fonlego-rwd/prodpic/D_M07CA522901.jpg', 'https://cdn-front.mao-select.com.tw//upload_files/fonlego-rwd/prodpic/D_TSC-142-柴魚高湯.jpg'),
(128, '寵物保健肉泥', 'it jjoo', 1, 3, '<p>對於健康快樂的伴侶動物來說，持續的關節護理是必須的，而不是選擇</p>\n<p><strong>it jjoo關節保健肉泥</strong>，富含各種幫助關節護理的成分</p>\n<p>許多犬貓都有皮膚的問題，因此積極得皮膚保健是必須的</p>\n<p><strong>it jjoo皮膚保健肉泥</strong></p>\n<p>富含各種幫助皮膚護理的成分</p>\n<p><strong>皮膚保健肉泥</strong></p>\n<p>成分：鮭魚、海帶（大島）、鰺魚油Omega-3、維生素（維生素C、維生素D）、礦物質（鐵、銅）、寒天、明膠</p>\n<p>營養分析：粗蛋白質(Min.)12.3%, 粗脂肪(Min.) 7.9%, 粗纖維(Max.)4.4%, 粗灰分(Max.) 1.7, 鈣(Min.) 0.03%, 磷(Min.) 0.29 %, 水分(Max.) 75%</p>\n<p><strong>關節保健肉泥</strong></p>\n<p>成分：羊肉、綠唇貝、鯊魚軟骨、紅花籽粉、維生素混合物（維生素C、維生素D）、礦物質混合物（鐵、銅）、寒天</p>\n<p>營養分析：粗蛋白質(Mi', 300, 270, 100, 99, '2023-07-24', 'https://cdn-front.mao-select.com.tw//upload_files/fonlego-rwd/prodpic/D_a(219).jpg', 'https://cdn-front.mao-select.com.tw//upload_files/fonlego-rwd/prodpic/D_a(218).jpg', 'https://cdn-front.mao-select.com.tw//upload_files/fonlego-rwd/prodpic/D_b(183).jpg', 'https://cdn-front.mao-select.com.tw//upload_files/fonlego-rwd/prodpic/D_b(183).jpg'),
(129, '混合貓砂 (豆腐砂+礦砂)', 'pidan', 3, 8, '<ul>\n  <li>吸收、除臭樣樣在行的經典款</li>\n  <li>68%豆腐貓砂+32%礦砂科學混比</li>\n  <li>豆腐貓砂專注吸水</li>\n  <li>礦砂搭配STA顆粒 專注除臭</li>\n  <li>小顆的礦砂可填補貓砂空隙 完美包覆</li>\n</ul>\n\n<p>規格 : 2.4kg</p>\n<p>保存期限 : 24個月</p>\n<p>材質 : 豆渣、澱粉、瓜爾膠、膨潤土</p>\n<p>產品配比 : 68% 2mm直徑豆腐砂+32%礦砂+除臭顆粒</p>\n<p>運輸過程中，無法避免快遞碰撞、擠壓造成空氣跑入導致真空包裝洩氣，但不影響正常使用唷，若介意者請謹慎購買</p>\n<p>將貓砂平鋪在貓砂盆裡約3-5公分厚度</p>\n<p>為讓貓咪有更潔淨的如廁體驗，建議每天清理貓砂</p>\n', 180, 162, 100, 20, '2023-07-01', 'https://cdn-front.mao-select.com.tw//upload_files/fonlego-rwd/prodpic/D_M3PD150101-e-0.jpg', 'https://cdn-front.mao-select.com.tw//upload_files/fonlego-rwd/prodpic/D_a(370).jpg', 'https://cdn-front.mao-select.com.tw//upload_files/fonlego-rwd/prodpic/D_b(147).jpg', 'https://cdn-front.mao-select.com.tw//upload_files/fonlego-rwd/prodpic/D_b(147).jpg'),
(130, '混合貓砂 (咖啡豆腐砂+礦砂)', 'pidan', 3, 8, '<ul>\n  <li>添加咖啡渣吸附異味</li>\n  <li>68%咖啡豆腐貓砂+32%礦砂科學混比</li>\n  <li>豆腐貓砂專注吸水</li>\n  <li>澎潤土貓砂搭配STA顆粒 專注除臭</li>\n  <li>小顆的澎潤土可填補貓砂空隙 完美包覆</li>\n</ul>\n\n<p>規格 : 2.4kg</p>\n<p>保存期限 : 24個月</p>\n<p>材質 : 咖啡渣、豆渣、澱粉、瓜爾膠、膨潤土</p>\n<p>產品配比 : 68% 2mm直徑咖啡豆腐砂+32%礦砂+除臭顆粒</p>\n<p>運輸過程中，無法避免快遞碰撞、擠壓造成空氣跑入導致真空包裝洩氣，但不影響正常使用唷，若介意者請謹慎購買</p>\n<p>將貓砂平鋪在貓砂盆裡約3-5公分厚度</p>\n<p>為讓貓咪有更潔淨的如廁體驗，建議每天清理貓砂</p>', 180, 162, 100, 21, '2023-07-02', 'https://cdn-front.mao-select.com.tw//upload_files/fonlego-rwd/prodpic/D_M3PD150106a(2).jpg', 'https://cdn-front.mao-select.com.tw//upload_files/fonlego-rwd/prodpic/D_M3PD150106-a.jpg', 'https://cdn-front.mao-select.com.tw//upload_files/fonlego-rwd/prodpic/D_M3PD150106-b.jpg', 'https://cdn-front.mao-select.com.tw//upload_files/fonlego-rwd/prodpic/D_M3PD150106-b.jpg'),
(131, '活性碳貓砂(豆腐砂+礦砂)', 'pidan', 3, 8, '<ul>\n  <li>40%原味豆腐砂 + 35%球形礦砂 + 25%活性碳豆腐砂</li>\n  <li>5.2kg 桶裝大容量，三種貓砂一桶集合</li>\n  <li>原味豆腐貓砂的純天然吸水力</li>\n  <li>球型礦砂搭配除臭顆粒，結團更牢、鎖住異味</li>\n  <li>活性碳豆腐貓砂，吸附臭味超安心</li>\n  <li>桶裝密封，卡扣設計、防潮防霉可重複使用</li>\n</ul>\n\n<p>規格 : 5.2kg</p>\n<p>保存期限 : 24個月</p>\n<p>運輸過程中，無法避免快遞碰撞導致貓砂破碎，謹慎購買</p>\n<p>將貓砂平鋪在貓砂盆裡約 5-8 公分厚度</p>\n<p>為讓貓咪有更潔淨的如廁體驗，建議每天清理貓砂</p>\n', 390, 351, 100, 22, '2023-07-03', 'https://cdn-front.mao-select.com.tw//upload_files/fonlego-rwd/prodpic/D_M3PD150103new.jpg', 'https://cdn-front.mao-select.com.tw//upload_files/fonlego-rwd/prodpic/D_情境1.jpg', 'https://cdn-front.mao-select.com.tw//upload_files/fonlego-rwd/prodpic/D_情境2.jpg', 'https://cdn-front.mao-select.com.tw//upload_files/fonlego-rwd/prodpic/D_情境2.jpg'),
(132, '豆腐貓砂 隱血測試款 (豆腐砂)', 'pidan', 3, 8, '<ul>\n  <li>從小地方開始自檢，隨時注意貓咪健康，陪伴就能長長久久</li>\n  <li>貓砂代替試紙 高靈敏度顯色</li>\n  <li>遇微量無色血液 測試顆粒立即變藍</li>\n  <li>優質豆渣 無人工添加</li>\n  <li>直徑 2mm+1.5mm豆腐砂混搭 塞滿縫隙不黏底</li>\n  <li>海綿般的吸水能力 結團迅速</li>\n</ul>\n\n<p>尺寸 : 27x22x9cm</p>\n<p>規格 : 6L(約2.4kg)</p>\n<p>材質 : 食品級豆渣、澱粉、瓜爾豆膠</p>\n<p>適用單層貓砂盆，不適用雙層砂盆</p>\n<p>新舊包裝採隨機出貨，不影響使用</p>\n<p>運輸過程中，無法避免快遞碰撞、擠壓造成空氣跑入導致真空包裝洩氣，但不影響正常使用唷，若介意者請謹慎購買</p>\n<p>經拆封後30天以上測試顆粒之測試效率將隨時間遞減</p>\n<p>單次的沖入廁所的量，主要會受馬桶型號以及排汙管道的條件影響，無法給出具體的量，通常建議少量多次為宜</p>\n', 205, 185, 100, 23, '2023-07-04', 'https://cdn-front.mao-select.com.tw//upload_files/fonlego-rwd/prodpic/D_隱血款新包裝主圖無logo-1031.jpg', 'https://cdn-front.mao-select.com.tw//upload_files/fonlego-rwd/prodpic/D_M01PD523107a.jpg', 'https://cdn-front.mao-select.com.tw//upload_files/fonlego-rwd/prodpic/D_M01PD523107b.jpg', 'https://cdn-front.mao-select.com.tw//upload_files/fonlego-rwd/prodpic/D_M01PD523107b.jpg'),
(133, '豆腐貓砂 原味款 (豆腐砂)', 'pidan', 3, 8, '<ul>\n  <li>70%2mm直徑豆腐貓砂+30%1.5mm直徑豆腐貓砂組合</li>\n  <li>孔隙更小，結團更快更牢固</li>\n  <li>1.5mm 填補縫隙</li>\n  <li>2mm 海水般的吸水力</li>\n</ul>\n\n<p>規格 : 2.4kg</p>\n<p>保存期限 : 24個月</p>\n<p>材質 : 豆渣、澱粉、瓜爾膠</p>\n<p>產品配比 : 70% 2mm直徑豆腐砂+30%1.5mm直徑豆腐砂</p>\n<p>運輸過程中，無法避免快遞碰撞、擠壓造成空氣跑入導致真空包裝洩氣，但不影響正常使用唷，若介意者請謹慎購買</p>\n<p>將貓砂平鋪在貓砂盆裡約3-5公分厚度</p>\n<p>為讓貓咪有更潔淨的如廁體驗，建議每天清理貓砂</p>\n<p>單次的沖入廁所的量，主要會受馬桶型號以及排汙管道的條件影響，無法給出具體的量，通常建議少量多次為宜</p>\n', 190, 171, 100, 24, '2023-07-05', 'https://cdn-front.mao-select.com.tw//upload_files/fonlego-rwd/prodpic/D_M3PD150102-0(3).jpg', 'https://cdn-front.mao-select.com.tw//upload_files/fonlego-rwd/prodpic/D_a(184).jpg', 'https://cdn-front.mao-select.com.tw//upload_files/fonlego-rwd/prodpic/D_b(148).jpg', 'https://cdn-front.mao-select.com.tw//upload_files/fonlego-rwd/prodpic/D_b(148).jpg'),
(134, '天然無塵貓砂 (礦砂)', 'pidan', 3, 8, '<ul>\n  <li>3秒吸水 極速結團</li>\n  <li>極大程度減少揮發時間和擴散面積 配合STA 用技術減少異味</li>\n</ul>\n\n<p>尺寸 : 26x10x26cm</p>\n<p>重量 : 6kg</p>\n<p>材質 : 礦砂</p>\n<p>適用單層貓砂盆，不適用雙層砂盆</p>\n<p>運輸過程中，無法避免快遞碰撞、擠壓造成空氣跑入導致真空包裝洩氣</p>\n<p>包裝失真空不影響使用亦不會因此受潮，不得依此作為退換貨之緣由，介意者請勿下單</p>\n', 215, 194, 100, 25, '2023-07-06', 'https://cdn-front.mao-select.com.tw//upload_files/fonlego-rwd/prodpic/D_M01PD523102(清晰版本)(1).jpg', 'https://cdn-front.mao-select.com.tw//upload_files/fonlego-rwd/prodpic/D_M01PD523102a.jpg', 'https://cdn-front.mao-select.com.tw//upload_files/fonlego-rwd/prodpic/D_M01PD523102b.jpg', 'https://cdn-front.mao-select.com.tw//upload_files/fonlego-rwd/prodpic/D_M01PD523102b.jpg'),
(135, '巨型開放式貓砂盆', 'Mango', 3, 9, '<ul>\n  <li>超寬大空間15kg肥貓也能旋轉又跳耀</li>\n  <li>盆體加高至33cm 防止貓砂飛濺</li>\n  <li>15cm側開門 幼貓也能輕鬆進出</li>\n  <li>升級加厚款 相較市面同款更硬挺</li>\n  <li>一體成型無需安裝</li>\n</ul>\n\n<p>尺寸 : 795 x 485 x 335mm</p>\n<p>重量 : 2.84kg</p>\n<p>材質 : PP</p>\n', 1500, 1350, 100, 26, '2023-07-07', 'https://cdn-front.mao-select.com.tw//upload_files/fonlego-rwd/prodpic/D_1(12).jpg', 'https://cdn-front.mao-select.com.tw//upload_files/fonlego-rwd/prodpic/D_a(274).jpg', 'https://cdn-front.mao-select.com.tw//upload_files/fonlego-rwd/prodpic/D_b(234).jpg', 'https://cdn-front.mao-select.com.tw//upload_files/fonlego-rwd/prodpic/D_b(234).jpg'),
(136, '大型開放式貓砂盆', 'Mango', 3, 9, '<ul>\n  <li>無附贈圖中貓砂鏟</li>\n  <li>超寬大空間 8kg肥貓也能旋轉又跳耀</li>\n  <li>盆體加高至33cm 防止貓砂飛濺</li>\n  <li>15cm側開門 幼貓也能輕鬆進出</li>\n  <li>升級加厚款 相較市面同款更硬挺</li>\n  <li>底部防滑不移位</li>\n  <li>四角圓弧 不怕磕碰</li>\n  <li>一體成型無需安裝</li>\n  <li>雙側都有提把設計</li>\n</ul>\n\n<p>產品尺寸 : 61.5x41.5x33cm</p>\n<p>入口高度 : 15.25cm</p>\n<p>重量 : 1.6kg</p>\n<p>材質 : PP (啞光磨砂面)</p>\n', 800, 720, 100, 27, '2023-07-08', 'https://cdn-front.mao-select.com.tw//upload_files/fonlego-rwd/prodpic/D_白(14).jpg', 'https://cdn-front.mao-select.com.tw//upload_files/fonlego-rwd/prodpic/D_aa(14).jpg', 'https://cdn-front.mao-select.com.tw//upload_files/fonlego-rwd/prodpic/D_a(208).jpg', 'https://cdn-front.mao-select.com.tw//upload_files/fonlego-rwd/prodpic/D_a(208).jpg'),
(137, '雪屋貓砂盆', 'pidan', 3, 9, '<ul>\n  <li>將雪地靜謐、柔和的氣氛與雪屋融合</li>\n  <li>超大球形結構，寬敞弧形空間</li>\n  <li>半封閉式結構，給貓咪更多私密和安全感</li>\n  <li>擁有嬰兒級的安全保障</li>\n  <li>超大底盆，鏟砂無死角</li>\n  <li>超長漏砂走廊，減少貓砂被帶出的可能</li>\n  <li>特別設計的密封擋板，杜絕貓尿外漏</li>\n  <li>附貓砂鏟，鏟面設計巧妙，手感舒適</li>\n</ul>\n\n<p>尺寸 : 54.8x54.8x49.25cm</p>\n<p>重量 : 3.1kg</p>\n<p>材質 : ABS</p>\n<p>雪屋可為7KG以下貓咪提供舒適的如廁環境，不同貓咪體型差異較大，購買前請注意產品尺寸</p>\n', 1690, 1521, 100, 28, '2023-07-09', 'https://cdn-front.mao-select.com.tw//upload_files/fonlego-rwd/prodpic/D_M03PD5203(2).jpg', 'https://cdn-front.mao-select.com.tw//upload_files/fonlego-rwd/prodpic/D_M03PD5203a.jpg', 'https://cdn-front.mao-select.com.tw//upload_files/fonlego-rwd/prodpic/D_M03PD5203b.jpg', 'https://cdn-front.mao-select.com.tw//upload_files/fonlego-rwd/prodpic/D_M03PD5203b.jpg'),
(138, '頂入式貓砂盆', 'inFluffy', 3, 9, '<ul>\n  <li>底部圓角與貓砂鏟圓角相匹配，不會出現清理死角</li>\n  <li>滿足對美的追求，也是實用性的貓砂盆</li>\n  <li>附贈精細長柄貓砂鏟</li>\n</ul>\n\n<p>尺寸 : 478x478x383mm</p>\n<p>重量 : 5.8kg</p>\n<p>材質 : 線性低密度聚乙烯、丙烯腈-丁二烯-苯乙烯共聚物、合成樺木/紅橡木</p>\n<p>不合適尚未有跳躍能力的幼猫或任何跳躍能力較弱的猫</p>\n', 2350, 2115, 100, 29, '2023-07-10', 'https://cdn-front.mao-select.com.tw//upload_files/fonlego-rwd/prodpic/D_M3IFF140101-樺木.jpg', 'https://cdn-front.mao-select.com.tw//upload_files/fonlego-rwd/prodpic/D_M3IFF140101-a.jpg', 'https://cdn-front.mao-select.com.tw//upload_files/fonlego-rwd/prodpic/D_M3IFF140101-b.jpg', 'https://cdn-front.mao-select.com.tw//upload_files/fonlego-rwd/prodpic/D_M3IFF140101-b.jpg'),
(139, '開放式貓砂盆 ', 'meoof', 3, 9, '<ul>\n  <li>克制的可愛，在獨有的格調中保有生活的趣味</li>\n  <li>35度踏腳鞋面</li>\n  <li>清潔零死角</li>\n  <li>22cm加深盆體</li>\n  <li>快速落砂鏟</li>\n  <li>雙層防傾倒</li>\n  <li>防帶砂紋理</li>\n  <li>鏟子可掛好收納</li>\n  <li>底部握口設計，輕鬆倒砂</li>\n  <li>內部有刻度，貓砂用量直觀見解</li>\n</ul>\n\n<p>尺寸 : 51.8x52x22cm</p>\n<p>內部尺寸寬約 : 41.8cm</p>\n<p>材質 : PP</p>\n<p>重量 : 2kg</p>\n', 1190, 1071, 100, 30, '2023-07-11', 'https://cdn-front.mao-select.com.tw//upload_files/fonlego-rwd/prodpic/D_白(1).jpg', 'https://cdn-front.mao-select.com.tw//upload_files/fonlego-rwd/prodpic/D_M3MF140201a(2).jpg', 'https://cdn-front.mao-select.com.tw//upload_files/fonlego-rwd/prodpic/D_M3MF140201a(2).jpg', 'https://cdn-front.mao-select.com.tw//upload_files/fonlego-rwd/prodpic/D_M3MF140201a(2).jpg'),
(140, '開放式貓砂盆 ', 'Smart Paws', 3, 9, '<ul>\n  <li>無附贈圖中貓砂鏟</li>\n  <li>超寬大空間，防止貓砂飛濺</li>\n  <li>底部防滑，不移位</li>\n  <li>四角圓弧，不怕磕碰</li>\n  <li>一體成型，無需安裝</li>\n  <li>雙側都有提把設計</li>\n</ul>\n\n<p>材質 : PP</p>\n<p>尺寸 : 64x42x33cm</p>\n\n', 650, 585, 100, 31, '2023-07-12', 'https://cdn-front.mao-select.com.tw//upload_files/fonlego-rwd/prodpic/D_M3SP140101-灰色.jpg', 'https://cdn-front.mao-select.com.tw//upload_files/fonlego-rwd/prodpic/D_d(147).jpg', 'https://cdn-front.mao-select.com.tw//upload_files/fonlego-rwd/prodpic/D_c(200).jpg', 'https://cdn-front.mao-select.com.tw//upload_files/fonlego-rwd/prodpic/D_c(200).jpg'),
(141, ' 豪華超寬敞半封閉貓砂盆', 'PETHROOM', 3, 9, '<ul>\n  <li>為貓貓獨家設計，豪華超大型貓砂盆</li>\n  <li>超大的尺寸，兩隻貓貓進去也足夠的空間</li>\n  <li>防止貓砂四濺，圓頂包裹設計</li>\n  <li>入口高度16cm，加寬入口腳踏板且有鏤空設計</li>\n  <li>方便清洗管理的可分離型設計，換貓砂、清洗貓砂盆的時候可分離後輕鬆搞定</li>\n  <li>安全安心製造</li>\n</ul>\n\n<p>適用於：</p>\n<ul>\n  <li>養貓家庭</li>\n  <li>正在尋找大貓廁所的管家</li>\n  <li>因貓砂四處都是而備受壓力的管家</li>\n  <li>很難全部更換貓砂的管家</li>\n  <li>受空間限制而難以配備多個貓砂盆的多貓家庭</li>\n  <li>想要使用耐久性強的貓砂盆的管家</li>\n  <li>尋找適合室內裝修的貓砂盆的管家</li>\n  <li>貓咪有站起來辦事習慣的管家</li>\n  <li>習慣如廁後從旁邊跑出去的貓貓</li>\n</ul>\n\n<p>尺寸 : 69x50x40cm</p>\n<p>重量 : 2.3kg</p>\n<p>材質 : PP</p>\n<', 2750, 2475, 100, 32, '2023-07-13', 'https://cdn-front.mao-select.com.tw//upload_files/fonlego-rwd/prodpic/D_M3PTR140101-0.jpg', 'https://cdn-front.mao-select.com.tw//upload_files/fonlego-rwd/prodpic/D_a(200).jpg', 'https://cdn-front.mao-select.com.tw//upload_files/fonlego-rwd/prodpic/D_b(165).jpg', 'https://cdn-front.mao-select.com.tw//upload_files/fonlego-rwd/prodpic/D_b(165).jpg'),
(142, '一次性貓砂盆 - 悅拋款', '毛爪', 3, 9, '<ul>\n  <li>全天然植物纖維，環保可分解</li>\n  <li>解放雙手，不用再刷洗貓砂盆</li>\n  <li>輕鬆應付各種情境使用</li>\n  <li>獨家專利分離式結構</li>\n</ul>\n', 500, 450, 100, 33, '2023-07-14', 'https://cdn-front.mao-select.com.tw//upload_files/fonlego-rwd/prodpic/D_M3MZ140101-PC透光遮罩.jpg', 'https://cdn-front.mao-select.com.tw//upload_files/fonlego-rwd/prodpic/D_b(252).jpg', 'https://cdn-front.mao-select.com.tw//upload_files/fonlego-rwd/prodpic/D_b(252).jpg', 'https://cdn-front.mao-select.com.tw//upload_files/fonlego-rwd/prodpic/D_b(252).jpg'),
(143, '一次性貓砂盆 - 週拋款 加大號', '毛爪', 3, 9, '<ul>\n  <li>全天然植物纖維，環保可分解</li>\n  <li>解放雙手，不用再刷洗貓砂盆</li>\n  <li>輕鬆應付各種情境使用</li>\n  <li>獨家專利分離式結構</li>\n</ul>', 890, 801, 100, 34, '2023-07-15', 'https://cdn-front.mao-select.com.tw//upload_files/fonlego-rwd/prodpic/D_M3MZ140201-0.jpg', 'https://cdn-front.mao-select.com.tw//upload_files/fonlego-rwd/prodpic/D_a(308).jpg', 'https://cdn-front.mao-select.com.tw//upload_files/fonlego-rwd/prodpic/D_a(308).jpg', 'https://cdn-front.mao-select.com.tw//upload_files/fonlego-rwd/prodpic/D_a(308).jpg');
INSERT INTO `products` (`product_id`, `product_name`, `vendor`, `category_id`, `subcategory_id`, `description`, `price`, `specialoffer`, `quantity`, `sales`, `created_at`, `images_one`, `images_two`, `images_three`, `images_four`) VALUES
(144, '防水紙質貓砂盆', 'Miaoho', 3, 9, '<ul>\n  <li>可折疊，攜帶方便，輕鬆應付外出旅行</li>\n  <li>特殊雙層覆膜，防水，可重複使用</li>\n  <li>厚實不塌陷，耐用度提升</li>\n</ul>\n', 190, 171, 100, 35, '2023-07-16', 'https://cdn-front.mao-select.com.tw//upload_files/fonlego-rwd/prodpic/D_C(52).jpg', 'https://cdn-front.mao-select.com.tw//upload_files/fonlego-rwd/prodpic/D_A(66).jpg', 'https://cdn-front.mao-select.com.tw//upload_files/fonlego-rwd/prodpic/D_B(65).jpg', 'https://cdn-front.mao-select.com.tw//upload_files/fonlego-rwd/prodpic/D_B(65).jpg'),
(145, '貓咪營地貓砂盆', 'FurryTail', 3, 9, '<ul>\n <li>隱藏式把手 簡約且實用</li>\n<li>超大尺寸開放式設計</li>\n<li><超大尺寸開放式設計</li>\n<li><好鏟更好洗<</li>\n<li><好鏟更好洗<</li>\n<li>尺寸：56.6x41.6x22.2cm</li>\n<li>重量：1.3kg </li>\n</ul>', 1090, 981, 100, 36, '2023-07-17', 'https://cdn-front.mao-select.com.tw//upload_files/fonlego-rwd/prodpic/D_M3FU140101-墨綠.jpg', 'https://cdn-front.mao-select.com.tw//upload_files/fonlego-rwd/prodpic/D_M3FU140101-a.jpg', 'https://cdn-front.mao-select.com.tw//upload_files/fonlego-rwd/prodpic/D_M3FU140101-b.jpg', 'https://cdn-front.mao-select.com.tw//upload_files/fonlego-rwd/prodpic/D_M3FU140101-b.jpg'),
(146, '半自動過濾式貓砂盆', 'inFluffy', 3, 9, '<ul>\n  <li>利用翻滾原理篩集糞便</li>\n  <li>適合雙貓家庭，讓鏟屎更輕鬆</li>\n  <li>收集箱能存儲1~2臨存</li>\n</ul>\n<p>尺寸 : 410x550x530mm</p>\n<p>材質 : PE、PC、鋼材</p>\n<p>適合3個月以上且體重在6kg以下的貓咪</p>\n<p>一次需添加容量8L以上的貓砂</p>\n', 3590, 3231, 100, 37, '2023-07-18', 'https://cdn-front.mao-select.com.tw//upload_files/fonlego-rwd/prodpic/D_M3IFF140201-0.jpg', 'https://cdn-front.mao-select.com.tw//upload_files/fonlego-rwd/prodpic/D_M3IFF140201-a.jpg', 'https://cdn-front.mao-select.com.tw//upload_files/fonlego-rwd/prodpic/D_M3IFF140201-b.jpg', 'https://cdn-front.mao-select.com.tw//upload_files/fonlego-rwd/prodpic/D_M3IFF140201-b.jpg'),
(147, '頂入式貓砂盆', 'POPOCOLA', 3, 9, '<ul>\n  <li>內置貓砂鏟，輕鬆更便捷</li>\n  <li>抽屜打開，就可清理</li>\n  <li>漏砂踏板，防砂帶出</li>\n  <li>防滑扣設計</li>\n</ul>\n<p>材質：ABS</p>\n<p>尺寸：550x430x400mm</p>\n<p>頂部間寬8mm</p>\n', 1150, 1035, 100, 38, '2023-07-19', 'https://cdn-front.mao-select.com.tw//upload_files/fonlego-rwd/prodpic/D_M3CO140301-規格.jpg', 'https://cdn-front.mao-select.com.tw//upload_files/fonlego-rwd/prodpic/D_M3CO140301-c.jpg', 'https://cdn-front.mao-select.com.tw//upload_files/fonlego-rwd/prodpic/D_M3CO140301-a.jpg', 'https://cdn-front.mao-select.com.tw//upload_files/fonlego-rwd/prodpic/D_M3CO140301-a.jpg'),
(148, '拋棄式貓砂盆', 'POPOCOLA', 3, 9, '<ul>\n  <li>一次性貓砂盆</li>\n  <li>環保材質 可分解</li>\n  <li>13L加大容量 舒適空間</li>\n  <li>多層壓鑄 健康抑菌</li>\n</ul>\n<p>材質：環保紙漿、瓦愣紙</p>\n<p>尺寸：470x380x110mm</p>\n<p>淨重：190g</p>\n', 650, 585, 100, 39, '2023-07-20', 'https://cdn-front.mao-select.com.tw//upload_files/fonlego-rwd/prodpic/D_M3CO140201-規格.jpg', 'https://cdn-front.mao-select.com.tw//upload_files/fonlego-rwd/prodpic/D_M3CO140201-b.jpg', 'https://cdn-front.mao-select.com.tw//upload_files/fonlego-rwd/prodpic/D_M3CO140201-c.jpg', 'https://cdn-front.mao-select.com.tw//upload_files/fonlego-rwd/prodpic/D_M3CO140201-c.jpg'),
(149, '福利品專區 - 頂入式貓砂盆', 'POPOCOLA', 3, 9, '<ul>\n  <li>內置貓砂鏟，輕鬆更便捷</li>\n  <li>抽屜打開，就可清理</li>\n  <li>漏砂踏板，防砂帶出</li>\n  <li>防滑扣設計</li>\n</ul>\n<p>材質：ABS</p>\n<p>尺寸：550x430x400mm</p>\n<p>頂部間寬8mm</p>\n', 1035, 932, 100, 40, '2023-07-21', 'https://cdn-front.mao-select.com.tw//upload_files/fonlego-rwd/prodpic/D_M3CO140301-規格.jpg', 'https://cdn-front.mao-select.com.tw//upload_files/fonlego-rwd/prodpic/D_M3CO140301-c.jpg', 'https://cdn-front.mao-select.com.tw//upload_files/fonlego-rwd/prodpic/D_M3CO140301-a.jpg', 'https://cdn-front.mao-select.com.tw//upload_files/fonlego-rwd/prodpic/D_M3CO140301-a.jpg'),
(150, '毛球星人半封閉貓砂盆', 'CHONLDER', 3, 9, '<ul>\n  <li>裸空踏板防帶砂</li>\n  <li>循環流通大空間 減少細菌</li>\n  <li>暖心尺寸 自由進出</li>\n  <li>兩片式雙層設計 清潔無死角</li>\n  <li>以環保為基礎 材質優良</li>\n</ul>\n<p>S號 : 41.7x28x17cm 適合幼貓(1歲內)使用</p>\n<p>L號 : 49.6x36.7x18.5cm 適合成貓使用</p>\n', 590, 531, 100, 41, '2023-07-22', 'https://cdn-front.mao-select.com.tw//upload_files/fonlego-rwd/prodpic/D_M3CLR140101-規格.jpg', 'https://cdn-front.mao-select.com.tw//upload_files/fonlego-rwd/prodpic/D_M3CLR140101-a.jpg', 'https://cdn-front.mao-select.com.tw//upload_files/fonlego-rwd/prodpic/D_M3CLR140101-a.jpg', 'https://cdn-front.mao-select.com.tw//upload_files/fonlego-rwd/prodpic/D_M3CLR140101-a.jpg'),
(151, '半封閉式貓砂盆', '貓樂適', 3, 9, '<ul>\n  <li>麵包貓砂盆 經典而雋永</li>\n  <li>合適的尺寸搭配剛好數量的貓</li>\n  <li>更大的裝砂容量 更好空間劃分</li>\n  <li>高度有效減少貓砂濺出</li>\n  <li>主動式落砂凸球</li>\n  <li>附贈大嘴貓砂鏟</li>\n</ul>\n\n<p>中款尺寸：51x38x25cm</p>\n<p>大款尺寸：64x47x27cm</p>\n', 690, 621, 100, 42, '2023-07-23', 'https://cdn-front.mao-select.com.tw//upload_files/fonlego-rwd/prodpic/D_M3ML140101-c.jpg', 'https://cdn-front.mao-select.com.tw//upload_files/fonlego-rwd/prodpic/D_M3ML140101-a.jpg', 'https://cdn-front.mao-select.com.tw//upload_files/fonlego-rwd/prodpic/D_M3ML140101-b.jpg', 'https://cdn-front.mao-select.com.tw//upload_files/fonlego-rwd/prodpic/D_M3ML140101-b.jpg'),
(152, '頂入式貓砂盆', 'mao&kou', 3, 9, '<ul>\n  <li>提供貓咪的私密空間</li>\n  <li>雙門設計 加大空間</li>\n  <li>漏砂踏板 防砂帶出</li>\n  <li>環保材質 方便清理</li>\n</ul>\n\n<p>尺寸：42x40x33cm</p>\n', 850, 765, 100, 43, '2023-07-24', 'https://cdn-front.mao-select.com.tw//upload_files/fonlego-rwd/prodpic/D_M3N140402規格(1).jpg', 'https://cdn-front.mao-select.com.tw//upload_files/fonlego-rwd/prodpic/D_M3N140402-a.jpg', 'https://cdn-front.mao-select.com.tw//upload_files/fonlego-rwd/prodpic/D_M3N140402-a.jpg', 'https://cdn-front.mao-select.com.tw//upload_files/fonlego-rwd/prodpic/D_M3N140402-a.jpg'),
(153, '頭等艙貓砂盆', 'Homerunpet 霍曼', 3, 9, '<ul>\n  <li>前入頂出 超長防帶砂走廊</li>\n  <li>透氣如廁感</li>\n  <li>抽屜式設計加滑輪 鏟屎清潔更便利</li>\n  <li>附贈精細長柄貓砂鏟</li>\n</ul>\n\n<p>尺寸 : 410x442x540mm</p>\n<p>重量 : 4.5kg</p>\n<p>材質 : ABS</p>\n<p>建議貓砂量 : 6L</p>\n<p>最大貓砂量 : 13L</p>\n', 2390, 2151, 100, 44, '2023-07-25', 'https://cdn-front.mao-select.com.tw//upload_files/fonlego-rwd/prodpic/D_M3HM140101(4).jpg', 'https://cdn-front.mao-select.com.tw//upload_files/fonlego-rwd/prodpic/D_f(7).jpg', 'https://cdn-front.mao-select.com.tw//upload_files/fonlego-rwd/prodpic/D_b(38).jpg', 'https://cdn-front.mao-select.com.tw//upload_files/fonlego-rwd/prodpic/D_b(38).jpg'),
(154, '水果貓砂盆', 'VETRESKA', 3, 9, '<ul>\n  <li>門板可拆卸</li>\n  <li>前置落砂踏板 消除落砂煩腦</li>\n  <li>鏟盒搭配貓砂鏟 一整組超可愛</li>\n  <li>大容量空間 可容納15斤以內貓咪自由出入</li>\n  <li>抽屜式設計 方便填充及清理</li>\n</ul>\n\n<p>尺寸：貓砂盆 54x43cm、貓砂鏟&鏟盒 20x28cm</p>\n<p>重量：4.5kg</p>\n<p>材質：ABS</p>\n<p>門板安裝 : 握住門板底部，對準門板與貓砂盆一側接口，插入輕扣即可</p>\n<p>門板拆卸 : 扶住貓砂盆頂部，將門板推入盆裡側，向上輕抬取出</p>\n<p>西瓜貓砂盆內含固定用束帶&黏膠 防止長時間使用造成鬆動 不影響整體美觀</p>\n', 2590, 2331, 100, 45, '2023-07-26', 'https://cdn-front.mao-select.com.tw//upload_files/fonlego-rwd/prodpic/D_M03VK52302-葡萄柚(1).jpg', 'https://cdn-front.mao-select.com.tw//upload_files/fonlego-rwd/prodpic/D_M03VK52302-西瓜.jpg', 'https://cdn-front.mao-select.com.tw//upload_files/fonlego-rwd/prodpic/D_M03VK52302-葡萄柚.jpg', 'https://cdn-front.mao-select.com.tw//upload_files/fonlego-rwd/prodpic/D_M03VK52302-葡萄柚.jpg'),
(155, '小宅貓砂盆', 'FurryTail', 3, 9, '<ul>\n  <li>大貓小貓都能自由進出</li>\n  <li>貓砂可裝7公斤</li>\n  <li>轉角漏砂回廊 減少夾帶貓砂</li>\n  <li>半開放式設計 不悶臭</li>\n  <li>半透明灰色門擋 隱私中帶點光</li>\n  <li>回廊下方抽屜貓砂可重複使用</li>\n  <li>搭配抽屜 收納控最愛</li>\n  <li>ABS材質 輕擦即可光潔如新</li>\n  <li>別墅造型貓廁所</li>\n</ul>\n\n<p>重量 : 6kg</p>\n<p>材質 : ABS</p>\n', 2390, 2151, 100, 47, '2023-07-28', 'https://cdn-front.mao-select.com.tw//upload_files/fonlego-rwd/prodpic/D_M03FU521001-0.jpg', 'https://cdn-front.mao-select.com.tw//upload_files/fonlego-rwd/prodpic/D_dd(5).jpg', 'https://cdn-front.mao-select.com.tw//upload_files/fonlego-rwd/prodpic/D_ee(6).jpg', 'https://cdn-front.mao-select.com.tw//upload_files/fonlego-rwd/prodpic/D_ee(6).jpg'),
(156, '麻糬貓砂盆', 'makesure', 3, 9, '<ul>\n  <li>顏值出眾</li>\n  <li>半封閉空間設計 緩釋異味</li>\n  <li>一體化設計 縮短鏟屎動線</li>\n  <li>曲面濾砂走道防止濺砂</li>\n  <li>大空間 胖貓也能進</li>\n  <li>可抽拉砂盆 換砂也輕鬆</li>\n</ul>\n\n<p>體重6.5公斤以下貓咪使用</p>\n<p>長短毛貓體型有差異，購買前請注意產品尺寸</p>\n<p>適用結團型貓砂，如豆腐砂、礦砂以及水晶貓砂</p>\n<p>首次使用時，可混入已用過的貓砂，讓貓咪更快適應</p>\n', 2390, 2151, 100, 48, '2023-07-29', 'https://cdn-front.mao-select.com.tw//upload_files/fonlego-rwd/prodpic/D_a2.jpg', 'https://cdn-front.mao-select.com.tw//upload_files/fonlego-rwd/prodpic/D_M03MS52401a.jpg', 'https://cdn-front.mao-select.com.tw//upload_files/fonlego-rwd/prodpic/D_M03MS52401b.jpg', 'https://cdn-front.mao-select.com.tw//upload_files/fonlego-rwd/prodpic/D_M03MS52401b.jpg'),
(157, '大橘大利貓砂盆', 'VETRESKA', 3, 9, '<p>香甜可口的貓廁所</p>\n\n<ul>\n  <li>安全環保材質</li>\n  <li>實用主義 敞開式大戶型</li>\n  <li>循環通風 不易生菌</li>\n  <li>防止異味 易於清理</li>\n  <li>加深盆體 減少飛濺</li>\n  <li>掛壁式貓砂鏟 節省更多空間</li>\n</ul>\n\n<p>尺寸：貓砂盆 : 50x50x16cm</p>\n<p>重量：1.2kg</p>\n<p>材質：HIPS</p>', 890, 801, 100, 49, '2023-07-30', 'https://cdn-front.mao-select.com.tw//upload_files/fonlego-rwd/prodpic/D_momo-2(8).jpg', 'https://cdn-front.mao-select.com.tw//upload_files/fonlego-rwd/prodpic/D_A(28).jpg', 'https://cdn-front.mao-select.com.tw//upload_files/fonlego-rwd/prodpic/D_D(11).jpg', 'https://cdn-front.mao-select.com.tw//upload_files/fonlego-rwd/prodpic/D_D(11).jpg'),
(158, '巨型開放式貓砂盆', 'mao&kou', 3, 9, '<ul>\n  <li>超寬大空間15kg肥貓也能旋轉又跳耀</li>\n  <li>盆體加高至33cm 防止貓砂飛濺</li>\n  <li>15cm側開門 幼貓也能輕鬆進出</li>\n  <li>升級加厚款 相較市面同款更硬挺</li>\n  <li>一體成型無需安裝</li>\n</ul>\n\n<p>尺寸 : 795 x 485 x 335mm</p>\n<p>重量 : 2.84kg</p>\n<p>材質 : PP</p>\n', 1350, 1215, 100, 50, '2023-07-31', 'https://cdn-front.mao-select.com.tw//upload_files/fonlego-rwd/prodpic/D_2(12).jpg', 'https://cdn-front.mao-select.com.tw//upload_files/fonlego-rwd/prodpic/D_a(274).jpg', 'https://cdn-front.mao-select.com.tw//upload_files/fonlego-rwd/prodpic/D_b(234).jpg', 'https://cdn-front.mao-select.com.tw//upload_files/fonlego-rwd/prodpic/D_b(234).jpg'),
(159, '北美荊芥系列 - 地板清潔劑', 'APOMAN', 3, 10, '<ul>\n  <li>拖地就能驅趕蟑螂！還能讓貓咪放鬆舒壓～</li>\n  <li>稀釋後可擦拭各式家具、貓咪用品、玩具</li>\n  <li>中性配方，溫和不傷手，使用後不須再用清水擦拭</li>\n  <li>使用植萃精油驅蟑成分，無添加有毒的化學殺蟲劑</li>\n</ul>\n\n<p>成分 : 水，植物來源潔淨成分 (癸基葡萄糖苷、月桂基葡萄糖苷)，蘋果酸，碳酸鈉，碳酸氫鈉，氫化蓖麻油，蛋白質分解酵素，保存系統 (山梨酸鉀、安息香酸鈉)，植物來源消臭成分 (酵母菌發酵物)，植物萃取與天然精油 (荊芥內酯、北美荊芥精油)</p>\n\n<p>產地：台灣</p>\n', 799, 719, 100, 51, '2023-08-01', 'https://cdn-front.mao-select.com.tw//upload_files/fonlego-rwd/prodpic/D_L4APO220101-0.jpg', 'https://cdn-front.mao-select.com.tw//upload_files/fonlego-rwd/prodpic/D_a(334).jpg', 'https://cdn-front.mao-select.com.tw//upload_files/fonlego-rwd/prodpic/D_a(334).jpg', 'https://cdn-front.mao-select.com.tw//upload_files/fonlego-rwd/prodpic/D_a(334).jpg'),
(160, '有機萬用環境清潔露', '檜沐先生', 3, 10, '<ul>\n  <li>讓家裡的每個角落充滿來自太陽的味道</li>\n  <li>天然檜木活萃液有效清除各種髒污、異味、抗菌驅蟲</li>\n  <li>輕鬆快速清潔、無化學殘留</li>\n  <li>產無添加任何香精，沒有多餘人工香味</li>\n  <li>成份純粹不刺激，最適合有嬰幼兒或毛孩的環境</li>\n  <li>溫和不傷皮膚，毛孩舔食無礙</li>\n  <li>高濃縮設計、用量少、更環保效果好</li>\n</ul>\n\n<p>成份 : 天然日本檜木活萃液、純水、環保型溶劑（符合美國環保署LVP VOC標準）、植物性介面活性劑（ECOCERT認證）、抗菌配方</p>\n\n<p>保存期限 : 3年</p>\n', 756, 680, 100, 52, '2023-08-02', 'https://cdn-front.mao-select.com.tw//upload_files/fonlego-rwd/prodpic/D_A1HKS210101-0.jpg', 'https://cdn-front.mao-select.com.tw//upload_files/fonlego-rwd/prodpic/D_A1HKS210101-10.jpg', 'https://cdn-front.mao-select.com.tw//upload_files/fonlego-rwd/prodpic/D_A1HKS210101-10.jpg', 'https://cdn-front.mao-select.com.tw//upload_files/fonlego-rwd/prodpic/D_A1HKS210101-10.jpg'),
(161, '寵物局部護理清潔濕巾', 'PETHROOM', 3, 10, '<ul>\n  <li>只需一張濕巾 快速簡便梳理各部位</li>\n  <li>3種專利成分 溫和溶解痘痘&皮脂低刺激護理</li>\n  <li>更簡便更衛生的一鍵式開蓋設計</li>\n</ul>', 550, 495, 100, 53, '2023-08-03', 'https://cdn-front.mao-select.com.tw//upload_files/fonlego-rwd/prodpic/D_M3PTR200101.jpg', 'https://cdn-front.mao-select.com.tw//upload_files/fonlego-rwd/prodpic/D_M3PTR200101-a.jpg', 'https://cdn-front.mao-select.com.tw//upload_files/fonlego-rwd/prodpic/D_M3PTR200101.jpg', 'https://cdn-front.mao-select.com.tw//upload_files/fonlego-rwd/prodpic/D_M3PTR200101-a.jpg'),
(162, '寵物護理用品 - 肉墊清潔泡沫', 'KOJIMA', 3, 10, '<ul>\n  <li>犬貓適用</li>\n  <li>植物配方 溫和不刺激</li>\n  <li>清潔保濕 一擦即淨 不需沖水</li>\n  <li>刷頭可拆卸清洗</li>\n  <li>方便攜帶</li>\n  <li>無毒配方 安心不怕舔</li>\n</ul>', 190, 171, 100, 54, '2023-08-04', 'https://cdn-front.mao-select.com.tw//upload_files/fonlego-rwd/prodpic/D_A1KJ200402-0.jpg', 'https://cdn-front.mao-select.com.tw//upload_files/fonlego-rwd/prodpic/D_A1KJ200402-a.jpg', 'https://cdn-front.mao-select.com.tw//upload_files/fonlego-rwd/prodpic/D_A1KJ200402-0.jpg', 'https://cdn-front.mao-select.com.tw//upload_files/fonlego-rwd/prodpic/D_A1KJ200402-a.jpg'),
(163, '球狀雙頭耳部清潔棉棒', 'KOJIMA', 3, 10, '<ul>\n  <li>訂製棉頭 可防止棉籤過於深入耳道</li>\n  <li>彈性高吸水好 能快速吸掉油脂污垢</li>\n  <li>韌性塑棒 軟硬適中</li>\n</ul>', 99, 89, 100, 55, '2023-08-05', 'https://cdn-front.mao-select.com.tw//upload_files/fonlego-rwd/prodpic/D_A1KJ200408-規格.jpg', 'https://cdn-front.mao-select.com.tw//upload_files/fonlego-rwd/prodpic/D_A1KJ200408-a.jpg', 'https://cdn-front.mao-select.com.tw//upload_files/fonlego-rwd/prodpic/D_A1KJ200408-規格.jpg', 'https://cdn-front.mao-select.com.tw//upload_files/fonlego-rwd/prodpic/D_A1KJ200408-a.jpg'),
(164, '磨牙咬咬玩具清潔組', 'kashima', 3, 10, '<ul>\n  <li>咬在嘴裡 體驗狩獵怏感</li>\n  <li>嗅聞尋找 鍛鍊嗅覺體驗</li>\n  <li>藏食噴霧 益智趣味</li>\n</ul>\n<p>材質：牛津布、再生棉、響紙、捏捏叫</p>\n<p>和寵物進行遊戲和互動時，合理安排時間，防止毛孩過累</p>\n<p>為了防止寵物受傷，玩具損壞後請即時更換處理</p>\n<p>定期為玩具進行清洗和消毒</p>\n<p>請在家長監護下使用</p>\n', 490, 441, 100, 56, '2023-08-06', 'https://cdn-front.mao-select.com.tw//upload_files/fonlego-rwd/prodpic/D_A1KS170115-規格.jpg', 'https://cdn-front.mao-select.com.tw//upload_files/fonlego-rwd/prodpic/D_A1KS170115-A.jpg', 'https://cdn-front.mao-select.com.tw//upload_files/fonlego-rwd/prodpic/D_A1KS170115-b.jpg', 'https://cdn-front.mao-select.com.tw//upload_files/fonlego-rwd/prodpic/D_A1KS170115-b.jpg'),
(165, '寵物淚痕清潔液', 'Eye Envy', 3, 10, '<ul>\n  <li>保證美國正品</li>\n  <li>草藥混合配製而成，不含漂白劑、過氧化氫、類固醇或其他有害物質，安全、無刺激性</li>\n  <li>定期使用能預防寵物毛髮變色</li>\n</ul>\n<p>使用方法說明:</p>\n<ol>\n  <li>STEP 1 先以溫水將寵物眼部周邊的污漬輕輕擦淨</li>\n  <li>STEP 2 將沾有EyeEnvy®淚痕去除清潔液的專用嫘縈棉片，擦拭犬/貓眼周有淚痕處以清潔患處。 搭配使用“超薄專用嫘縈棉片”來幫助清潔該區域。塗抹墊具有華夫格狀紋理，沒有鬆散的棉絮刺激眼睛，較不會吸收液體。可輕輕剝落該區域，使液體更深的滲透。</li>\n  <li>STEP 3 自然乾燥即可，待污漬完全消除後，可保持一週使用一次定期保養，防止污漬再次出現。</li>\n</ol>\n<p>產品皆為外用品，請勿直接滲入寵物眼睛</p>\n<p>首次為寵物去污時，以 Eye Envy 去淚痕液連同 Eye Envy 去淚痕粉「雙 E」雙管齊下的方式，可得最佳的清潔效果</p>\n', 529, 476, 100, 57, '2023-08-07', 'https://cdn-front.mao-select.com.tw//upload_files/fonlego-rwd/prodpic/D_A1EE200102-規格.jpg', 'https://cdn-front.mao-select.com.tw//upload_files/fonlego-rwd/prodpic/D_A1EE200101-a.jpg', 'https://cdn-front.mao-select.com.tw//upload_files/fonlego-rwd/prodpic/D_4(6).jpg', 'https://cdn-front.mao-select.com.tw//upload_files/fonlego-rwd/prodpic/D_4(6).jpg'),
(166, '寵物淚痕清潔粉', 'Eye Envy', 3, 10, '<ul>\n  <li>保證美國正品</li>\n  <li>草藥混合配製而成，不含漂白劑、過氧化氫、類固醇或其他有害物質，安全、無刺激性</li>\n  <li>定期使用能預防犬貓毛髮變色</li>\n</ul>\n<p>使用方法說明:</p>\n<ol>\n  <li>取一片擦拭巾，於污漬處輕輕擦拭，自然風乾即可</li>\n</ol>\n<p>產品皆為外用品，請勿直接滲入寵物眼睛</p>\n<p>首次為寵物去污時，以 Eye Envy 去淚痕液連同 Eye Envy 去淚痕粉「雙 E」雙管齊下的方式，可得最佳的清潔效果</p>\n', 299, 269, 100, 58, '2023-08-08', 'https://cdn-front.mao-select.com.tw//upload_files/fonlego-rwd/prodpic/D_A1EE200301-規格(1).jpg', 'https://cdn-front.mao-select.com.tw//upload_files/fonlego-rwd/prodpic/D_A1EE200301-規格.jpg', 'https://cdn-front.mao-select.com.tw//upload_files/fonlego-rwd/prodpic/D_A1EE200301-規格(1).jpg', 'https://cdn-front.mao-select.com.tw//upload_files/fonlego-rwd/prodpic/D_A1EE200301-規格.jpg'),
(167, '寵物淚痕清潔濕巾', 'Eye Envy', 3, 10, '<ul>\n  <li>保證美國正品</li>\n  <li>草藥混合配製而成，不含漂白劑、過氧化氫、類固醇或其他有害物質，安全、無刺激性</li>\n  <li>定期使用能預防犬貓毛髮變色</li>\n</ul>\n<p>使用方法說明:</p>\n<ol>\n  <li>取一片擦拭巾，於污漬處輕輕擦拭，自然風乾即可</li>\n</ol>\n<p>產品皆為外用品，請勿直接滲入寵物眼睛</p>\n<p>首次為寵物去污時，以 Eye Envy 去淚痕液連同 Eye Envy 去淚痕粉「雙 E」雙管齊下的方式，可得最佳的清潔效果</p>\n', 729, 656, 100, 59, '2023-08-09', 'https://cdn-front.mao-select.com.tw//upload_files/fonlego-rwd/prodpic/D_A1EE200202-規格.jpg', 'https://cdn-front.mao-select.com.tw//upload_files/fonlego-rwd/prodpic/D_A1EE200202-a.jpg', 'https://cdn-front.mao-select.com.tw//upload_files/fonlego-rwd/prodpic/D_A1EE200201-b.jpg', 'https://cdn-front.mao-select.com.tw//upload_files/fonlego-rwd/prodpic/D_A1EE200201-b.jpg'),
(168, '寵物飲水機三代 - 清潔組套裝', 'Homerunpet 霍曼', 3, 10, '<ul>\n  <li>輕鬆清潔，愛上乾淨飲水機</li>\n  <li>輕鬆去除死角頑固污漬</li>\n  <li>柔軟刷頭不留劃痕</li>\n  <li>器具完整 定期深度清潔</li>\n  <li>有效延長飲水機使用壽命</li>\n</ul>\n<p>材質 : PP、尼龍</p>\n<p>包裝內含 : 清潔刷x1、鑷子x1</p>\n', 180, 162, 100, 60, '2023-08-10', 'https://cdn-front.mao-select.com.tw//upload_files/fonlego-rwd/prodpic/D_M3HM1703-1.jpg', 'https://cdn-front.mao-select.com.tw//upload_files/fonlego-rwd/prodpic/D_f(8).jpg', 'https://cdn-front.mao-select.com.tw//upload_files/fonlego-rwd/prodpic/D_e(18).jpg', 'https://cdn-front.mao-select.com.tw//upload_files/fonlego-rwd/prodpic/D_e(18).jpg'),
(169, '貓咪活菌寶(益生菌)', '木入森', 4, 11, '<ul>\n  <li>豐富 40 億有益菌，符合貓咪需求</li>\n  <li>加強腸道免疫力</li>\n  <li>改善消化吸收</li>\n  <li>減少排便異味</li>\n</ul>\n<p>成份 : 果寡糖、可溶性膳食纖維(玉米來源)、LB2益生菌(嗜酸乳桿菌、雷特氏B菌、嗜熱鏈球 菌、孢子型乳酸菌)、專利低聚半乳寡糖、n-zimes®綜合消化酵素(麥芽糊精、澱粉分解酵素、植酸酵素、葡萄糖澱粉酵素、中性蛋白質分解酵素、鳳梨酵素、蛋白質分解酵素4.5、 轉化酵素、蛋白質分解酵素、半纖維素分解酵素、果膠酵素、α-半乳糖苷酶、蛋白質分 解酵素AM、脂肪分解酵素、胜肽分解酵素、乳糖分解酵素、蛋白質分解酵素6.0、澱粉 酵素、纖維素分解酵素AN)</p>\n<p>內容量 : 2公克 / 包；30包 / 盒</p>\n<p>食用方式 : 可混合飼料食用或溶於水中飲用</p>\n<p>保存期限 : 三年</p>\n<p>有效期限 : 標示於外盒(西元年/月/日)</p>\n<p>原產地 : 台灣</p>\n<p>建議量 : </p>\n<ul>\n  <li>小於 5kg：1包 / 日</li>\n  <li>', 550, 495, 100, 10, '2023-07-01', 'https://cdn-front.mao-select.com.tw//upload_files/fonlego-rwd/prodpic/D_M3MRS070201-0.jpg', 'https://cdn-front.mao-select.com.tw//upload_files/fonlego-rwd/prodpic/D_M3MRS070201-a.jpg', 'https://cdn-front.mao-select.com.tw//upload_files/fonlego-rwd/prodpic/D_M3MRS070201-b.jpg', 'https://cdn-front.mao-select.com.tw//upload_files/fonlego-rwd/prodpic/D_M3MRS070201-b.jpg'),
(170, '貓用益生素+益生菌水溶粉', 'tomlyn', 4, 11, '<ul>\n  <li>針對貓咪的獸醫特殊專業配方</li>\n  <li>適應新食物、情緒緊張或消化不良時，幫助維持腸道機能正常運作</li>\n  <li>維持腸道菌叢平衡及健康</li>\n  <li>定量且個別氣密包裝避免潮解</li>\n  <li>無色無味水溶粉容易適應及餵食</li>\n</ul>\n', 1520, 1368, 100, 11, '2023-07-02', 'https://cdn-front.mao-select.com.tw//upload_files/fonlego-rwd/prodpic/D_tomlyn%20%E5%A8%81%E9%9A%86%E7%8D%B8%E9%86%AB%E9%85%8D%E6%96%B9%E7%B3%BB%E5%88%97-0.jpg', 'https://cdn-front.mao-select.com.tw//upload_files/fonlego-rwd/prodpic/D_tomlyn%20%E5%A8%81%E9%9A%86%E7%8D%B8%E9%86%AB%E9%85%8D%E6%96%B9%E7%B3%BB%E5%88%97-0.jpg', 'https://cdn-front.mao-select.com.tw//upload_files/fonlego-rwd/prodpic/D_tomlyn%20%E5%A8%81%E9%9A%86%E7%8D%B8%E9%86%AB%E9%85%8D%E6%96%B9%E7%B3%BB%E5%88%97-0.jpg', 'https://cdn-front.mao-select.com.tw//upload_files/fonlego-rwd/prodpic/D_tomlyn%20%E5%A8%81%E9%9A%86%E7%8D%B8%E9%86%AB%E9%85%8D%E6%96%B9%E7%B3%BB%E5%88%97-0.jpg'),
(171, '寵物皮膚益生菌', '汪喵星球', 4, 11, '<ul>\n  <li>７種專利益生菌 X ５種護膚營養</li>\n  <li>嚴選耐酸鹼、高定殖率及專利包埋益生菌種</li>\n  <li>LP28 益生菌 + 美國 Danisco® 鼠李糖桿菌</li>\n</ul>\n', 650, 585, 100, 12, '2023-07-03', 'https://cdn-front.mao-select.com.tw//upload_files/fonlego-rwd/prodpic/D_A1DGS070105-規格.jpg', 'https://cdn-front.mao-select.com.tw//upload_files/fonlego-rwd/prodpic/D_A1DGS070105-a.jpg', 'https://cdn-front.mao-select.com.tw//upload_files/fonlego-rwd/prodpic/D_A1DGS070105-b.jpg', 'https://cdn-front.mao-select.com.tw//upload_files/fonlego-rwd/prodpic/D_A1DGS070105-b.jpg'),
(172, '寵物腸胃益生菌', '汪喵星球', 4, 11, '<ul>\n  <li>犬貓皆適用，幫助腸胃健康、提高抵抗力</li>\n  <li>嚴選耐酸鹼、高定殖率及專利包埋益生菌種</li>\n  <li>市售最高 70億活菌，足量補充才有效！</li>\n</ul>\n', 650, 585, 100, 13, '2023-07-04', 'https://cdn-front.mao-select.com.tw//upload_files/fonlego-rwd/prodpic/D_A1DGS070101-原味(3).jpg', 'https://cdn-front.mao-select.com.tw//upload_files/fonlego-rwd/prodpic/D_A1DGS070101-a(1).jpg', 'https://cdn-front.mao-select.com.tw//upload_files/fonlego-rwd/prodpic/D_A1DGS070101-b.jpg', 'https://cdn-front.mao-select.com.tw//upload_files/fonlego-rwd/prodpic/D_A1DGS070101-b.jpg'),
(173, '機能保健腸胃保健益生菌', '陪心寵糧', 4, 11, '<ul>\n  <li>市售最高！108億活性益生菌</li>\n  <li>10種高效菌種+26種天然蔬果酵素『1+1>2!』</li>\n  <li>專利天然包埋結構，耐膽鹽、胃酸</li>\n  <li>MIT台灣研發專利益生菌</li>\n  <li>維持腸道健康，幫助好菌生長、幫助消化、便便好漂亮！</li>\n</ul>\n', 599, 539, 100, 14, '2023-07-05', 'https://cdn-front.mao-select.com.tw//upload_files/fonlego-rwd/prodpic/D_A1NP070206-規格(1).jpg', 'https://cdn-front.mao-select.com.tw//upload_files/fonlego-rwd/prodpic/D_A1NP070206-a(1).jpg', 'https://cdn-front.mao-select.com.tw//upload_files/fonlego-rwd/prodpic/D_A1NP070206-規格(1).jpg', 'https://cdn-front.mao-select.com.tw//upload_files/fonlego-rwd/prodpic/D_A1NP070206-a(1).jpg'),
(174, '皮膚專科益生菌', '毛孩時代', 4, 11, '<ul>\n  <li>五國國際專利+全菌種具菌株編號</li>\n  <li>世界唯一蛋白質專利 雙層包埋技術</li>\n  <li>高純度Omega3添加+專利玄米賽洛美</li>\n</ul>\n', 650, 585, 100, 15, '2023-07-06', 'https://cdn-front.mao-select.com.tw//upload_files/fonlego-rwd/prodpic/D_A1PTI0704-規格(1).jpg', 'https://cdn-front.mao-select.com.tw//upload_files/fonlego-rwd/prodpic/D_A1PTI0704-a(1).jpg', 'https://cdn-front.mao-select.com.tw//upload_files/fonlego-rwd/prodpic/D_A1PTI0704-b.jpg', 'https://cdn-front.mao-select.com.tw//upload_files/fonlego-rwd/prodpic/D_A1PTI0704-b.jpg'),
(175, '腸胃專科益生菌', '毛孩時代', 4, 11, '<ul>\n  <li>菌數30億 犬貓專用多元化5隻益菌</li>\n  <li>菌數含超過20億</li>\n  <li>美國n.zimes酵素+比利時果寡糖</li>\n</ul>\n', 620, 558, 100, 16, '2023-07-07', 'https://cdn-front.mao-select.com.tw//upload_files/fonlego-rwd/prodpic/D_A1PTI0705-規格.jpg', 'https://cdn-front.mao-select.com.tw//upload_files/fonlego-rwd/prodpic/D_A1PTI0705-a(1).jpg', 'https://cdn-front.mao-select.com.tw//upload_files/fonlego-rwd/prodpic/D_A1PTI0705-規格.jpg', 'https://cdn-front.mao-select.com.tw//upload_files/fonlego-rwd/prodpic/D_A1PTI0705-a(1).jpg'),
(176, '益生菌腸胃保健膏', '竣寶', 4, 11, '<p>● 腸道保健</p>\n<p>● 保持腸道菌群健康</p>\n<p>● 減少消化道中刺激</p>\n<p>● 確保腸胃道有完整的粘膜</p>\n<p>● 促進消化健康</p>\n<p>● 提供胃腸道天然保護</p>\n\n<p>使用說明：</p>\n<p>每日建議餵食量: 6周以上開始餵食固體食物的幼貓，每日建議餵食 6公分 (1公分約=0.5克)。可直接餵食也可添加於食物或飼料當中</p>\n\n<p>成份：</p>\n<p>植物衍生物(洋車前子、榆樹皮)、油脂、脂肪、酵母、草粉、乳糖衍生物</p>\n\n<p>保證分析：</p>\n<ul>\n  <li>蛋白質 5.5%</li>\n  <li>脂肪 34%</li>\n  <li>粗纖維 2.0%</li>\n  <li>粗灰分 5.5%</li>\n  <li>水分 12%</li>\n  <li>粗灰分 7.0%</li>\n</ul>', 265, 239, 100, 17, '2023-07-08', 'https://cdn-front.mao-select.com.tw//upload_files/fonlego-rwd/prodpic/D_M09GP5110-a.jpg', 'https://cdn-front.mao-select.com.tw//upload_files/fonlego-rwd/prodpic/D_M09GP5110-a.jpg', 'https://cdn-front.mao-select.com.tw//upload_files/fonlego-rwd/prodpic/D_M09GP5110-a.jpg', 'https://cdn-front.mao-select.com.tw//upload_files/fonlego-rwd/prodpic/D_M09GP5110-a.jpg'),
(177, '寵立善保健品 - 完整型益生菌', '自然食', 4, 11, '<p>毛孩經常便便不成形？食慾不振？便便臭臭？ㄣㄣ出不來？還是抓抓抓？</p>\n<p>寵立善犬貓專用益生菌一次做到增加好菌、營養補充、幫助消化，益生菌+益生質+酵素3合1複方，腸道保健面面俱到！</p>\n<p>✔寵物專用益生菌推薦，堅持只用國際大廠原料！ Ganeden BC30專利芽孢乳酸菌+LJ88約氏乳桿菌+日本專利LTK竹內乳酸菌，共三大專利菌及16支複合乳酸菌。</p>\n<p>✔保證每包60億好菌，實驗證明可耐胃酸、膽鹼、直達腸道！</p>\n<p>✔含益生質提供好菌營養、美國NEC綜合酵素幫助消化，全方位維持狗狗及貓咪腸道健康！</p>\n<p>✔增加好菌、營養補充、幫助消化三管齊下，益生菌+益生質+酵素3合1複方，腸道保健面面俱到！</p>\n<p>✔不使用屎腸球菌及糞腸球菌濫竽充數</p>\n\n<p>適用時機：</p>\n<p>✔幫助狗狗貓咪促進食慾</p>\n<p>✔維持消化道機能（敏兒及高齡）</p>\n<p>✔增進腸道菌叢品質</p>\n<p>✔降低便臭</p>\n<p>✔離乳或轉食時期</p>\n<p>✔服藥期間的腸道保健</p>\n\n<p>本產品內含30入小包裝，每包1.5g</p', 630, 567, 100, 18, '2023-07-09', 'https://cdn-front.mao-select.com.tw//upload_files/fonlego-rwd/prodpic/D_M09NT135202-規格(1).jpg', 'https://cdn-front.mao-select.com.tw//upload_files/fonlego-rwd/prodpic/D_M09NT135202-a.jpg', 'https://cdn-front.mao-select.com.tw//upload_files/fonlego-rwd/prodpic/D_M09NT135202-規格(1).jpg', 'https://cdn-front.mao-select.com.tw//upload_files/fonlego-rwd/prodpic/D_M09NT135202-a.jpg'),
(178, '寵物益生菌', '朝貢', 4, 11, '<ul>\n    <li>含益生菌和益生元的朝貢益生菌擁有300億的乳酸菌</li>\n    <li>保證50億的好菌，富含10種乳酸菌</li>\n    <li>嚴格品質管理和海藻類衍生高分子塗層，對胃酸、耐酸鹼並保護乳酸菌抵達腸胃道</li>\n</ul>\n\n<p>適用對象：6個月以上的犬貓</p>\n<p>建議食用量：未滿25公斤一天1包、25公斤以上一天1~2包</p>\n<p>含量：嗜酸乳桿菌2.5X10^9cfu/g以上，低聚果糖含量76％以上</p>\n<p>成分：有益細菌（無水結晶葡萄糖，嗜酸乳桿菌，乳酸乳球菌，植物乳桿菌，羅伊氏乳桿菌，鼠李糖乳桿菌，動物雙歧桿菌，乳雙歧桿菌，副乾酪乳桿菌，長雙歧桿菌，嗜熱鏈球菌）、異麥芽酮糖、低聚果糖、低聚半乳糖、混合製劑（麥芽糖糊精，澱粉酶，脂肪酶，蛋白酶，纖維素酶，乳糖酶，純水）、凝結芽孢桿菌</p>\n\n<p>乳酸菌由於產品的性質，每包內容物的顏色可能有所不同</p>\n<p>食用時請避免使用熱水</p>\n<p>服用益生菌時有可能會出現暫時性的腹瀉或者便秘，此為自然的腸內菌種交替現象</p>\n<p>這是因為體內有大量有害菌時，投入大量益菌會', 1150, 1035, 100, 19, '2023-07-10', 'https://cdn-front.mao-select.com.tw//upload_files/fonlego-rwd/prodpic/D_A1CG070101-規格.jpg', 'https://cdn-front.mao-select.com.tw//upload_files/fonlego-rwd/prodpic/D_A1CG070101-b.jpg', 'https://cdn-front.mao-select.com.tw//upload_files/fonlego-rwd/prodpic/D_A1CG070101-a.jpg', 'https://cdn-front.mao-select.com.tw//upload_files/fonlego-rwd/prodpic/D_A1CG070101-a.jpg'),
(179, '化毛專科益生菌', '毛孩時代', 4, 11, '<ul>\n    <li>超過85%膳食纖維超高純量</li>\n    <li>11項功效專利</li>\n    <li>保健食品成分有效率達95%</li>\n    <li>專業獸醫師、營養師合作開發</li>\n    <li>歐日大廠指定專利配方</li>\n</ul>\n', 490, 441, 100, 20, '2023-07-11', 'https://cdn-front.mao-select.com.tw//upload_files/fonlego-rwd/prodpic/D_A1PTI0710(2).jpg', 'https://cdn-front.mao-select.com.tw//upload_files/fonlego-rwd/prodpic/D_A1PTI0710-a(2).jpg', 'https://cdn-front.mao-select.com.tw//upload_files/fonlego-rwd/prodpic/D_A1PTI0710-b(2).jpg', 'https://cdn-front.mao-select.com.tw//upload_files/fonlego-rwd/prodpic/D_A1PTI0710-b(2).jpg'),
(180, '貓咪有關膝(關節)', '木入森', 4, 12, '<ul>\n    <li>改善關節靈活</li>\n    <li>增加關節潤滑液</li>\n    <li>提供肌肉發展</li>\n    <li>幫助軟骨增生</li>\n</ul>\n<p>成份 : 胜肽膠原蛋白、鰹魚海鮮風味粉、白胺酸、麩醯胺酸、纈胺酸、薑黃萃取粉、酵母抽出物、雞冠萃取物(含玻尿酸)、鮭魚鼻軟骨萃取物(含蛋白聚醣)、胡椒萃取物(含胡椒鹼)</p>\n<p>內容量 : 630毫克 / 粒；60粒 / 盒</p>\n<p>食用方式 : 推薦拆開膠囊，直接給貓咪食用粉末或拌入食物中食用</p>\n<p>保存期限 : 三年</p>\n<p>有效期限 : 標示於外盒(西元年/月/日)</p>\n<p>原產地 : 台灣</p>\n<p>建議量 :</p>\n<ul>\n    <li>小於 5kg (保養)：1粒 / 日</li>\n    <li>小於 5kg (加強)：2粒 / 日</li>\n    <li>大於 5kg (保養)：2粒 / 日</li>\n    <li>大於 5kg (加強)：3粒 / 日</li>\n</ul>\n<p>請存放於乾燥陰涼處；避免高溫、陽光直射</p>\n<p>若有', 920, 828, 100, 21, '2023-07-12', 'https://cdn-front.mao-select.com.tw//upload_files/fonlego-rwd/prodpic/D_M3MRS070801-0.jpg', 'https://cdn-front.mao-select.com.tw//upload_files/fonlego-rwd/prodpic/D_a(279).jpg', 'https://cdn-front.mao-select.com.tw//upload_files/fonlego-rwd/prodpic/D_M3MRS070801-a.jpg', 'https://cdn-front.mao-select.com.tw//upload_files/fonlego-rwd/prodpic/D_M3MRS070801-a.jpg'),
(181, '關節營養保健-優骼服', 'Lintbells', 4, 12, '<ul>\n    <li>針對貓咪的關節健康支持</li>\n    <li>舒緩僵硬關節</li>\n    <li>支持關節結構</li>\n    <li>提升活動力</li>\n</ul>\n<p>優骼服(貓)為貓咪專屬的關節保健營養品，具有高強度成分用以提升活動力，並支持關節功能。</p>\n', 1380, 1242, 100, 22, '2023-07-13', 'https://cdn-front.mao-select.com.tw//upload_files/fonlego-rwd/prodpic/D_M3LIB070101-a.jpg', 'https://cdn-front.mao-select.com.tw//upload_files/fonlego-rwd/prodpic/D_M3LIB070101-a.jpg', 'https://cdn-front.mao-select.com.tw//upload_files/fonlego-rwd/prodpic/D_M3LIB070101-a.jpg', 'https://cdn-front.mao-select.com.tw//upload_files/fonlego-rwd/prodpic/D_M3LIB070101-a.jpg'),
(182, 'Plus+功能型機能粉 關節保健', '陪心寵糧', 4, 12, '<ul>\n    <li>適合曾有關節受損，邁入老年期與過胖的貓貓</li>\n    <li>MSMｘ葡萄糖胺ｘ綠貽貝ｘ非變性二型膠原蛋白的黃金組合</li>\n    <li>補充關節囊液的組成要素，維持關節活動力和軟骨健康</li>\n</ul>\n<p>內容物重量：每包1(g)，本包裝含60包／(g)</p>\n<p>保存期限：未開封18個月；開封後請盡速食用</p>\n<p>保存方法：存放於陰涼處；開封後請隨時保持密封</p>\n<p>產地：台灣 Made In Taiwan</p>\n', 699, 629, 100, 23, '2023-07-14', 'https://cdn-front.mao-select.com.tw//upload_files/fonlego-rwd/prodpic/D_A1NP070208-規格.jpg', 'https://cdn-front.mao-select.com.tw//upload_files/fonlego-rwd/prodpic/D_A1NP070208-規格.jpg', 'https://cdn-front.mao-select.com.tw//upload_files/fonlego-rwd/prodpic/D_A1NP070208-a.jpg', 'https://cdn-front.mao-select.com.tw//upload_files/fonlego-rwd/prodpic/D_A1NP070208-a.jpg'),
(183, '關節軟骨靈活錠', '法國法典', 4, 12, '<ul>\n    <li>獨家爪鈎草、馬尾草配方，幫助骨骼發展和軟骨生成</li>\n    <li>葡萄醣胺及軟骨素，強化軟骨生成</li>\n    <li>高適口性</li>\n    <li>增加關節潤滑液，改善關節靈活性</li>\n</ul>\n<p>適用對象：犬貓</p>\n<p>製造商：FRANCODEX</p>\n<p>原產地：法國</p>\n<p>成份：硫酸軟骨素、葡萄糖胺、爪鈎草、馬尾草</p>\n<p>請置於陰涼乾燥處，避免高溫、陽光直射</p>\n<p>請置於兒童無法取得之處</p>\n', 780, 702, 100, 24, '2023-07-15', 'https://cdn-front.mao-select.com.tw//upload_files/fonlego-rwd/prodpic/D_A1FC070104(4).jpg', 'https://cdn-front.mao-select.com.tw//upload_files/fonlego-rwd/prodpic/D_A1FC070104(3).jpg', 'https://cdn-front.mao-select.com.tw//upload_files/fonlego-rwd/prodpic/D_A1FC070104(4).jpg', 'https://cdn-front.mao-select.com.tw//upload_files/fonlego-rwd/prodpic/D_A1FC070104(3).jpg'),
(184, 'UC-II 全方位關節保養粉', '自然食', 4, 12, '<ul>\n    <li>重量級採用美國專利 UC-II 非變性二型膠原蛋白，有效保護關節活動力。</li>\n    <li>紐西蘭綠唇貽貝，含豐富 omega-3 等營養素，給予關節天然又有效的營養來源。</li>\n    <li>歐洲專業大藥廠食品級天然萃取玻尿酸，首支通過美國 FDA-GRAS 安全認證。</li>\n    <li>日本專利葡萄糖胺，經兩段式純化技術，純度高達 99%！</li>\n</ul>\n', 900, 810, 100, 25, '2023-07-16', 'https://cdn-front.mao-select.com.tw//upload_files/fonlego-rwd/prodpic/D_M09NT135201-規格.jpg', 'https://cdn-front.mao-select.com.tw//upload_files/fonlego-rwd/prodpic/D_M09NT135201-a.jpg', 'https://cdn-front.mao-select.com.tw//upload_files/fonlego-rwd/prodpic/D_M09NT135201-規格.jpg', 'https://cdn-front.mao-select.com.tw//upload_files/fonlego-rwd/prodpic/D_M09NT135201-a.jpg'),
(185, '關節強效保健粉', '毛孩時代', 4, 12, '<ul>\n    <li>三大專利關鍵配方</li>\n    <li>日本天然鮭魚萃取物</li>\n    <li>原廠檢驗認證 安心有保障</li>\n</ul>\n', 690, 621, 100, 26, '2023-07-17', 'https://cdn-front.mao-select.com.tw//upload_files/fonlego-rwd/prodpic/D_A1PTI0706-規格(1).jpg', 'https://cdn-front.mao-select.com.tw//upload_files/fonlego-rwd/prodpic/D_A1PTI0706-a(1).jpg', 'https://cdn-front.mao-select.com.tw//upload_files/fonlego-rwd/prodpic/D_A1PTI0706-b(1).jpg', 'https://cdn-front.mao-select.com.tw//upload_files/fonlego-rwd/prodpic/D_A1PTI0706-b(1).jpg'),
(186, 'UCll關節保養粉', '汪喵星球', 4, 12, '<p>UCII 關節保養粉 (日常保養配方)</p>\n\n<ul>\n    <li>嚴選有效成分，並添加至足效劑量</li>\n    <li>成分進貨證明及檢驗報告公開透明</li>\n    <li>每顆膠囊含有 UCII 12mg／玻尿酸 23mg</li>\n</ul>\n\n<p>UCII 關節保養粉 ( MSM 加強配方)</p>\n<ul>\n    <li>高純度營養成分搭配 MSM 添加，幫助舒緩關節，提高活力</li>\n    <li>每顆膠囊含有 UCII 7mg／MSM 235mg</li>\n    <li>6合1強效複方</li>\n</ul>', 880, 792, 100, 27, '2023-07-18', 'https://cdn-front.mao-select.com.tw//upload_files/fonlego-rwd/prodpic/D_00(6).jpg', 'https://cdn-front.mao-select.com.tw//upload_files/fonlego-rwd/prodpic/D_A1DGS070207-a.jpg', 'https://cdn-front.mao-select.com.tw//upload_files/fonlego-rwd/prodpic/D_A1DGS070207-b.jpg', 'https://cdn-front.mao-select.com.tw//upload_files/fonlego-rwd/prodpic/D_A1DGS070207-b.jpg'),
(187, '即期品專區 - UCll關節保養粉', '汪喵星球', 4, 12, '<p>UCII 關節保養粉 (日常保養配方)</p>\n\n<ul>\n    <li>嚴選有效成分，並添加至足效劑量</li>\n    <li>成分進貨證明及檢驗報告公開透明</li>\n    <li>每顆膠囊含有 UCII 12mg／玻尿酸 23mg</li>\n</ul>\n\n<p>UCII 關節保養粉 ( MSM 加強配方)</p>\n<ul>\n    <li>高純度營養成分搭配 MSM 添加，幫助舒緩關節，提高活力</li>\n    <li>每顆膠囊含有 UCII 7mg／MSM 235mg</li>\n    <li>6合1強效複方</li>\n</ul>', 590, 531, 100, 28, '2023-07-19', 'https://cdn-front.mao-select.com.tw//upload_files/fonlego-rwd/prodpic/D_A1DGS070205-規格(1).jpg', 'https://cdn-front.mao-select.com.tw//upload_files/fonlego-rwd/prodpic/D_A1DGS070207-a.jpg', 'https://cdn-front.mao-select.com.tw//upload_files/fonlego-rwd/prodpic/D_A1DGS070207-b.jpg', 'https://cdn-front.mao-select.com.tw//upload_files/fonlego-rwd/prodpic/D_A1DGS070207-b.jpg'),
(188, '高齡貓關節保健膏', '竣寶', 4, 12, '<ul>\n    <li>Eschscholzia有鎮定並舒緩焦慮作用</li>\n    <li>聖約翰草有緩解疼痛和溫和的安撫情緒作用</li>\n    <li>L-色氨酸: 釋放\"快樂激素\"的血清素</li>\n    <li>β-葡聚醣: 可減少貓體內產生壓力</li>\n</ul>', 265, 239, 100, 29, '2023-07-20', 'https://cdn-front.mao-select.com.tw//upload_files/fonlego-rwd/prodpic/D_M09GP5112-a.jpg', 'https://cdn-front.mao-select.com.tw//upload_files/fonlego-rwd/prodpic/D_M09GP5112-a.jpg', 'https://cdn-front.mao-select.com.tw//upload_files/fonlego-rwd/prodpic/D_M09GP5112-a.jpg', 'https://cdn-front.mao-select.com.tw//upload_files/fonlego-rwd/prodpic/D_M09GP5112-a.jpg'),
(189, '關節強效保健粉', '毛孩時代', 4, 12, '<ul>\n    <li>三大專利關鍵配方</li>\n    <li>日本天然鮭魚萃取物</li>\n    <li>原廠檢驗認證 安心有保障</li>\n</ul>\n', 490, 441, 100, 30, '2023-07-21', 'https://cdn-front.mao-select.com.tw//upload_files/fonlego-rwd/prodpic/D_A1PTI0706-規格(1).jpg', 'https://cdn-front.mao-select.com.tw//upload_files/fonlego-rwd/prodpic/D_A1PTI0706-a(1).jpg', 'https://cdn-front.mao-select.com.tw//upload_files/fonlego-rwd/prodpic/D_A1PTI0706-b(1).jpg', 'https://cdn-front.mao-select.com.tw//upload_files/fonlego-rwd/prodpic/D_A1PTI0706-b(1).jpg'),
(190, '貓用化毛健膚三效錠', 'tomlyn', 4, 13, '<ul>\n    <li>超過35年以上的獸醫化毛配方</li>\n    <li>利用溫和且有效的潤滑劑減少並預防毛球</li>\n    <li>柔軟嫩雞化毛點心</li>\n</ul>', 620, 558, 100, 31, '2023-07-22', 'https://cdn-front.mao-select.com.tw//upload_files/fonlego-rwd/prodpic/D_化毛健膚三效錠-0.jpg', 'https://cdn-front.mao-select.com.tw//upload_files/fonlego-rwd/prodpic/D_化毛健膚三效錠-0.jpg', 'https://cdn-front.mao-select.com.tw//upload_files/fonlego-rwd/prodpic/D_化毛健膚三效錠-0.jpg', 'https://cdn-front.mao-select.com.tw//upload_files/fonlego-rwd/prodpic/D_化毛健膚三效錠-0.jpg'),
(191, '貓用化毛膏', 'tomlyn', 4, 13, '<ul>\n    <li>超過35年以上的獸醫化毛配方</li>\n    <li>利用溫和且有效的潤滑劑減少並預防毛球</li>\n    <li>解憂貓草：貓薄荷幫助減少緊迫焦慮</li>\n    <li>天然低敏 : 適合腸胃敏感貓咪</li>\n</ul>', 520, 468, 100, 32, '2023-07-23', 'https://cdn-front.mao-select.com.tw//upload_files/fonlego-rwd/prodpic/D_解憂貓草化毛膏-0.jpg', 'https://cdn-front.mao-select.com.tw//upload_files/fonlego-rwd/prodpic/D_解憂貓草化毛膏-0.jpg', 'https://cdn-front.mao-select.com.tw//upload_files/fonlego-rwd/prodpic/D_解憂貓草化毛膏-0.jpg', 'https://cdn-front.mao-select.com.tw//upload_files/fonlego-rwd/prodpic/D_解憂貓草化毛膏-0.jpg'),
(192, '6合1專利化毛粉', '毛孩時代', 4, 13, '<ul>\n    <li>含天然分解毛髮、促進腸胃運動成分</li>\n    <li>含天然油脂，加速毛髮排出</li>\n    <li>不含礦物油、防腐劑</li>\n    <li>不含增味劑</li>\n</ul>', 380, 342, 100, 33, '2023-07-24', 'https://cdn-front.mao-select.com.tw//upload_files/fonlego-rwd/prodpic/D_A1PTI0707-規格.jpg', 'https://cdn-front.mao-select.com.tw//upload_files/fonlego-rwd/prodpic/D_A1PTI0707-a.jpg', 'https://cdn-front.mao-select.com.tw//upload_files/fonlego-rwd/prodpic/D_A1PTI0707-規格.jpg', 'https://cdn-front.mao-select.com.tw//upload_files/fonlego-rwd/prodpic/D_A1PTI0707-a.jpg'),
(193, '雙效化毛膏 - 麥芽+起司', '竣寶', 4, 13, '<ul>\n    <li>給愛貓的一款美妙獎勵，美味的起司及純天然芳香麥芽的完美結合，令本產品成為真正的享受體驗，並可將貓咪體內的毛球自然排出</li>\n    <li>使用說明：<br>\n        成貓每天可餵食約6公分(一公分約0.5公克)，可直接食用或混入食物中，可加倍用量，飯前餵食最佳</li>\n    <li>成份：<br>\n        蔬菜的副產物（麥芽提取物40％），油和脂肪，酵母，乳及乳製品</li>\n    <li>保證分析：<br>\n        蛋白質 4.5%、脂肪 37.5%、粗灰分 6.0%、粗纖維 1.5%</li>\n</ul>', 230, 207, 100, 34, '2023-07-25', 'https://cdn-front.mao-select.com.tw//upload_files/fonlego-rwd/prodpic/D_M09GP5107-a.jpg', 'https://cdn-front.mao-select.com.tw//upload_files/fonlego-rwd/prodpic/D_M09GP5107-a.jpg', 'https://cdn-front.mao-select.com.tw//upload_files/fonlego-rwd/prodpic/D_M09GP5107-a.jpg', 'https://cdn-front.mao-select.com.tw//upload_files/fonlego-rwd/prodpic/D_M09GP5107-a.jpg'),
(194, '麥芽化毛膏', '竣寶', 4, 13, '<ul>\n    <li>β-葡聚醣有助於避免胃腸道刺激</li>\n    <li>亞麻籽油、纖維素：有助於將吞食的毛球排出，並減少毛球的形成，並維持腸胃消化保健</li>\n    <li>使用說明：<br>\n        成貓每天可餵食約6公分（1公分約0.5公克），可直接食用或混入食物中，可加倍用量，飯前餵食最佳</li>\n    <li>成份：<br>\n        植物衍生物（麥芽萃取物、纖維素）、油脂、脂肪（亞麻籽油）、酵母（β-葡聚醣）</li>\n    <li>保證分析：<br>\n        粗蛋白 5.5%、粗脂肪 38.5%、粗纖維 2.5%、粗灰分 5.0%、水份 12%</li>\n</ul>', 120, 108, 100, 35, '2023-07-26', 'https://cdn-front.mao-select.com.tw//upload_files/fonlego-rwd/prodpic/D_M09GP5104-a(1).jpg', 'https://cdn-front.mao-select.com.tw//upload_files/fonlego-rwd/prodpic/D_M09GP5104-a.jpg', 'https://cdn-front.mao-select.com.tw//upload_files/fonlego-rwd/prodpic/D_M09GP5104-a(1).jpg', 'https://cdn-front.mao-select.com.tw//upload_files/fonlego-rwd/prodpic/D_M09GP5104-a.jpg'),
(195, '3合1每日營養錠 - 化毛', '竣寶', 4, 13, '<ul>\n    <li>保護和改善消化系統</li>\n    <li>保護腸胃黏膜</li>\n    <li>幫助吞嚥至體內的毛髮排出體外</li>\n</ul>\n\n<p>成份：<br>\n牛奶和牛奶衍生物，酵母，油脂和脂肪，植物來源衍生物（乾燥麥芽萃取物4％，磨碎榆樹皮2％）</p>\n\n<p>保證分析：<br>\n粗蛋白 22%、脂肪 12.5%、粗纖維 14%、粗灰分 6%、水份 5%</p>\n', 120, 108, 100, 36, '2023-07-27', 'https://cdn-front.mao-select.com.tw//upload_files/fonlego-rwd/prodpic/D_竣寶-3合1每日營養錠-化貓錠-1.jpg', 'https://cdn-front.mao-select.com.tw//upload_files/fonlego-rwd/prodpic/D_竣寶-3合1每日營養錠-化貓錠-1.jpg', 'https://cdn-front.mao-select.com.tw//upload_files/fonlego-rwd/prodpic/D_竣寶-3合1每日營養錠-化貓錠-1.jpg', 'https://cdn-front.mao-select.com.tw//upload_files/fonlego-rwd/prodpic/D_竣寶-3合1每日營養錠-化貓錠-1.jpg'),
(196, '高機能營養化毛膏', '法國法典', 4, 13, '<ul>\n    <li>高量穀物纖維，幫助排出毛球</li>\n    <li>高適口性</li>\n    <li>富含維生素E，補充營養</li>\n    <li>可開胃，提高食慾</li>\n    <li>40%可食用油，潤滑腸道</li>\n</ul>\n\n<p>適用對象：貓<br>\n製造商：FRANCODEX<br>\n原產地：法國<br>\n成份：麥芽萃取物、潤滑油脂、維生素E</p>\n\n<p>請置於陰涼乾燥處，避免高溫、陽光直射。<br>\n請置於兒童無法取得之處。</p>\n', 420, 378, 100, 37, '2023-07-28', 'https://cdn-front.mao-select.com.tw//upload_files/fonlego-rwd/prodpic/D_A1FC070101-a(1).jpg', 'https://cdn-front.mao-select.com.tw//upload_files/fonlego-rwd/prodpic/D_A1FC070101-a.jpg', 'https://cdn-front.mao-select.com.tw//upload_files/fonlego-rwd/prodpic/D_A1FC070101-a(1).jpg', 'https://cdn-front.mao-select.com.tw//upload_files/fonlego-rwd/prodpic/D_A1FC070101-a.jpg'),
(197, '貓咪排毛粉 ', '木入森', 4, 13, '<p>克服排毛粉需要多喝水、易卡便腹脹等缺陷，經千位見證者有感回饋，兼具美味營養與顯著速效排毛。</p>\n<p>還在吃化毛膏幫貓咪排毛嗎? 不如試試更天然、更安全健康，但同樣美味的排毛粉吧！</p>\n\n<p>貓草風味：</p>\n<ul>\n    <li>洋車前子</li>\n    <li>菊苣纖維</li>\n    <li>小麥苗粉</li>\n    <li>n-zimes®綜合消化酵素：</li>\n    <ul>\n        <li>麥芽糊精</li>\n        <li>澱粉分解酵素</li>\n        <li>植酸酵素</li>\n        <li>葡萄糖澱粉酵素</li>\n        <li>中性蛋白質分解酵素</li>\n        <li>鳳梨酵素</li>\n    </ul>\n</ul>\n\n<p>起司風味：</p>\n<ul>\n    <li>洋車前子</li>\n    <li>燕麥纖維（不含麩質）</li>\n    <li>起司風味粉</li>\n    <li>n-zimes®綜合消化酵素：</li>\n    <ul>\n        <li>麥', 550, 495, 100, 38, '2023-07-29', 'https://cdn-front.mao-select.com.tw//upload_files/fonlego-rwd/prodpic/D_M3MRS070101-貓草大.jpg', 'https://cdn-front.mao-select.com.tw//upload_files/fonlego-rwd/prodpic/D_M3MRS070101-貓草大.jpg', 'https://cdn-front.mao-select.com.tw//upload_files/fonlego-rwd/prodpic/D_M3MRS070101-貓草大.jpg', 'https://cdn-front.mao-select.com.tw//upload_files/fonlego-rwd/prodpic/D_M3MRS070101-貓草大.jpg'),
(198, '機能保健 鮮魚排毛粉', '陪心寵糧', 4, 13, '<ul>\n    <li>適合有化毛需求與換毛期的毛孩</li>\n    <li>纖維ｘ植物蛋白ｘ酵素的黃金組合</li>\n    <li>提供酵素及纖維營養素，幫助維持消化道機能，使毛孩擁有好腸道</li>\n</ul>\n\n<ul>\n    <li>內容物重量：35公克(g)／100公克(g)</li>\n    <li>製造日期：標示於罐底</li>\n    <li>保存期限：未開封18個月；開封後請盡速食用完畢</li>\n    <li>保存方法：存放於陰涼處，開封後請隨時保持密封</li>\n    <li>產地：台灣 Made in Taiwan</li>\n</ul>\n', 390, 351, 100, 39, '2023-07-30', 'https://cdn-front.mao-select.com.tw//upload_files/fonlego-rwd/prodpic/D_A1NP070204-規格(4).jpg', 'https://cdn-front.mao-select.com.tw//upload_files/fonlego-rwd/prodpic/D_A1NP070204-a(1).jpg', 'https://cdn-front.mao-select.com.tw//upload_files/fonlego-rwd/prodpic/D_A1NP070204-b.jpg', 'https://cdn-front.mao-select.com.tw//upload_files/fonlego-rwd/prodpic/D_A1NP070204-b.jpg'),
(199, '寵物排毛粉', '汪喵星球', 4, 13, '<ul>\n    <li>市售第一款以「天然植物纖維&酵素」打造的排毛粉</li>\n    <li>頂級日本天野酵素</li>\n    <li>雞肉與虱目魚口味，嗜口性超高</li>\n</ul>\n', 240, 216, 100, 40, '2023-07-31', 'https://cdn-front.mao-select.com.tw//upload_files/fonlego-rwd/prodpic/D_M3DGS070101-規格.jpg', 'https://cdn-front.mao-select.com.tw//upload_files/fonlego-rwd/prodpic/D_M3DGS070101-a.jpg', 'https://cdn-front.mao-select.com.tw//upload_files/fonlego-rwd/prodpic/D_M3DGS070101-b.jpg', 'https://cdn-front.mao-select.com.tw//upload_files/fonlego-rwd/prodpic/D_M3DGS070101-b.jpg'),
(200, '95%頂級深海魚油', '毛孩時代', 4, 14, '<ul>\n    <li>最高純度95%以上Omega-3</li>\n    <li>針對毛孩身體的高吸收rTG型態</li>\n    <li>高新鮮度及高純淨度</li>\n</ul>\n', 790, 711, 100, 41, '2023-08-01', 'https://cdn-front.mao-select.com.tw//upload_files/fonlego-rwd/prodpic/D_A1PTI0713-0.jpg', 'https://cdn-front.mao-select.com.tw//upload_files/fonlego-rwd/prodpic/D_a(310).jpg', 'https://cdn-front.mao-select.com.tw//upload_files/fonlego-rwd/prodpic/D_b(254).jpg', 'https://cdn-front.mao-select.com.tw//upload_files/fonlego-rwd/prodpic/D_b(254).jpg'),
(201, '寵物魚油粉', '木入森', 4, 14, '<ul>\n    <li>超高適口性，8 成以上貓咪狗狗也愛吃的「魚油」</li>\n    <li>無添加，健康純粹無腥味</li>\n    <li>Omega-3 優質營養補給：強化體質、過敏舒緩</li>\n    <li>富含 Omega-3 脂肪酸 (EPA / DHA)，緩解發炎反應</li>\n    <li>專利雙層包覆技術，完全阻隔空氣</li>\n    <li>TG / rTG型態，短時間更佳的吸收率</li>\n</ul>\n', 820, 738, 100, 42, '2023-08-02', 'https://cdn-front.mao-select.com.tw//upload_files/fonlego-rwd/prodpic/D_A1MRS070101-0.jpg', 'https://cdn-front.mao-select.com.tw//upload_files/fonlego-rwd/prodpic/D_A1MRS070101-a.jpg', 'https://cdn-front.mao-select.com.tw//upload_files/fonlego-rwd/prodpic/D_A1MRS070101-0.jpg', 'https://cdn-front.mao-select.com.tw//upload_files/fonlego-rwd/prodpic/D_A1MRS070101-a.jpg'),
(202, '機能保健 3C極淨魚油', '陪心寵糧', 4, 14, '<ul>\n    <li>適合全齡犬貓使用，眼睛明亮 X 毛髮柔順 X 保護心血管</li>\n    <li>打造EPA與DHA黃金2:1的完美比例</li>\n    <li>使用阿拉斯加冷壓精粹的深海鱈魚油</li>\n    <li>還原三酸甘油酯（rTG）型態</li>\n    <li>85%高濃度omega-3，成份單純乾淨</li>\n</ul>', 580, 522, 100, 43, '2023-08-03', 'https://cdn-front.mao-select.com.tw//upload_files/fonlego-rwd/prodpic/D_A1NP070205-規格(1).jpg', 'https://cdn-front.mao-select.com.tw//upload_files/fonlego-rwd/prodpic/D_A1NP070205-a(2).jpg', 'https://cdn-front.mao-select.com.tw//upload_files/fonlego-rwd/prodpic/D_A1NP070205-規格(1).jpg', 'https://cdn-front.mao-select.com.tw//upload_files/fonlego-rwd/prodpic/D_A1NP070205-a(2).jpg'),
(203, '純萃紅寶石魚油', '喵皇奴', 4, 14, '<ul>\n    <li>添加高純度80%游離態蝦紅素，高純度有更好的吸收率</li>\n    <li>通過IFOS國際魚油標準五星認證，並獲得美國及歐洲藥典許可認證</li>\n    <li>採用專利真空除臭技術，有效去除腥臭味</li>\n</ul>\n', 750, 675, 100, 44, '2023-08-04', 'https://cdn-front.mao-select.com.tw//upload_files/fonlego-rwd/prodpic/D_A1ME070101-規格.jpg', 'https://cdn-front.mao-select.com.tw//upload_files/fonlego-rwd/prodpic/D_A1ME070101-a.jpg', 'https://cdn-front.mao-select.com.tw//upload_files/fonlego-rwd/prodpic/D_A1ME070101-b.jpg', 'https://cdn-front.mao-select.com.tw//upload_files/fonlego-rwd/prodpic/D_A1ME070101-b.jpg'),
(204, '高單位深海魚油膠囊', '法國法典', 4, 14, '<ul>\n    <li>超濃縮深海魚油，富含EPA及DHA</li>\n    <li>維持皮膚、心臟、腦、骨骼及關節的發育及健康</li>\n    <li>高適口性</li>\n</ul>\n', 780, 702, 100, 45, '2023-08-05', 'https://cdn-front.mao-select.com.tw//upload_files/fonlego-rwd/prodpic/D_A1FC070103-0.jpg', 'https://cdn-front.mao-select.com.tw//upload_files/fonlego-rwd/prodpic/D_A1FC070103-0.jpg', 'https://cdn-front.mao-select.com.tw//upload_files/fonlego-rwd/prodpic/D_A1FC070103-0.jpg', 'https://cdn-front.mao-select.com.tw//upload_files/fonlego-rwd/prodpic/D_A1FC070103-0.jpg'),
(205, '85% Omega-3 機能魚油', '汪喵星球', 4, 14, '<ul>\n    <li>西班牙頂級魚油+日本專利輔酶 Q10</li>\n    <li>全齡毛孩機能保健</li>\n    <li>熟齡＆部分品種犬貓加強補充</li>\n</ul>', 790, 711, 100, 46, '2023-08-06', 'https://cdn-front.mao-select.com.tw//upload_files/fonlego-rwd/prodpic/D_A1DGS070206-規格.jpg', 'https://cdn-front.mao-select.com.tw//upload_files/fonlego-rwd/prodpic/D_A1DGS070206-a.jpg', 'https://cdn-front.mao-select.com.tw//upload_files/fonlego-rwd/prodpic/D_A1DGS070206-b.jpg', 'https://cdn-front.mao-select.com.tw//upload_files/fonlego-rwd/prodpic/D_A1DGS070206-b.jpg'),
(206, '寵立善保健品 - rTG 超級魚油', '自然食', 4, 14, '<ul>\n    <li>高純度、好吸收：80%高純度、高吸收率的 rTG 型魚油，突破以往傳統EE型（酯化型）需要酵素分解才能吸收，以及TG型純度低的缺點，只需一點點即可補充一日Omega 3所需。</li>\n    <li>高適口性、餵食：原廠原桶出貨，完整保留國際級的好品質；台灣GMP廠嚴格品管分裝，安全保鮮、無腥臭味，毛孩接受度高，滴在食物上就可輕鬆餵食。</li>\n    <li>醫療級小棕瓶包裝，安心純粹：有效濾去高能量波段的紫外線，避免成份被分解、提前氧化；產生全過程分子蒸餾，無化學溶劑</li>\n</ul>\n', 495, 446, 100, 47, '2023-08-07', 'https://cdn-front.mao-select.com.tw//upload_files/fonlego-rwd/prodpic/D_M09NT135208-規格.jpg', 'https://cdn-front.mao-select.com.tw//upload_files/fonlego-rwd/prodpic/D_M09NT135208-a.jpg', 'https://cdn-front.mao-select.com.tw//upload_files/fonlego-rwd/prodpic/D_M09NT135208-規格.jpg', 'https://cdn-front.mao-select.com.tw//upload_files/fonlego-rwd/prodpic/D_M09NT135208-a.jpg'),
(207, 'Omega-3 全保養魚油', '汪喵星球', 4, 14, '<ul>\n    <li>全台首創噴霧型魚油，讓保存和保養都變得簡單！</li>\n    <li>單方保健，選用單一小型魚種，減少毛孩過敏機率。</li>\n    <li>ORIVO 認證溯源魚油，高純度又安心。</li>\n    <li>無氧噴瓶填充，用到最後一刻都能保持新鮮。</li>\n</ul>', 450, 405, 100, 48, '2023-08-08', 'https://cdn-front.mao-select.com.tw//upload_files/fonlego-rwd/prodpic/D_A1DGS070209-0.jpg', 'https://cdn-front.mao-select.com.tw//upload_files/fonlego-rwd/prodpic/D_aa(17).jpg', 'https://cdn-front.mao-select.com.tw//upload_files/fonlego-rwd/prodpic/D_b(249).jpg', 'https://cdn-front.mao-select.com.tw//upload_files/fonlego-rwd/prodpic/D_b(249).jpg'),
(208, '新風寵物外出箱', 'pidan', 2, 4, '<ul>\n    <li>全新的外出方式 各有各的輕鬆</li>\n    <li>箱內設置風扇 獨立新風系統 外出多久都安心</li>\n    <li>減震設計 路面不平也無妨</li>\n    <li>圓形視窗和私密箱體 隨時安心看世界</li>\n    <li>寬敞空間還內置了軟墊 更舒適</li>\n    <li>內置照明 不同場合都可使用</li>\n    <li>單向互動窗口 方便安撫又安全</li>\n    <li>可調節拉桿 輕鬆省力</li>\n    <li>磨砂觸感簡潔外觀</li>\n    <li>箱體附Type-C孔充電設計</li>\n</ul>\n<p>尺寸 : 490x360x520mm (含輪子)</p>\n<p>重量 : 4.1kg</p>\n<p>材質 : 聚碳酸酯、聚酯纖維</p>\n<p>耐重 : 15kg內</p>\n<p>外出前請確保鎖扣已正確閉合。</p>\n<p>請問使用腳輪越過階梯或者台階，以免造成危險或外出箱翻倒、受損。</p>\n<p>請勿在不平穩的地方使用腳輪站立，以免外出箱翻倒發生意外。</p>\n<p>請勿使用拉桿提起外出箱。</p>\n<p>請勿', 2990, 2691, 24, 73, '2023-07-04', 'https://cdn-front.mao-select.com.tw//upload_files/fonlego-rwd/prodpic/D_A1PD110201-0(2).jpg', 'https://cdn-front.mao-select.com.tw//upload_files/fonlego-rwd/prodpic/D_a(201).jpg', 'https://cdn-front.mao-select.com.tw//upload_files/fonlego-rwd/prodpic/D_b(166).jpg', 'https://cdn-front.mao-select.com.tw//upload_files/fonlego-rwd/prodpic/D_b(166).jpg'),
(209, '寵物散步安全燈 - 小熊', 'PETHROOM', 2, 4, '<ul>\n    <li>為寵物散步安全而製作的柔軟矽膠材質LED燈</li>\n    <li>可調整式設計 也可以懸掛使用</li>\n    <li>矽膠材質生活防水 雨天散步也適用</li>\n    <li>三種LED閃爍方式</li>\n</ul>\n<p>尺寸：4.1x7.5x1.3cm</p>\n<p>材質：矽膠</p>\n<p>重量：15g</p>\n<p>電池：CR2032 (3V 鈕扣型鋰電池)</p>\n<p>續航力：最常使用時間25小時</p>\n<p>產品顏色會根據顯示器規格與實際產品有差異</p>\n<p>尺寸根據測量方法和測量位置可能會有誤差</p>\n<p>第一次使用前請在背面拉出電池防放電絕緣紙，去除後使用</p>\n<p>禁止不當使用，避免靠近火源及高溫地方</p>\n', 420, 378, 63, 42, '2023-07-19', 'https://cdn-front.mao-select.com.tw//upload_files/fonlego-rwd/prodpic/D_A1PTR240202-0.jpg', 'https://cdn-front.mao-select.com.tw//upload_files/fonlego-rwd/prodpic/D_a(368).jpg', 'https://cdn-front.mao-select.com.tw//upload_files/fonlego-rwd/prodpic/D_b(293).jpg', 'https://cdn-front.mao-select.com.tw//upload_files/fonlego-rwd/prodpic/D_b(293).jpg'),
(210, '寵物泡泡箱 (兩色)', 'VETRESKA', 2, 4, '<ul>\n    <li>出行方便</li>\n    <li>透明外觀可觀察寵物情況</li>\n    <li>空間容納大</li>\n    <li>多方位透氣孔 保證空氣流通</li>\n    <li>抽拉輕鬆</li>\n    <li>輪軸360度轉動不受拘束</li>\n</ul>\n<p>尺寸：44.5x26x54cm</p>\n<p>重量：1.95kg</p>\n<p>材質：PC</p>\n', 90, 81, 89, 88, '2023-07-23', 'https://cdn-front.mao-select.com.tw//upload_files/fonlego-rwd/prodpic/D_A1VK110102.jpg', 'https://cdn-front.mao-select.com.tw//upload_files/fonlego-rwd/prodpic/D_A(29).jpg', 'https://cdn-front.mao-select.com.tw//upload_files/fonlego-rwd/prodpic/D_B(25).jpg', 'https://cdn-front.mao-select.com.tw//upload_files/fonlego-rwd/prodpic/D_B(25).jpg'),
(211, '貓咪兩用外出艙', 'inFluffy', 2, 4, '<ul>\n    <li>可雙向開啟 隨心所用</li>\n    <li>高透氣性 不怕悶壞毛孩</li>\n    <li>也可當貓窩使用</li>\n    <li>有別於布質包 更便於淸理</li>\n</ul>\n<p>尺寸：402x342mm</p>\n<p>重量：1.4kg</p>\n<p>材質：PE、PC、ABS、兔毛絨</p>\n<p>適用7.5kg以下貓咪</p>\n<p>建議定期清潔保持乾淨衛生</p>\n', 1390, 1251, 45, 15, '2023-07-15', 'https://cdn-front.mao-select.com.tw//upload_files/fonlego-rwd/prodpic/D_M3IFF110101-0.jpg', 'https://cdn-front.mao-select.com.tw//upload_files/fonlego-rwd/prodpic/D_M3IFF110101-a.jpg', 'https://cdn-front.mao-select.com.tw//upload_files/fonlego-rwd/prodpic/D_M3IFF110101-b.jpg', 'https://cdn-front.mao-select.com.tw//upload_files/fonlego-rwd/prodpic/D_M3IFF110101-b.jpg'),
(212, '初見寵物包', 'PETSEEK', 2, 4, '<ul>\n    <li>初次見面就想帶你看遍世界的最美</li>\n    <li>寬大空間 八公斤寵物輕鬆裝</li>\n    <li>正面大捲簾隱密視窗設計 清晰視野也有滿滿安全感</li>\n    <li>頂部6孔+兩側網窗+正面門窗 悶熱說掰掰</li>\n    <li>大口徑進出網籃 內有金屬安全扣</li>\n    <li>前後藏有鋼圈結構 安穩出行不傾倒</li>\n    <li>可折疊收納 好打理</li>\n    <li>減震護脊背帶 緩減肩背壓力</li>\n</ul>\n<p>尺寸：30x36x40cm</p>\n<p>材質：聚酯纖維</p>\n<p>重量：1kg</p>\n<p>適用範圍：貓8公斤內、狗5公斤內</p>\n', 1190, 1071, 12, 56, '2023-07-09', 'https://cdn-front.mao-select.com.tw//upload_files/fonlego-rwd/prodpic/D_A1PS110501-0.jpg', 'https://cdn-front.mao-select.com.tw//upload_files/fonlego-rwd/prodpic/D_a(79).jpg', 'https://cdn-front.mao-select.com.tw//upload_files/fonlego-rwd/prodpic/D_b(70).jpg', 'https://cdn-front.mao-select.com.tw//upload_files/fonlego-rwd/prodpic/D_b(70).jpg'),
(213, '雙面透明摺疊寵物包', 'PETSEEK', 2, 4, '<ul>\n    <li>立體大空間 主子不憋屈</li>\n    <li>空間足夠寬敞 從小貓用到大貓</li>\n    <li>循環通風運作</li>\n    <li>三步折疊 輕鬆收納</li>\n    <li>防開型拉鍊安全出遊</li>\n    <li>四季都適合使用</li>\n    <li>適用7.5公斤以內愛寵</li>\n    <li>專利原創設計</li>\n</ul>\n<p>尺寸：36x30x40cm</p>\n<p>材質：PET、牛津布、三明治網布</p>\n', 1270, 1143, 75, 97, '2023-08-05', 'https://cdn-front.mao-select.com.tw//upload_files/fonlego-rwd/prodpic/D_PS1281402-0.jpg', 'https://cdn-front.mao-select.com.tw//upload_files/fonlego-rwd/prodpic/D_a(80).jpg', 'https://cdn-front.mao-select.com.tw//upload_files/fonlego-rwd/prodpic/D_PS1281402-0.jpg', 'https://cdn-front.mao-select.com.tw//upload_files/fonlego-rwd/prodpic/D_a(80).jpg'),
(214, '多功能摺疊便攜手提包 (兩色)', 'PETSEEK', 2, 4, '<ul>\n    <li>所謂的，一包三用</li>\n    <li>手提、跨包、雙肩包 任意出行 一包三用</li>\n    <li>僅1.29kg 搭配五公斤以內寵物 輕便容量大</li>\n    <li>底墊支撐 外出更穩固</li>\n    <li>三面通風 透氣不悶熱</li>\n    <li>超萌探頭設計 隨時關注&摸貓</li>\n</ul>\n<p>摺疊前尺寸：43x31x18.5ccm</p>\n<p>摺疊後尺寸：43x31x7cm</p>\n<p>重量：1.29kg</p>\n<p>適用範圍：5kg以內</p>\n<p>材質：牛津布</p>\n', 890, 801, 57, 34, '2023-08-12', 'https://cdn-front.mao-select.com.tw//upload_files/fonlego-rwd/prodpic/D_A1PS110101-0.jpg', 'https://cdn-front.mao-select.com.tw//upload_files/fonlego-rwd/prodpic/D_a(78).jpg', 'https://cdn-front.mao-select.com.tw//upload_files/fonlego-rwd/prodpic/D_b(69).jpg', 'https://cdn-front.mao-select.com.tw//upload_files/fonlego-rwd/prodpic/D_a(78).jpg'),
(215, '折疊式寵物單肩包', 'PETSEEK', 2, 4, '<ul>\n    <li>大空間 通風透氣</li>\n    <li>摺疊收納 居家外出</li>\n    <li>加大空間 寵愛牠</li>\n</ul>\n<p>重量：1.1kg</p>\n<p>尺寸：41*31.5*22 cm</p>\n<p>材質：PET、滌綸、EVA</p>\n<p>建議承重：貓貓9kg內 / 狗狗6kg內</p>', 890, 801, 32, 5, '2023-08-07', 'https://cdn-front.mao-select.com.tw//upload_files/fonlego-rwd/prodpic/D_A1PS110301-0.jpg', 'https://cdn-front.mao-select.com.tw//upload_files/fonlego-rwd/prodpic/D_E(8).jpg', 'https://cdn-front.mao-select.com.tw//upload_files/fonlego-rwd/prodpic/D_F(1).jpg', 'https://cdn-front.mao-select.com.tw//upload_files/fonlego-rwd/prodpic/D_F(1).jpg'),
(216, '寵物露營背包套裝組', 'FurryTail', 2, 4, '<ul>\n    <li>帶著愛寵逃離城市 奔赴野性浪漫</li>\n    <li>前所未有大尺寸</li>\n    <li>折疊收納 花樣出行</li>\n    <li>頂面大孔徑透氣網格佈設計 拒絕悶熱</li>\n</ul>\n<p>尺寸: 33x28x40cm</p>\n<p>材質: 滌綸、PVC</p>\n<p>適用8kg內貓狗</p>\n<p>商品沒有含風扇</p>\n', 1650, 1485, 96, 68, '2023-07-01', 'https://cdn-front.mao-select.com.tw//upload_files/fonlego-rwd/prodpic/D_A1FU1101AB-0.jpg', 'https://cdn-front.mao-select.com.tw//upload_files/fonlego-rwd/prodpic/D_A1FU110101a.jpg', 'https://cdn-front.mao-select.com.tw//upload_files/fonlego-rwd/prodpic/D_A1FU110101b.jpg', 'https://cdn-front.mao-select.com.tw//upload_files/fonlego-rwd/prodpic/D_A1FU110101a.jpg'),
(217, 'Eggy 小宅包', 'HOUSMALL', 2, 4, '<ul>\n    <li>直接水洗不怕髒汙</li>\n    <li>可承受六公斤愛寵</li>\n    <li>安全勾繩設計</li>\n    <li>底部深碗型設計 出外也有安全感</li>\n    <li>內置置物袋</li>\n</ul>\n<p>尺寸: 42x35x25cm</p>\n<p>重量: 1.1kg</p>\n<p>材質: EVA硬殼</p>\n<p>產地: 100%台灣製造</p>\n', 3400, 3060, 8, 20, '2023-08-06', 'https://cdn-front.mao-select.com.tw//upload_files/fonlego-rwd/prodpic/D_深灰.jpg', 'https://cdn-front.mao-select.com.tw//upload_files/fonlego-rwd/prodpic/D_1(8).jpg', 'https://cdn-front.mao-select.com.tw//upload_files/fonlego-rwd/prodpic/D_2(8).jpg', 'https://cdn-front.mao-select.com.tw//upload_files/fonlego-rwd/prodpic/D_深灰.jpg');
INSERT INTO `products` (`product_id`, `product_name`, `vendor`, `category_id`, `subcategory_id`, `description`, `price`, `specialoffer`, `quantity`, `sales`, `created_at`, `images_one`, `images_two`, `images_three`, `images_four`) VALUES
(218, '小方塊寵物外出包', '汪喵星球', 2, 4, '<ul>\n    <li>首創重心調整設計，省力20%</li>\n    <li>市售唯一，背包專屬雨衣</li>\n    <li>立方大空間，毛孩舒適又安穩</li>\n</ul>\n', 2680, 2412, 70, 91, '2023-07-30', 'https://cdn-front.mao-select.com.tw//upload_files/fonlego-rwd/prodpic/D_沉穩灰.jpg', 'https://cdn-front.mao-select.com.tw//upload_files/fonlego-rwd/prodpic/D_A1DGS1101-a.jpg', 'https://cdn-front.mao-select.com.tw//upload_files/fonlego-rwd/prodpic/D_A1DGS1101-b.jpg', 'https://cdn-front.mao-select.com.tw//upload_files/fonlego-rwd/prodpic/D_A1DGS1101-b.jpg'),
(219, '分離式座艙寵物推車', 'FikaGO', 2, 4, '<ul>\n    <li>車艙分離 一車兩用</li>\n    <li>獨立座艙 輕巧便攜</li>\n    <li>一秒自動快收車架</li>\n    <li>頂棚前後雙開卡扣</li>\n    <li>座艙內圍易拆易洗</li>\n    <li>全車避震 一踩雙剎</li>\n    <li>實用美學 北歐質感</li>\n</ul>\n\n<p>材質：鋁合金，環保聚酯布，仿皮手把</p>\n<p>全車展開尺寸：88(L) x 52(W) x 103.5(H) cm</p>\n<p>車架收合尺寸：33(L) x 52.5(W) x 55.5(H) cm</p>\n<p>座艙尺寸：49(L) x 27(W) x 54(H) cm</p>\n<p>全車重量：6.7 kg</p>\n<p>提籃重量：2.5 kg</p>\n<p>提籃載重：12 kg</p>\n<p>全車承重：20 kg</p>\n<p>包含的配件：</p>\n<ul>\n    <li>推車含座艙蓋片 x 1</li>\n    <li>魔鬼氈刺繡布章(貓/狗) 各1</li>\n    <li>車架提籃共用背帶 x 1</li>\n    <li>安全', 9860, 8874, 53, 10, '2023-08-06', 'https://cdn-front.mao-select.com.tw//upload_files/fonlego-rwd/prodpic/D_粉(21).jpg', 'https://cdn-front.mao-select.com.tw//upload_files/fonlego-rwd/prodpic/D_b(285).jpg', 'https://cdn-front.mao-select.com.tw//upload_files/fonlego-rwd/prodpic/D_c(205).jpg', 'https://cdn-front.mao-select.com.tw//upload_files/fonlego-rwd/prodpic/D_b(285).jpg'),
(220, 'AGILE 寵物推車 (多色)', 'FikaGO', 2, 4, '<ul>\n    <li>車艙分離 一車兩用</li>\n    <li>獨立座艙 輕巧便攜</li>\n    <li>一秒自動快收車架</li>\n    <li>頂棚前後雙開卡扣</li>\n    <li>座艙內圍易拆易洗</li>\n    <li>全車避震 一踩雙剎</li>\n    <li>實用美學 北歐質感</li>\n</ul>\n', 9980, 8982, 42, 50, '2023-07-27', 'https://cdn-front.mao-select.com.tw//upload_files/fonlego-rwd/prodpic/D_哈士奇灰1.jpg', 'https://cdn-front.mao-select.com.tw//upload_files/fonlego-rwd/prodpic/D_D(25).jpg', 'https://cdn-front.mao-select.com.tw//upload_files/fonlego-rwd/prodpic/D_E(10).jpg', 'https://cdn-front.mao-select.com.tw//upload_files/fonlego-rwd/prodpic/D_E(10).jpg'),
(221, '分離式座艙寵物推車 ', 'FikaGO', 2, 4, '<ul>\n    <li>車艙分離 一車兩用</li>\n    <li>獨立座艙 輕巧便攜</li>\n    <li>一秒自動快收車架</li>\n    <li>頂棚前後雙開卡扣</li>\n    <li>座艙內圍易拆易洗</li>\n    <li>全車避震 一踩雙剎</li>\n    <li>實用美學 北歐質感</li>\n</ul>\n\n<p>材質：鋁合金，環保聚酯布，仿皮手把</p>\n<p>全車展開尺寸：88(L) x 52(W) x 103.5(H) cm</p>\n<p>車架收合尺寸：33(L) x 52.5(W) x 55.5(H) cm</p>\n<p>座艙尺寸：49(L) x 27(W) x 54(H) cm</p>\n<p>全車重量：6.7 kg</p>\n<p>提籃重量：2.5 kg</p>\n<p>提籃載重：12 kg</p>\n<p>全車承重：20 kg</p>\n<p>包含的配件：</p>\n<ul>\n    <li>推車含座艙蓋片 x 1</li>\n    <li>魔鬼氈刺繡布章(貓/狗) 各1</li>\n    <li>車架提籃共用背帶 x 1</li>\n    <li>安全', 8860, 7974, 18, 79, '2023-07-08', 'https://cdn-front.mao-select.com.tw//upload_files/fonlego-rwd/prodpic/D_粉(21).jpg', 'https://cdn-front.mao-select.com.tw//upload_files/fonlego-rwd/prodpic/D_b(285).jpg', 'https://cdn-front.mao-select.com.tw//upload_files/fonlego-rwd/prodpic/D_c(205).jpg', 'https://cdn-front.mao-select.com.tw//upload_files/fonlego-rwd/prodpic/D_c(205).jpg'),
(222, '胸背帶牽引繩 (六色)', 'MAOGOUBLUE', 2, 4, '<p>鏟屎官與毛孩子的相遇就像在這個時空遇到屬於自己的精靈，為愛不朽。這一系列色彩靈感來源於“rainbow man”的藝術家Ramzy Masri的彩虹系列作品，將美好幸運的彩虹色與寵物牽引繩結合，採用材質的柔軟耐磨，與同色系的環扣渾然一體。有手牽、斜挎多種使用方始，解放雙手，讓毛孩子們與鏟屎官有更好的互動體驗。</p>\n', 490, 441, 61, 3, '2023-07-13', 'https://cdn-front.mao-select.com.tw//upload_files/fonlego-rwd/prodpic/D_米麥杏.jpg', 'https://cdn-front.mao-select.com.tw//upload_files/fonlego-rwd/prodpic/D_A1MG160101a.jpg', 'https://cdn-front.mao-select.com.tw//upload_files/fonlego-rwd/prodpic/D_A1MG160101b.jpg', 'https://cdn-front.mao-select.com.tw//upload_files/fonlego-rwd/prodpic/D_A1MG160101a.jpg'),
(223, '貓咪項圈牽引繩 (多色)', 'MAOGOUBLUE', 2, 4, '<ul>\n  <li>喵主出門也要時髦 多款牽繩任意搭配</li>\n  <li>有機強塑料插扣 可大範圍調節 安全不容易掙脫 方便穿脫</li>\n  <li>熱壓技術無縫線 輕盈牢固</li>\n</ul>\n<p>尺寸 : 12x1220mm</p>\n<p>材質 : POM滌綸織帶</p>\n', 390, 351, 3, 64, '2023-08-03', 'https://cdn-front.mao-select.com.tw//upload_files/fonlego-rwd/prodpic/D_極光.jpg', 'https://cdn-front.mao-select.com.tw//upload_files/fonlego-rwd/prodpic/D_b(43).jpg', 'https://cdn-front.mao-select.com.tw//upload_files/fonlego-rwd/prodpic/D_c(35).jpg', 'https://cdn-front.mao-select.com.tw//upload_files/fonlego-rwd/prodpic/D_b(43).jpg'),
(224, '寵物拾便袋包 - 夾心餅乾', 'PURLAB', 2, 4, '<ul>\n  <li>小餅乾大容量 可存2捲</li>\n  <li>底部1.5cm 洞口 方便隨時抽取</li>\n  <li>優質登山扣 百搭掛法 方便出行</li>\n</ul>\n<p>材質 : 短毛絨、登山扣、尼龍繩</p>\n<p>尺寸 : 9.5x7.58x5cm</p>\n<p>繩長 : 100cm</p>\n<p>重量 : 35g</p>\n', 190, 171, 37, 26, '2023-07-20', 'https://cdn-front.mao-select.com.tw//upload_files/fonlego-rwd/prodpic/D_K2PLB140101-0.jpg', 'https://cdn-front.mao-select.com.tw//upload_files/fonlego-rwd/prodpic/D_a(356).jpg', 'https://cdn-front.mao-select.com.tw//upload_files/fonlego-rwd/prodpic/D_a(356).jpg', 'https://cdn-front.mao-select.com.tw//upload_files/fonlego-rwd/prodpic/D_K2PLB140101-0.jpg'),
(225, '摺疊矽膠隨行碗 (多色)', 'HiDREAM', 2, 4, '<ul>\n  <li>可折疊的寵物矽膠隨行碗</li>\n  <li>食用級別矽膠，無毒無異味</li>\n  <li>室內室外裝水裝糧，狗貓通用</li>\n</ul>\n<p>尺寸 : 15x10x6cm</p>\n<p>材質 : 矽膠</p>\n<p>重量 : 90g</p>', 150, 135, 69, 38, '2023-07-29', 'https://cdn-front.mao-select.com.tw//upload_files/fonlego-rwd/prodpic/D_墨綠.jpg', 'https://cdn-front.mao-select.com.tw//upload_files/fonlego-rwd/prodpic/D_a(346).jpg', 'https://cdn-front.mao-select.com.tw//upload_files/fonlego-rwd/prodpic/D_b(279).jpg', 'https://cdn-front.mao-select.com.tw//upload_files/fonlego-rwd/prodpic/D_墨綠.jpg'),
(226, '寵物外出雙肩背包 (兩色)', 'HiDREAM', 2, 4, '<ul>\n  <li>可容納7公斤內小可愛</li>\n  <li>可拓展為超大帳篷 輕鬆容納兩隻貓咪</li>\n  <li>通風跟隱密性都兼得</li>\n  <li>正側面大開口 進出超簡單</li>\n  <li>折疊後僅僅10cm厚</li>\n</ul>\n<p>尺寸 : 360x260x430mm</p>\n<p>拓展後帳篷尺寸 : 360x630x430mm</p>\n<p>重量 : 1950g</p>\n<p>材質 : 600D牛津布</p>\n<p>建議體重 : 7kg內</p>\n', 1650, 1485, 81, 7, '2023-08-08', 'https://cdn-front.mao-select.com.tw//upload_files/fonlego-rwd/prodpic/D_灰(5).jpg', 'https://cdn-front.mao-select.com.tw//upload_files/fonlego-rwd/prodpic/D_灰(5).jpg', 'https://cdn-front.mao-select.com.tw//upload_files/fonlego-rwd/prodpic/D_灰(5).jpg', 'https://cdn-front.mao-select.com.tw//upload_files/fonlego-rwd/prodpic/D_灰(5).jpg'),
(227, '寵物便攜斜挎包 - 全棉款', 'HiDREAM', 2, 4, '<ul>\n  <li>攜寵出行 久背不累</li>\n  <li>騎車開車都可使用</li>\n  <li>增加愛寵安全感</li>\n  <li>最大可容納7kg內小可愛</li>\n  <li>簡便口袋 可收納手機小物</li>\n</ul>\n<p>容量 : 7kg</p>\n<p>袋深 : 30cm</p>\n<p>肩帶總長度 : 75cm</p>\n<p>重量 : 330g</p>\n<p>肩帶可調節長度 : 15cm</p>\n<p>材質 : 羊毛混紡</p>\n<p>適用寵物 : 7kg內</p>\n<p>洗滌說明:</p>\n<ol>\n  <li>可輕柔手洗,避免大力搓洗</li>\n  <li>不可用含有漂白成分的洗滌劑或洗衣粉進行洗滌,以免造成脫色</li>\n  <li>避免長時間浸泡,與深色衣物分開洗滌,以免染色</li>\n  <li>洗滌脫水後陰涼處平整晾乾</li>\n</ol>\n', 650, 585, 91, 59, '2023-08-01', 'https://cdn-front.mao-select.com.tw//upload_files/fonlego-rwd/prodpic/D_黃(15).jpg', 'https://cdn-front.mao-select.com.tw//upload_files/fonlego-rwd/prodpic/D_a(348).jpg', 'https://cdn-front.mao-select.com.tw//upload_files/fonlego-rwd/prodpic/D_b(281).jpg', 'https://cdn-front.mao-select.com.tw//upload_files/fonlego-rwd/prodpic/D_a(348).jpg'),
(228, '寵物兩用窩墊 - 溫暖微笑花', 'PETHROOM', 2, 6, '<ul>\n  <li>柔軟舒適 親膚面料</li>\n  <li>大面積想怎麼躺就怎麼躺</li>\n  <li>內置扣子設計 可開可合隨心所變</li>\n  <li>內墊可分離外罩和內芯 方便獨立洗滌</li>\n  <li>底部配有防滑設計 睡得更安心</li>\n</ul>\n<p>尺寸 : 550 x 80 mm</p>\n<p>材質：聚酯纖維</p>\n<p>使用注意事項：</p>\n<ul>\n  <li>不要放重物或用力過猛</li>\n  <li>注意火器</li>\n  <li>禁止用途以外使用</li>\n  <li>污染部位請立即用柔軟的布或溼巾擦拭</li>\n  <li>根據測量位置的不同，產品的尺寸可能會有誤差</li>\n  <li>產品顏色根據顯示器的規格，可能與實際產品有差異</li>\n  <li>建議在溫水中使用中性洗滌劑，在手洗或乾燥的狀態下噴灑烘焙蘇打後抖落的乾式洗滌</li>\n  <li>使用洗衣機時可能會損傷氣墊形態和面料</li>\n  <li>千萬不要使用乾燥機</li>\n  <li>晾乾後用手展開，弄出形狀</li>\n  <li>襯墊是棉和蓋分開的，請參考後單獨洗滌', 1450, 1305, 5, 12, '2023-08-10', 'https://cdn-front.mao-select.com.tw//upload_files/fonlego-rwd/prodpic/D_A1PTR180101-規格.jpg', 'https://cdn-front.mao-select.com.tw//upload_files/fonlego-rwd/prodpic/D_A1PTR180101-a.jpg', 'https://cdn-front.mao-select.com.tw//upload_files/fonlego-rwd/prodpic/D_A1PTR180101-b.jpg', 'https://cdn-front.mao-select.com.tw//upload_files/fonlego-rwd/prodpic/D_A1PTR180101-a.jpg'),
(229, '軟呼呼寵物窩墊 (兩色)', 'HiDREAM', 2, 6, '<ul>\n  <li>充足空間 30公斤都可任意打滾</li>\n  <li>厚度15cm 深陷其中的安全感</li>\n  <li>高回彈海綿支撐 分散頸部壓力</li>\n  <li>不掉毛 不起毛球 對皮膚零刺激</li>\n  <li>可任意拆卸清洗</li>\n  <li>經典格紋撞色</li>\n</ul>\n<p>尺寸 : 72x50x10cm (M號)</p>\n<p>材質 : 珊瑚絨、無紡布、海綿</p>\n<p>建議體重 : 30kg以內寵物</p>', 990, 891, 27, 81, '2023-08-12', 'https://cdn-front.mao-select.com.tw//upload_files/fonlego-rwd/prodpic/D_率(6).jpg', 'https://cdn-front.mao-select.com.tw//upload_files/fonlego-rwd/prodpic/D_a(341).jpg', 'https://cdn-front.mao-select.com.tw//upload_files/fonlego-rwd/prodpic/D_b(275).jpg', 'https://cdn-front.mao-select.com.tw//upload_files/fonlego-rwd/prodpic/D_b(275).jpg'),
(230, '寵物防滑地墊 加厚版 (多色)', 'mao&kou', 2, 6, '<ul>\n  <li>吸附式防滑 拼接地墊</li>\n  <li>輕鬆打理 自由剪裁</li>\n  <li>自由拼接 溫馨住家</li>\n  <li>鋪設方便 免膠免施工</li>\n  <li>甄選用料觸感舒適</li>\n</ul>\n<p>厚度：4.5mm</p>\n', 22, 20, 76, 47, '2023-07-17', 'https://cdn-front.mao-select.com.tw//upload_files/fonlego-rwd/prodpic/D_米白(5).jpg', 'https://cdn-front.mao-select.com.tw//upload_files/fonlego-rwd/prodpic/D_A(74).jpg', 'https://cdn-front.mao-select.com.tw//upload_files/fonlego-rwd/prodpic/D_B(74).jpg', 'https://cdn-front.mao-select.com.tw//upload_files/fonlego-rwd/prodpic/D_B(74).jpg'),
(231, '寵物帳篷 - 黃', 'zeze', 2, 6, '<ul>\n  <li>超大空間 翻滾無壓力</li>\n  <li>半封閉式設計 安全隱蔽</li>\n  <li>優質實木支架 可拆洗設計</li>\n  <li>方便整理 易拆易收納</li>\n</ul>\n<p>材質：實木、斜紋棉布</p>\n<p>尺寸：60x60x78cm</p>\n<p>避免高溫洗滌與陽光曝曬</p>\n<p>定期清洗內墊，減少細菌滋生</p>\n', 790, 711, 68, 29, '2023-08-02', 'https://cdn-front.mao-select.com.tw//upload_files/fonlego-rwd/prodpic/D_0(93).jpg', 'https://cdn-front.mao-select.com.tw//upload_files/fonlego-rwd/prodpic/D_a(252).jpg', 'https://cdn-front.mao-select.com.tw//upload_files/fonlego-rwd/prodpic/D_b(214).jpg', 'https://cdn-front.mao-select.com.tw//upload_files/fonlego-rwd/prodpic/D_b(214).jpg'),
(232, '寵物冒險家睡墊 (兩色)', 'PABU', 2, 6, '<ul>\n  <li>採用防潮皮膜外套</li>\n  <li>可拆卸內膽式設計</li>\n  <li>完美貼合愛寵的枕頭</li>\n  <li>墊子上可固定枕頭</li>\n  <li>耐磨性強 隨意玩耍</li>\n  <li>空氣纖維芯材透氣透水</li>\n</ul>\n<p>尺寸：45x60cm</p>\n<p>重量：950g</p>\n', 990, 891, 49, 93, '2023-07-19', 'https://cdn-front.mao-select.com.tw//upload_files/fonlego-rwd/prodpic/D_A1PAB080101-green.jpg', 'https://cdn-front.mao-select.com.tw//upload_files/fonlego-rwd/prodpic/D_a(248).jpg', 'https://cdn-front.mao-select.com.tw//upload_files/fonlego-rwd/prodpic/D_c(158).jpg', 'https://cdn-front.mao-select.com.tw//upload_files/fonlego-rwd/prodpic/D_c(158).jpg'),
(233, '巨無霸軟絨寵物窩', 'WULEE', 2, 6, '<ul>\n  <li>大面積想怎麼躺就怎麼躺</li>\n  <li>立體造型 底部防滑</li>\n  <li>舒適面料 加厚填充</li>\n</ul>\n<p>材質：毛絨布料、PP棉</p>\n<p>尺寸：<br>大：76x76 cm<br>特大：90x90 cm</p>\n', 1590, 1431, 58, 61, '2023-08-03', 'https://cdn-front.mao-select.com.tw//upload_files/fonlego-rwd/prodpic/D_A1WL080401-0.jpg', 'https://cdn-front.mao-select.com.tw//upload_files/fonlego-rwd/prodpic/D_A1WL080401-a(3).jpg', 'https://cdn-front.mao-select.com.tw//upload_files/fonlego-rwd/prodpic/D_A1WL080401-0.jpg', 'https://cdn-front.mao-select.com.tw//upload_files/fonlego-rwd/prodpic/D_A1WL080401-a(3).jpg'),
(234, '雪尼爾繩絨編織寵物墊', 'inFluffy', 2, 6, '<ul>\n  <li>手工製作 溫柔細膩</li>\n  <li>親膚面料 柔軟舒適</li>\n  <li>大直徑適合各種體型毛孩子</li>\n</ul>\n<p>材質：聚酯纖維</p>\n<p>尺寸：<br>M：40x40x4.5cm<br>L：60x60x4.5cm</p>\n<p>清潔方式：手洗或乾洗，可低溫烘乾</p>\n', 300, 270, 22, 76, '2023-07-23', 'https://cdn-front.mao-select.com.tw//upload_files/fonlego-rwd/prodpic/D_A1IFF080401-0.jpg', 'https://cdn-front.mao-select.com.tw//upload_files/fonlego-rwd/prodpic/D_a(243).jpg', 'https://cdn-front.mao-select.com.tw//upload_files/fonlego-rwd/prodpic/D_c(155).jpg', 'https://cdn-front.mao-select.com.tw//upload_files/fonlego-rwd/prodpic/D_a(243).jpg'),
(235, '迷你投影機', 'BITE ME', 2, 6, '<p>在特別的日子裡和軟糖小熊一起留下美好的回憶吧!!</p>\n<p>超迷你的尺寸，隨身攜帶方便。</p>\n<p>三種底片可替換拍攝背景，有「謝謝你成為我的家人」、「生日快樂!」、「聖誕快樂!」</p>\n<p>小道具～ 讓派對滿滿的儀式感。</p>\n<p>不管是開派對還是特別日子，絕對是必備的拍照用品。</p>\n<p>材質：ABS塑料</p>\n<p>尺寸：6.3 X 6.5 X 2 cm</p>\n<p>重量：28g(不包含電池)</p>\n<p>出口國：Korea</p>\n<p>產地：China</p>\n<p>請勿使用於建議用途以外的地方</p>\n<p>遠離潮濕處及火源</p>\n<p>請放置在寵物及小孩拿不到的地方</p>\n<p>請勿將投影機的燈光近距離直射人或寵物的眼睛</p>\n<p>產品摔落地面或遭受重擊皆會造成損壞</p>\n<p>根據產品測量的方法及位置等因素會有1-2公分誤差</p>\n<p>根據螢幕種類、解析度和光線的差異，實際產品與圖片可能會有些許的色差</p>\n<p>使用附贈的膠帶時，可能會留下痕跡或不好撕下，請小心黏貼</p>\n<p>由於產品製造和包裝過程中可能出現的小刮痕', 220, 198, 84, 27, '2023-08-01', 'https://cdn-front.mao-select.com.tw//upload_files/fonlego-rwd/prodpic/D_A1BM250101-0.jpg', 'https://cdn-front.mao-select.com.tw//upload_files/fonlego-rwd/prodpic/D_a(361).jpg', 'https://cdn-front.mao-select.com.tw//upload_files/fonlego-rwd/prodpic/D_b(289).jpg', 'https://cdn-front.mao-select.com.tw//upload_files/fonlego-rwd/prodpic/D_a(361).jpg'),
(236, '莫斯特波浪睡墊 (多色)', 'PABU', 2, 6, '<ul>\n    <li>均無附小枕頭 商品圖僅供參考</li>\n    <li>深度入眠 享受每一覺</li>\n    <li>料採高級的法蘭絨 親膚面料呵護牠</li>\n    <li>高品質羽絨棉 棉花般軟彈</li>\n    <li>寬敞的大床 自由舒睡</li>\n</ul>\n<p>尺寸 : 68x52cm</p>\n', 690, 621, 9, 33, '2023-07-02', 'https://cdn-front.mao-select.com.tw//upload_files/fonlego-rwd/prodpic/D_A1PAB080201-粉綠.jpg', 'https://cdn-front.mao-select.com.tw//upload_files/fonlego-rwd/prodpic/D_A1PAB080201-a.jpg', 'https://cdn-front.mao-select.com.tw//upload_files/fonlego-rwd/prodpic/D_A1PAB080201-b.jpg', 'https://cdn-front.mao-select.com.tw//upload_files/fonlego-rwd/prodpic/D_A1PAB080201-b.jpg'),
(237, '抱抱寵物床 (多款)', 'zeze', 2, 6, '<ul>\n    <li>最輕柔舒適的短毛絨</li>\n    <li>加高設計 安全感十足</li>\n    <li>用最溫暖的擁抱愛寵</li>\n    <li>底部防滑設計</li>\n</ul>\n<p>材質 : 短毛絨、聚酯纖維</p>\n<p>Good - 藍 : 52x52x30cm</p>\n<p>OK - 綠 : 55x60x30cm</p>\n<p>Thanks - 白 : 54x68x24cm</p>\n', 1090, 981, 44, 70, '2023-07-30', 'https://cdn-front.mao-select.com.tw//upload_files/fonlego-rwd/prodpic/D_A1ZE080801-good.jpg', 'https://cdn-front.mao-select.com.tw//upload_files/fonlego-rwd/prodpic/D_a(232).jpg', 'https://cdn-front.mao-select.com.tw//upload_files/fonlego-rwd/prodpic/D_b(196).jpg', 'https://cdn-front.mao-select.com.tw//upload_files/fonlego-rwd/prodpic/D_b(196).jpg'),
(238, '沙發貓窩 (多色)', 'MewooFun', 2, 6, '<ul>\n    <li>精緻慵懶 坐享自在</li>\n    <li>懸浮式雲朶體驗</li>\n    <li>蓬鬆柔軟可依靠</li>\n    <li>可拆卸 易淸洗易打理</li>\n    <li>底部滴膠顆粒防滑</li>\n</ul>\n<p>尺寸 : 45x37x33cm</p>\n<p>成份 : 荷蘭絨</p>\n<p>重量 : 0.9kg</p>\n', 780, 702, 74, 85, '2023-08-05', 'https://cdn-front.mao-select.com.tw//upload_files/fonlego-rwd/prodpic/D_米白(4).jpg', 'https://cdn-front.mao-select.com.tw//upload_files/fonlego-rwd/prodpic/D_A(68).jpg', 'https://cdn-front.mao-select.com.tw//upload_files/fonlego-rwd/prodpic/D_B(67).jpg', 'https://cdn-front.mao-select.com.tw//upload_files/fonlego-rwd/prodpic/D_B(67).jpg'),
(239, '有線電視機貓窩', 'MewooFun', 2, 6, '<ul>\n    <li>復古放映機造型 妝點你的生活</li>\n    <li>無線逗貓棒 輕鬆回彈隨拆隨換</li>\n    <li>木質多層夾板櫃腿 安全穩固</li>\n    <li>優質五金 造型美觀更耐用</li>\n</ul>\n<p>材質 : 貼皮密度板、木質多層夾板、304不銹鋼五金</p>\n<p>尺寸 : 458x290x783mm</p>\n<p>重量 : 6kg</p>\n<p>適用10kg以內的貓寶</p>\n', 2030, 1827, 1, 2, '2023-08-05', 'https://cdn-front.mao-select.com.tw//upload_files/fonlego-rwd/prodpic/D_E(12).jpg', 'https://cdn-front.mao-select.com.tw//upload_files/fonlego-rwd/prodpic/D_A(67).jpg', 'https://cdn-front.mao-select.com.tw//upload_files/fonlego-rwd/prodpic/D_B(66).jpg', 'https://cdn-front.mao-select.com.tw//upload_files/fonlego-rwd/prodpic/D_B(66).jpg'),
(240, '小雞毛絨睡墊', 'PURROOM', 2, 6, '<ul>\n    <li>可愛小雞陪過冬</li>\n    <li>舒適仿兔毛 柔軟保暖</li>\n    <li>全拆洗設計 輕鬆水洗</li>\n    <li>底部防滑顆粒 不易移動</li>\n</ul>\n<p>尺寸 : 50x50x4cm</p>\n<p>材質 : 仿兔毛、超柔絨、海綿、PP棉</p>\n<p>寵物窩墊屬於易燃物品，請注意遠離火源</p>\n<p>請勿將寵物窩墊放置於潮濕環境中，以防浸水受潮</p>\n', 390, 351, 65, 95, '2023-08-09', 'https://cdn-front.mao-select.com.tw//upload_files/fonlego-rwd/prodpic/D_A1PM080301-0.jpg', 'https://cdn-front.mao-select.com.tw//upload_files/fonlego-rwd/prodpic/D_a(224).jpg', 'https://cdn-front.mao-select.com.tw//upload_files/fonlego-rwd/prodpic/D_b(188).jpg', 'https://cdn-front.mao-select.com.tw//upload_files/fonlego-rwd/prodpic/D_A1PM080301-0.jpg'),
(241, '浴缸造型寵物窩', 'PURLAB', 2, 6, '<ul>\n    <li>花灑逗貓棒 自助逗貓</li>\n    <li>逗貓棒可整根取出 自由揮舞</li>\n    <li>高回彈海綿 大大浴缸好好躺</li>\n    <li>有頭巾又有浴巾 沈浸式泡澡</li>\n    <li>蓬蓬內墊 可拆卸清洗</li>\n    <li>贈發聲小鴨玩具*1</li>\n</ul>\n<p>尺寸 : 380x540x180mm</p>\n<p>重量 : 700g</p>\n<p>材質 : 短毛絨、PP棉、海綿</p>\n<p>浴缸運輸需折疊，需要一定的回彈時間，請等待它變圓圓</p>\n<p>如需清洗請輕柔手洗，請勿曝曬</p>\n<p>水花不玩請拆卸收納，避免毛孩誤食</p>\n', 990, 891, 47, 45, '2023-07-03', 'https://cdn-front.mao-select.com.tw//upload_files/fonlego-rwd/prodpic/D_A1PLB081001-0.jpg', 'https://cdn-front.mao-select.com.tw//upload_files/fonlego-rwd/prodpic/D_a(233).jpg', 'https://cdn-front.mao-select.com.tw//upload_files/fonlego-rwd/prodpic/D_b(197).jpg', 'https://cdn-front.mao-select.com.tw//upload_files/fonlego-rwd/prodpic/D_b(197).jpg'),
(242, '慕斯毛絨貓爬架', 'mao&kou', 2, 6, '<ul>\n    <li>絨布包裹 柔軟舒適</li>\n    <li>黃麻繩纏繞 堅固耐抓</li>\n    <li>純色短毛絨包裹 親膚又舒適</li>\n    <li>結構穩定不容易晃動</li>\n    <li>貓咪可以自由跳動</li>\n</ul>\n<p>尺寸 : MS4 400x439x480mm 、MS5 479x400x636mm</p>\n<p>重量 : MS4 4kg 、MS5 4.5kg</p>\n', 790, 711, 87, 99, '2023-07-26', 'https://cdn-front.mao-select.com.tw//upload_files/fonlego-rwd/prodpic/D_ms4.jpg', 'https://cdn-front.mao-select.com.tw//upload_files/fonlego-rwd/prodpic/D_a(229).jpg', 'https://cdn-front.mao-select.com.tw//upload_files/fonlego-rwd/prodpic/D_b(192).jpg', 'https://cdn-front.mao-select.com.tw//upload_files/fonlego-rwd/prodpic/D_b(192).jpg'),
(243, '多層簡約貓爬架', 'inFluffy', 2, 6, '<ul>\n    <li>簡約設計 完美融入居家</li>\n    <li>不佔空間 想放哪就放哪</li>\n    <li>天然麻繩 磨爪不掉屑</li>\n    <li>進口紐西蘭松木製成</li>\n    <li>安裝簡單 一人搞定</li>\n</ul>\n<p>尺寸 : 512x512x1100mm</p>\n<p>重量 : 4.8kg</p>\n<p>材質 : 紐西蘭松木</p>\n<p>設計承重量僅足夠貓咪使用，請勿作為凳子或其他用途</p>\n<p>不合適尚未有跳躍能力的幼猫或任何跳躍能力較弱的猫</p>\n<p>不可曝曬</p>\n<p>不能靠高溫及火源</p>\n<p>不能放置在潮濕環境</p>\n<p>不能使用高酸性清潔液擦拭</p>\n', 3790, 3411, 94, 77, '2023-07-26', 'https://cdn-front.mao-select.com.tw//upload_files/fonlego-rwd/prodpic/D_0(89).jpg', 'https://cdn-front.mao-select.com.tw//upload_files/fonlego-rwd/prodpic/D_a(207).jpg', 'https://cdn-front.mao-select.com.tw//upload_files/fonlego-rwd/prodpic/D_b(172).jpg', 'https://cdn-front.mao-select.com.tw//upload_files/fonlego-rwd/prodpic/D_a(207).jpg'),
(244, '寵物豆袋窩', 'inFluffy', 2, 6, '<ul>\n    <li>尺寸剛好適合寵物休息玩耍</li>\n    <li>燈芯絨面料 柔軟舒適</li>\n    <li>外套可拆卸清洗</li>\n</ul>\n<p>尺寸 : 500x500x250mm</p>\n<p>面料 : 滌綸、氨綸</p>\n<p>填充物 : 聚苯乙烯</p>\n<p>1.不可機洗，可使用低溫水手洗清潔</p>\n<p>2.內墊不宜水洗</p>\n<p>3.乾燥陰涼處保存</p>\n', 1190, 1071, 99, 9, '2023-08-11', 'https://cdn-front.mao-select.com.tw//upload_files/fonlego-rwd/prodpic/D_A1IFF080201-d(1).jpg', 'https://cdn-front.mao-select.com.tw//upload_files/fonlego-rwd/prodpic/D_A1IFF080201-a.jpg', 'https://cdn-front.mao-select.com.tw//upload_files/fonlego-rwd/prodpic/D_A1IFF080201-b.jpg', 'https://cdn-front.mao-select.com.tw//upload_files/fonlego-rwd/prodpic/D_A1IFF080201-a.jpg'),
(245, '四季寵物窩', 'meoof', 2, 6, '<ul>\n    <li>水曲柳多層實木高溫熱壓蠻曲成型</li>\n    <li>可作貓窩、茶几、椅子使用</li>\n    <li>圓角設計 防止磕碰</li>\n    <li>多種趣味玩法</li>\n</ul>\n<p>材質：水曲柳、高彈海綿、高密棉麻</p>\n<p>尺寸：40x40x40cm</p>\n<p>重量：7.35kg</p>\n', 5900, 5310, 25, 62, '2023-08-06', 'https://cdn-front.mao-select.com.tw//upload_files/fonlego-rwd/prodpic/D_A1MF080401-0.jpg', 'https://cdn-front.mao-select.com.tw//upload_files/fonlego-rwd/prodpic/D_A1MF080401-d.jpg', 'https://cdn-front.mao-select.com.tw//upload_files/fonlego-rwd/prodpic/D_A1MF080401-b.jpg', 'https://cdn-front.mao-select.com.tw//upload_files/fonlego-rwd/prodpic/D_A1MF080401-b.jpg'),
(246, '時光塔貓爬架', 'meoof', 2, 6, '<ul>\n    <li>半封閉式結構 打造靜謐舒適的空間</li>\n    <li>簡約造型 高級典雅的配色</li>\n    <li>重執空間 好躲好爬不佔空間</li>\n    <li>穩固底座不晃動</li>\n    <li>高密度織布 透氣、耐磨、又抗皺</li>\n    <li>融入溫暖寧靜的家居氛圍</li>\n    <li>可折疊 輕鬆收納</li>\n    <li>國際品質 環保安心</li>\n</ul>\n<p>尺寸：40x40x130cm</p>\n<p>重量：12kg</p>\n<p>材質：聚脂纖維、水曲柳、中纖板、多層板</p>\n', 6990, 6291, 11, 84, '2023-08-08', 'https://cdn-front.mao-select.com.tw//upload_files/fonlego-rwd/prodpic/D_M3MF120101-0.jpg', 'https://cdn-front.mao-select.com.tw//upload_files/fonlego-rwd/prodpic/D_a(272).jpg', 'https://cdn-front.mao-select.com.tw//upload_files/fonlego-rwd/prodpic/D_M3MF120101-0.jpg', 'https://cdn-front.mao-select.com.tw//upload_files/fonlego-rwd/prodpic/D_a(272).jpg'),
(247, '拼色圈圈絨軟墊 (兩款)', 'life', 2, 6, '<ul>\n    <li>筷絨技術質感厚實</li>\n    <li>絨毛緊密，收邊精緻</li>\n    <li>TPR防滑底，不易打滑</li>\n</ul>\n<p>材質：聚酯纖維、TPR熱塑防滑底</p>\n<p>尺寸：方形 40x40cm、圓形 40x40cm</p>\n', 380, 342, 34, 71, '2023-07-08', 'https://cdn-front.mao-select.com.tw//upload_files/fonlego-rwd/prodpic/D_DE3PIL011101-%E6%96%B9%E5%BD%A2%20%E5%92%961.jpg', 'https://cdn-front.mao-select.com.tw//upload_files/fonlego-rwd/prodpic/D_DE3PIL011101-a.jpg', 'https://cdn-front.mao-select.com.tw//upload_files/fonlego-rwd/prodpic/D_DE3PIL011101-%E6%96%B9%E5%BD%A2%20%E5%92%961.jpg', 'https://cdn-front.mao-select.com.tw//upload_files/fonlego-rwd/prodpic/D_DE3PIL011101-a.jpg'),
(248, '手持軟膠逗貓棒', 'pidan', 2, 5, '<ul>\n    <li>碳纖維前桿 採用堅固的高分子結合工藝</li>\n    <li>保證強度 不易變形</li>\n    <li>荷木手柄 不含化學塗料</li>\n    <li>精心拋光研磨打造 手感舒適</li>\n    <li>鵝毛配件採用手工水染工藝 不含化工染料</li>\n    <li>配件種類多 只需更換前端 自由搭配</li>\n</ul>\n<p>尺寸 : 2.7x2.7x60cm</p>\n<p>重量：60g</p>\n<p>材質 : 尼龍、TPU、鵝毛、鋁合金</p>\n', 290, 261, 54, 43, '2023-07-11', 'https://cdn-front.mao-select.com.tw//upload_files/fonlego-rwd/prodpic/D_M04PD57105(2).jpg', 'https://cdn-front.mao-select.com.tw//upload_files/fonlego-rwd/prodpic/D_M04PD57101a.jpg', 'https://cdn-front.mao-select.com.tw//upload_files/fonlego-rwd/prodpic/D_M04PD57101b.jpg', 'https://cdn-front.mao-select.com.tw//upload_files/fonlego-rwd/prodpic/D_M04PD57101b.jpg'),
(249, '小怪獸毛絨玩具系列 (多款)', 'pidan', 2, 5, '<p>來自神秘星系“pidan-109”的小怪獸</p>\n<ul>\n    <li>內含貓薄荷膠片 正常水洗也不會讓氣味失效</li>\n    <li>可長久使用的貓咪玩具新選擇</li>\n    <li>愛寵從小到大的忠實玩伴</li>\n</ul>\n<p>材質 : 聚酯纖維</p>\n<p>適用對象 : 貓</p>\n<p>可水洗</p>\n<p>清潔後可放置晾乾 避免曝曬</p>\n<p>避免使用非中性的清潔劑 以免腐蝕掉色</p>\n', 170, 153, 16, 36, '2023-08-09', 'https://cdn-front.mao-select.com.tw//upload_files/fonlego-rwd/prodpic/D_胖浮浮.jpg', 'https://cdn-front.mao-select.com.tw//upload_files/fonlego-rwd/prodpic/D_官网主图模版1_画板-1-副本-104.jpg', 'https://cdn-front.mao-select.com.tw//upload_files/fonlego-rwd/prodpic/D_官网主图模版1_画板-1-副本-105(1).jpg', 'https://cdn-front.mao-select.com.tw//upload_files/fonlego-rwd/prodpic/D_官网主图模版1_画板-1-副本-104.jpg'),
(250, '貓爪激光逗貓器 (兩款)', 'Pipaws', 2, 5, '<ul>\n    <li>指套式設計 內置電池</li>\n    <li>秒變喵星人 萌趣造型</li>\n    <li>懶人逗貓 輕鬆陪玩</li>\n</ul>\n<p>額定輸入 : 5V1A</p>\n<p>出光功率 : 小於1mW</p>\n<p>電池容量 : 200毫安</p>\n<p>充電接口 : Type-C</p>\n', 350, 315, 38, 67, '2023-08-08', 'https://cdn-front.mao-select.com.tw//upload_files/fonlego-rwd/prodpic/D_M3PP170101-0.jpg', 'https://cdn-front.mao-select.com.tw//upload_files/fonlego-rwd/prodpic/D_M3PP170101-d.jpg', 'https://cdn-front.mao-select.com.tw//upload_files/fonlego-rwd/prodpic/D_M3PP170101-a(1).jpg', 'https://cdn-front.mao-select.com.tw//upload_files/fonlego-rwd/prodpic/D_M3PP170101-d.jpg'),
(251, '伸縮款逗貓棒 - 小雞羽毛', 'PURROOM', 2, 5, '<ul>\n    <li>三節伸縮碳纖桿 韌性好不易斷</li>\n    <li>最大桿長96cm</li>\n    <li>毛氈布+羽毛 手感輕盈</li>\n    <li>透明釣魚線 堅韌難咬斷</li>\n    <li>微彈手柄 抓握舒適</li>\n    <li>套裝含1支釣竿、2個替換頭</li>\n</ul>\n<p>材質 : 毛氈、羽毛、纖維桿</p>\n<p>尺寸 : 伸縮桿長36-96cm / 釣魚線長50cm / 替換頭長約8cm</p>\n<p>寵物玩具屬於易燃品,請注意遠離火源</p>\n<p>請勿將寵物玩具放置於潮濕環境中,以防浸水受潮</p>\n', 190, 171, 7, 46, '2023-08-05', 'https://cdn-front.mao-select.com.tw//upload_files/fonlego-rwd/prodpic/D_M3PM170401-0.jpg', 'https://cdn-front.mao-select.com.tw//upload_files/fonlego-rwd/prodpic/D_主图-01.jpg', 'https://cdn-front.mao-select.com.tw//upload_files/fonlego-rwd/prodpic/D_主图-03.jpg', 'https://cdn-front.mao-select.com.tw//upload_files/fonlego-rwd/prodpic/D_主图-03.jpg'),
(252, '智能小魔球', 'Homerunpet 霍曼', 2, 5, '<ul>\n    <li>懶人必備的智能陪伴逗寵物小球</li>\n    <li>一鍵開啟 簡單操作</li>\n    <li>自動休眠 觸碰即喚醒不耗電</li>\n    <li>內置紅點激光搭配鈴鐺尾巴</li>\n    <li>遇障礙物自動轉向 360度無死角</li>\n</ul>\n<p>尺寸 : 72x72mm</p>\n<p>重量 : 120g</p>\n<p>材質 : 優質PC</p>\n<p>需備兩顆4號電池使用</p>\n', 550, 495, 55, 1, '2023-07-19', 'https://cdn-front.mao-select.com.tw//upload_files/fonlego-rwd/prodpic/D_M3HM170301(3).jpg', 'https://cdn-front.mao-select.com.tw//upload_files/fonlego-rwd/prodpic/D_M3HM170301a.jpg', 'https://cdn-front.mao-select.com.tw//upload_files/fonlego-rwd/prodpic/D_M3HM170301(3).jpg', 'https://cdn-front.mao-select.com.tw//upload_files/fonlego-rwd/prodpic/D_M3HM170301a.jpg'),
(253, '神奇動物逗貓棒 - 蹦迪兔', 'PURLAB', 2, 5, '<ul>\n    <li>兔子長長耳朵 晃阿晃</li>\n    <li>挑逗貓咪魔性狂舞</li>\n    <li>內置貓薄荷 更嗨一點</li>\n</ul>\n<p>材質 : 長毛絨、櫸木、鈴鐺、貓薄荷</p>\n<p>尺寸 : 40x7cm</p>\n<p>重量 : 55g</p>\n', 190, 171, 72, 87, '2023-07-29', 'https://cdn-front.mao-select.com.tw//upload_files/fonlego-rwd/prodpic/D_M3PLB171302-0.jpg', 'https://cdn-front.mao-select.com.tw//upload_files/fonlego-rwd/prodpic/D_M3PLB171302-a.jpg', 'https://cdn-front.mao-select.com.tw//upload_files/fonlego-rwd/prodpic/D_M3PLB171302-b.jpg', 'https://cdn-front.mao-select.com.tw//upload_files/fonlego-rwd/prodpic/D_M3PLB171302-0.jpg'),
(254, '神奇動物逗貓棒 - 蹦迪駝', 'PURLAB', 2, 5, '<ul>\n    <li>羊駝長長脖子 晃阿晃</li>\n    <li>挑逗貓咪魔性狂舞</li>\n    <li>內置貓薄荷 更嗨一點</li>\n</ul>\n<p>材質 : 短毛絨、櫸木、鈴鐺、貓薄荷</p>\n<p>尺寸 : 40x9cm</p>\n<p>重量 : 60g</p>\n', 190, 171, 46, 74, '2023-08-07', 'https://cdn-front.mao-select.com.tw//upload_files/fonlego-rwd/prodpic/D_0(91).jpg', 'https://cdn-front.mao-select.com.tw//upload_files/fonlego-rwd/prodpic/D_a(241).jpg', 'https://cdn-front.mao-select.com.tw//upload_files/fonlego-rwd/prodpic/D_b(205).jpg', 'https://cdn-front.mao-select.com.tw//upload_files/fonlego-rwd/prodpic/D_0(91).jpg'),
(255, '洞洞樂貓玩具 (兩色)', 'makesure', 2, 5, '<ul>\n    <li>這個我可以玩很久啦，有三種玩法</li>\n    <li>繽紛配色 萌趣可愛</li>\n    <li>底板可雙面使用 洞洞板與軌道球</li>\n    <li>三種玩法 多種變化</li>\n    <li>環保材質 玩樂安心</li>\n    <li>底部收納設計</li>\n</ul>\n', 490, 441, 71, 80, '2023-07-29', 'https://cdn-front.mao-select.com.tw//upload_files/fonlego-rwd/prodpic/D_粉紫色.jpg', 'https://cdn-front.mao-select.com.tw//upload_files/fonlego-rwd/prodpic/D_a(42).jpg', 'https://cdn-front.mao-select.com.tw//upload_files/fonlego-rwd/prodpic/D_b(34).jpg', 'https://cdn-front.mao-select.com.tw//upload_files/fonlego-rwd/prodpic/D_b(34).jpg'),
(256, '蹦迪鵝逗貓棒', 'PURLAB', 2, 5, '<p>在蹦迪嗨到天亮還沒醉</p>\n<ul>\n    <li>挑逗貓咪魔性狂舞</li>\n    <li>鵝肚鈴鐺遙遙</li>\n    <li>內置貓薄荷 更嗨一點</li>\n</ul>\n<p>尺寸：400x90mm</p>\n<p>材質：短毛絨 鈴鐺 貓薄荷 PP棉</p>\n', 190, 171, 83, 54, '2023-07-10', 'https://cdn-front.mao-select.com.tw//upload_files/fonlego-rwd/prodpic/D_%E8%B9%A6%E8%BF%AA%E9%B5%9D%E9%80%97%E8%B2%93%E6%A3%92%20-%20%E8%B9%A6%E8%BF%AA%E9%B5%9D.jpg', 'https://cdn-front.mao-select.com.tw//upload_files/fonlego-rwd/prodpic/D_A(12).jpg', 'https://cdn-front.mao-select.com.tw//upload_files/fonlego-rwd/prodpic/D_%E8%B9%A6%E8%BF%AA%E9%B5%9D%E9%80%97%E8%B2%93%E6%A3%92%20-%20%E8%B9%A6%E8%BF%AA%E9%B5%9D.jpg', 'https://cdn-front.mao-select.com.tw//upload_files/fonlego-rwd/prodpic/D_A(12).jpg'),
(257, '寵物藏食發聲玩具', 'PETHROOM', 2, 5, '<ul>\n  <li>回憶殺 復古的錄影帶設計</li>\n  <li>沙沙作響 用力撕咬也OK</li>\n  <li>貓貓也愛玩</li>\n  <li>尺寸：19x10cm</li>\n  <li>重量：78g</li>\n  <li>材質 : Polyester、PE、棉花</li>\n  <li>產品的顏色根據顯示器的規格，可能與實際產品有差異</li>\n  <li>尺寸根據測量方法和測量位置可能會有誤差</li>\n  <li>該產品是寵物玩具。 請勿在產品的基本用途以外使用</li>\n  <li>請勿避開火器、熱氣、高溫或靠近</li>\n  <li>爲了安全起見，請勿分解、破損，不要使用變形玩具</li>\n  <li>嚴重咬傷產品破損時，請注意不要讓寵物狗吞嚥內容物</li>\n  <li>因佩戴及使用商品痕跡導致商品損壞時，不可換貨/退款</li>\n  <li>在溫水中加入中性洗滌劑或寵物專用洗滌劑，建議手洗後自然乾燥</li>\n  <li>含有塑料附件（嗶嗶、嗶嗶塑料）的產品建議用冷水洗淨</li>\n  <li>根據洗滌溫度及洗滌劑不同，可能會掉色或易染，建議單獨洗滌</li>\n  ', 620, 558, 64, 37, '2023-07-31', 'https://cdn-front.mao-select.com.tw//upload_files/fonlego-rwd/prodpic/D_A1PTR170601-h.jpg', 'https://cdn-front.mao-select.com.tw//upload_files/fonlego-rwd/prodpic/D_A1PTR170601-a.jpg', 'https://cdn-front.mao-select.com.tw//upload_files/fonlego-rwd/prodpic/D_A1PTR170601-b.jpg', 'https://cdn-front.mao-select.com.tw//upload_files/fonlego-rwd/prodpic/D_A1PTR170601-b.jpg'),
(258, '逗貓玩具 - 龍蝦', 'PETHROOM', 2, 5, '<ul>\n  <li>可愛鈴鐺激發貓咪興趣引起貓咪注意</li>\n  <li>彈性高韌性強耐抓耐咬</li>\n  <li>多彩飄帶 自由逗貓 快樂拉滿</li>\n  <li>材質 : 滌綸、塑膠、不銹鋼</li>\n  <li>1.使用時請飼主陪同，不玩耍時請妥善放置避免誤食</li>\n  <li>2.本產品為消耗品，請定期更換</li>\n</ul>\n', 490, 441, 13, 35, '2023-08-09', 'https://cdn-front.mao-select.com.tw//upload_files/fonlego-rwd/prodpic/D_M3PTR170102-0.jpg', 'https://cdn-front.mao-select.com.tw//upload_files/fonlego-rwd/prodpic/D_a(366).jpg', 'https://cdn-front.mao-select.com.tw//upload_files/fonlego-rwd/prodpic/D_M3PTR170102-0.jpg', 'https://cdn-front.mao-select.com.tw//upload_files/fonlego-rwd/prodpic/D_a(366).jpg'),
(259, '木天蓼潔齒玩具 - 章魚燒', 'PURLAB', 2, 5, '<ul>\n  <li>高濃縮壓制木天蓼 聞就欲罷不能</li>\n  <li>貓薄荷雙倍吸引 讓喵的喜愛更久一點</li>\n  <li>內含舒鐺 圓滾滾可當球玩</li>\n  <li>材質 : 短毛絨、PP棉、木天蓼、鈴鐺</li>\n  <li>尺寸 : 8x8x8cm</li>\n  <li>重量 : 30g</li>\n</ul>\n', 130, 117, 40, 18, '2023-08-06', 'https://cdn-front.mao-select.com.tw//upload_files/fonlego-rwd/prodpic/D_M3PLB170805-0.jpg', 'https://cdn-front.mao-select.com.tw//upload_files/fonlego-rwd/prodpic/D_a(353).jpg', 'https://cdn-front.mao-select.com.tw//upload_files/fonlego-rwd/prodpic/D_M3PLB170805-0.jpg', 'https://cdn-front.mao-select.com.tw//upload_files/fonlego-rwd/prodpic/D_a(353).jpg'),
(260, '印地安人逗貓棒', 'PURLAB', 2, 5, '<ul>\n  <li>鈐鐺吸引 速來原始部落</li>\n  <li>蓬鬆羽冠輕鬆逗 讓喵跳起印地安舞</li>\n  <li>頭髮甩甩 喚醒貓咪捕獵野性</li>\n  <li>貓薄荷自然力量 提高小貓戰鬥力</li>\n  <li>材質 : 短毛絨、PVC、鈴鐺、貓薄荷羽毛</li>\n  <li>尺寸 : 38x6cm</li>\n  <li>重量 : 36g</li>\n</ul>\n', 190, 171, 86, 31, '2023-07-29', 'https://cdn-front.mao-select.com.tw//upload_files/fonlego-rwd/prodpic/D_M3PLB171401-0.jpg', 'https://cdn-front.mao-select.com.tw//upload_files/fonlego-rwd/prodpic/D_a(352).jpg', 'https://cdn-front.mao-select.com.tw//upload_files/fonlego-rwd/prodpic/D_M3PLB171401-0.jpg', 'https://cdn-front.mao-select.com.tw//upload_files/fonlego-rwd/prodpic/D_a(352).jpg'),
(261, '貓薄荷玩具 - 滅火器', 'PURLAB', 2, 5, '<ul>\n  <li>救火特工隊！貓薄荷羽毛玩具</li>\n  <li>小貓咪發火現場 準備搗蛋</li>\n  <li>內置鈴鐺 吸引小惡魔喵注意</li>\n  <li>含貓薄荷瞬間迷醉小貓咪</li>\n  <li>材質 : 短毛絨、PP棉、貓薄荷、鈴鐺、羽毛</li>\n  <li>尺寸 : 6.5x6.5x15cm</li>\n  <li>重量 : 40g</li>\n</ul>\n', 190, 171, 98, 96, '2023-08-05', 'https://cdn-front.mao-select.com.tw//upload_files/fonlego-rwd/prodpic/D_滅火器.jpg', 'https://cdn-front.mao-select.com.tw//upload_files/fonlego-rwd/prodpic/D_b(282).jpg', 'https://cdn-front.mao-select.com.tw//upload_files/fonlego-rwd/prodpic/D_滅火器.jpg', 'https://cdn-front.mao-select.com.tw//upload_files/fonlego-rwd/prodpic/D_b(282).jpg'),
(262, '貓薄荷玩具 - 爆炸小子', 'PURLAB', 2, 5, '<ul>\n  <li>救火特工隊！貓薄荷羽毛玩具</li>\n  <li>小貓咪發火現場 準備搗蛋</li>\n  <li>內置鈴鐺 吸引小惡魔喵注意</li>\n  <li>含貓薄荷瞬間迷醉小貓咪</li>\n  <li>材質 : 短毛絨、PP棉、貓薄荷、鈴鐺、羽毛</li>\n  <li>尺寸 : 9x9x9cm</li>\n  <li>重量 : 40g</li>\n</ul>\n', 190, 171, 51, 21, '2023-07-01', 'https://cdn-front.mao-select.com.tw//upload_files/fonlego-rwd/prodpic/D_爆炸小子.jpg', 'https://cdn-front.mao-select.com.tw//upload_files/fonlego-rwd/prodpic/D_a(347).jpg', 'https://cdn-front.mao-select.com.tw//upload_files/fonlego-rwd/prodpic/D_爆炸小子.jpg', 'https://cdn-front.mao-select.com.tw//upload_files/fonlego-rwd/prodpic/D_a(347).jpg'),
(263, '劍麻球貓玩具 - 豌豆', 'zeze', 2, 5, '<ul>\n  <li>圓滾滾的球 激發貓咪好動的天性</li>\n  <li>內置響石 晃動聲音吸引貓咪</li>\n  <li>獨特的外形設計 可愛俏皮</li>\n  <li>觸感舒適 貓咪快樂的磨爪爪</li>\n  <li>材質 : 水晶絨、麻繩、聚丙烯塑料</li>\n  <li>尺寸 : 20 x 6 x 7cm</li>\n</ul>\n', 195, 176, 23, 89, '2023-07-15', 'https://cdn-front.mao-select.com.tw//upload_files/fonlego-rwd/prodpic/D_M3ZE171301-0.jpg', 'https://cdn-front.mao-select.com.tw//upload_files/fonlego-rwd/prodpic/D_a(318).jpg', 'https://cdn-front.mao-select.com.tw//upload_files/fonlego-rwd/prodpic/D_b(262).jpg', 'https://cdn-front.mao-select.com.tw//upload_files/fonlego-rwd/prodpic/D_b(262).jpg'),
(264, '天蓼貓玩具 - 檸檬', 'zeze', 2, 5, '<ul>\n  <li>黃澄澄的一顆酸檸檬</li>\n  <li>木天蓼和貓薄荷雙重享受</li>\n  <li>紓解心情 貓貓自嗨解悶</li>\n</ul>\n\n<p>材質 : 短毛絨、木天蓼、聚酯纖維</p>\n<p>尺寸 : 8 x 5 x 17cm</p>\n', 150, 135, 29, 78, '2023-07-14', 'https://cdn-front.mao-select.com.tw//upload_files/fonlego-rwd/prodpic/D_M3ZE171201-0.jpg', 'https://cdn-front.mao-select.com.tw//upload_files/fonlego-rwd/prodpic/D_a(317).jpg', 'https://cdn-front.mao-select.com.tw//upload_files/fonlego-rwd/prodpic/D_b(261).jpg', 'https://cdn-front.mao-select.com.tw//upload_files/fonlego-rwd/prodpic/D_b(261).jpg'),
(265, '昆蟲逗貓棒 (多款)', 'LINSLINS', 2, 5, '<ul>\n  <li>舒鐺一晃就響，吸引貓咪注意力</li>\n  <li>亮片翅膀，激發貓咪本能</li>\n  <li>彈性十足，不易折斷</li>\n  <li>可伸縮的逗貓棒</li>\n  <li>可自由替換配件</li>\n</ul>\n\n<p>逗貓棒 - 蝶飛飛</p>\n<p>材質 : PET亮片、毛絨玻璃纖維丶EVA</p>\n<p>尺寸 : 97x12cm</p>\n\n<p>配件 - 小蜻蜓</p>\n<p>材質 : PET 亮片、毛絨</p>\n<p>尺寸 : 19x14cm</p>\n\n<p>配件 - 蟲爬爬</p>\n<p>材質 : PET 亮片、毛絨</p>\n<p>尺寸 : 21x2cm</p>\n\n<p>1.使用時請飼主陪同，不玩耍時請妥善放置避免誤食</p>\n<p>2.本產品為消耗品，請定期更換</p>\n', 150, 135, 62, 6, '2023-07-16', 'https://cdn-front.mao-select.com.tw//upload_files/fonlego-rwd/prodpic/D_M3LL171001-0.jpg', 'https://cdn-front.mao-select.com.tw//upload_files/fonlego-rwd/prodpic/D_a(297).jpg', 'https://cdn-front.mao-select.com.tw//upload_files/fonlego-rwd/prodpic/D_b(247).jpg', 'https://cdn-front.mao-select.com.tw//upload_files/fonlego-rwd/prodpic/D_b(247).jpg'),
(266, '磨牙愛心甜甜圈', 'kashima', 2, 5, '<ul>\n  <li>增進人寵感情 共同玩樂</li>\n  <li>天然材質 植物染色</li>\n  <li>手工編織 結實耐磨</li>\n  <li>立體設計 毛孩歡喜</li>\n  <li>釋放壓力 磨牙潔齒</li>\n</ul>\n\n<p>和寵物進行遊戲和互動時，合理安排時間，防止毛孩過累</p>\n<p>為了防止寵物受傷，請在家長監護下使用並定期為玩具進行清洗和消毒，玩具損壞後請即時更換處理</p>\n<p>此款為磨牙玩具，會編織的較結實</p>\n', 150, 135, 80, 63, '2023-08-07', 'https://cdn-front.mao-select.com.tw//upload_files/fonlego-rwd/prodpic/D_A1KS170116-0.jpg', 'https://cdn-front.mao-select.com.tw//upload_files/fonlego-rwd/prodpic/D_A1KS170103a.jpg', 'https://cdn-front.mao-select.com.tw//upload_files/fonlego-rwd/prodpic/D_A1KS170103b.jpg', 'https://cdn-front.mao-select.com.tw//upload_files/fonlego-rwd/prodpic/D_A1KS170103b.jpg'),
(267, '毛巾系列 (啾啾聲、嗅聞)', 'BITE ME', 2, 5, '<ul>\n  <li>藍色毛巾：</li>\n  <li>用啾啾聲來開啟一場演奏大會吧！</li>\n  <li>瘋狂喜歡啾啾聲玩具的朋友們，</li>\n  <li>藍色毛巾一口氣放入九個啾啾聲，讓你玩個盡興~</li>\n  <li>最後還追加了一條響紙沙沙聲。</li>\n  <li>使用低刺激魔鬼氈，將多個毛巾相互黏上，</li>\n  <li>還可以變成一個大型嗅聞玩具哦！</li>\n</ul>\n\n<ul>\n  <li>粉色毛巾：</li>\n  <li>第一屆嗅聞大會開始了~</li>\n  <li>粉色毛巾設計了不同的藏食口袋，</li>\n  <li>除了可以藏長型零食，還有棉布條可以藏，</li>\n  <li>讓寶貝享受一點點找尋的快樂。</li>\n  <li>最後還有四個口袋設計，可以一口氣藏超多零食的！</li>\n  <li>讓難易度UP！UP！</li>\n  <li>使用低刺激魔鬼氈，將多個毛巾相互黏上，</li>\n  <li>還可以變成一個大型嗅聞玩具哦！</li>\n</ul>\n\n<p>藍色毛巾材質：聚酯纖維、響紙、內置發聲器</p>\n<p>粉色毛巾材質：聚酯纖維</p>\n<p', 460, 414, 17, 49, '2023-07-22', 'https://cdn-front.mao-select.com.tw//upload_files/fonlego-rwd/prodpic/D_藍(9).jpg', 'https://cdn-front.mao-select.com.tw//upload_files/fonlego-rwd/prodpic/D_a(358).jpg', 'https://cdn-front.mao-select.com.tw//upload_files/fonlego-rwd/prodpic/D_b(286).jpg', 'https://cdn-front.mao-select.com.tw//upload_files/fonlego-rwd/prodpic/D_b(286).jpg'),
(268, '藏食發聲玩具 - My 洗衣書', 'BITE ME', 2, 5, '<ul>\n  <li>第四冊書本終於上市了 — My 洗衣書！</li>\n  <li>洗衣工作終於可以讓寶貝來分攤了~</li>\n</ul>\n\n<ul>\n  <li>➊ 洗衣精嗅聞布藏好零食，黏上低刺激性魔鬼氈增加困難度！</li>\n  <li>➋ 洗衣籃跟毛巾中可以藏長型的零食，不同零食增加寶貝的興趣。</li>\n  <li>➌ 洗衣機裡的可愛襪襪藏好零食，別忘了把洗衣門關起來，加強難度！</li>\n  <li>➍ 多種嗅聞口袋，滿足毛孩成就感，同時紓解寶貝的壓力哦。</li>\n</ul>\n\n<p>如果想讓寶貝能夠玩得更久更盡興，可以跟其他玩具書一起遊戲哦！</p>\n\n<p>材質 : 聚酯纖維、安全填充棉、內置發響器</p>\n<p>尺寸 : 15 x 15 cm</p>\n<p>出口國：Korea</p>\n<p>產地：China</p>\n\n<p>本玩具使用安全無害的織物專用黏著劑，第一次遊戲前，請先洗淨晾乾</p>\n<p>根據材質的特性上和製造方法的不同，產品間有可能產生1-2公分的誤差</p>\n<p>根據填充物材質上的特性，啾啾聲的大小可能會有些許的差異</p>\n<p>請拆除包裝後再', 840, 756, 20, 50, '2023-07-22', 'https://cdn-front.mao-select.com.tw//upload_files/fonlego-rwd/prodpic/D_A1BM170355-0.jpg', 'https://cdn-front.mao-select.com.tw//upload_files/fonlego-rwd/prodpic/D_a(359).jpg', 'https://cdn-front.mao-select.com.tw//upload_files/fonlego-rwd/prodpic/D_b(287).jpg', 'https://cdn-front.mao-select.com.tw//upload_files/fonlego-rwd/prodpic/D_b(287).jpg'),
(269, '貓體工學貓抓盒', 'PETHROOM', 2, 7, '<ul>\n  <li>切合貓體工學的貓抓盒</li>\n  <li>高質量瓦楞紙 環保且厚實</li>\n  <li>未使用粘合劑的摺疊貓抓板</li>\n</ul>\n\n<p>尺寸 : 45x45x18cm</p>\n', 1250, 1125, 31, 14, '2023-08-12', 'https://cdn-front.mao-select.com.tw//upload_files/fonlego-rwd/prodpic/D_M3PTR090101-0.jpg', 'https://cdn-front.mao-select.com.tw//upload_files/fonlego-rwd/prodpic/D_c(175).jpg', 'https://cdn-front.mao-select.com.tw//upload_files/fonlego-rwd/prodpic/D_b(227).jpg', 'https://cdn-front.mao-select.com.tw//upload_files/fonlego-rwd/prodpic/D_b(227).jpg'),
(270, '瓦楞紙貓抓板 - 鱷魚', 'PURLAB', 2, 7, '<ul>\n  <li>豎面伸展站著抓，更帶感</li>\n  <li>60CM加高立式，大貓也可站立</li>\n  <li>省空間隨處放，到處都是愛抓區域</li>\n  <li>隨時變大床，鱷魚嘴里大躺</li>\n  <li>高密度瓦楞紙，細密耐抓</li>\n</ul>\n\n<p>材質 : 高密度瓦愣紙</p>\n<p>尺寸 : 60x40x25cm</p>\n<p>重量 : 1.2kg</p>\n', 490, 441, 77, 4, '2023-07-18', 'https://cdn-front.mao-select.com.tw//upload_files/fonlego-rwd/prodpic/D_M3PLB090302-0(1).jpg', 'https://cdn-front.mao-select.com.tw//upload_files/fonlego-rwd/prodpic/D_a(357).jpg', 'https://cdn-front.mao-select.com.tw//upload_files/fonlego-rwd/prodpic/D_M3PLB090302-0(1).jpg', 'https://cdn-front.mao-select.com.tw//upload_files/fonlego-rwd/prodpic/D_a(357).jpg'),
(271, '幻想家經典貓抓板', 'KAMA MUTA', 2, 7, '<ul>\n  <li>0甲醛環保瓦愣紙製作</li>\n  <li>安全環保 自在呼吸</li>\n  <li>可睡可玩 一板多用</li>\n  <li>經典燙金與燙銀 蘊藏精緻</li>\n</ul>\n\n<p>尺寸 : 46x46x11cm</p>\n<p>重量 : 1.4kg</p>\n<p>材料 : 高密度瓦愣紙</p>\n', 650, 585, 66, 55, '2023-07-09', 'https://cdn-front.mao-select.com.tw//upload_files/fonlego-rwd/prodpic/D_M3KMA090101-鏡沙黑.jpg', 'https://cdn-front.mao-select.com.tw//upload_files/fonlego-rwd/prodpic/D_a(342).jpg', 'https://cdn-front.mao-select.com.tw//upload_files/fonlego-rwd/prodpic/D_b(276).jpg', 'https://cdn-front.mao-select.com.tw//upload_files/fonlego-rwd/prodpic/D_a(342).jpg'),
(272, '時空羅盤貓抓板', 'mao&kou', 2, 7, '<ul>\n  <li>耐磨耐抓 高密度紙</li>\n  <li>一板多用 可換內芯</li>\n  <li>食品級PP材質 防菌防潮</li>\n</ul>\n\n<p>尺寸 : 40x40x10cm</p>\n<p>材質 : PP樹脂</p>\n', 390, 351, 59, 92, '2023-08-05', 'https://cdn-front.mao-select.com.tw//upload_files/fonlego-rwd/prodpic/D_M3N090201-0.jpg', 'https://cdn-front.mao-select.com.tw//upload_files/fonlego-rwd/prodpic/D_M3N090201-a.jpg', 'https://cdn-front.mao-select.com.tw//upload_files/fonlego-rwd/prodpic/D_M3N090201-b.jpg', 'https://cdn-front.mao-select.com.tw//upload_files/fonlego-rwd/prodpic/D_M3N090201-a.jpg'),
(273, '抓板貓窩 - 立方盒', 'PURROOM', 2, 7, '<ul>\n  <li>上下可抓 立方盒貓抓板</li>\n  <li>高強度瓦愣紙</li>\n  <li>小洞口 享受捉迷藏的樂趣</li>\n  <li>內含兩塊貓抓板</li>\n</ul>\n\n<p>尺寸 : 32x32x32cm</p>\n<p>材質 : 高強度瓦愣紙</p>\n\n<p>貓抓板屬於易燃品,請注意遠離火源</p>\n<p>請勿將貓抓板放置於潮濕環境中,以防浸水發霉</p>\n<p>貓抓板屬於消耗品,請定期更換</p>\n', 350, 315, 28, 58, '2023-07-05', 'https://cdn-front.mao-select.com.tw//upload_files/fonlego-rwd/prodpic/D_M3PM090102-0.jpg', 'https://cdn-front.mao-select.com.tw//upload_files/fonlego-rwd/prodpic/D_a(350).jpg', 'https://cdn-front.mao-select.com.tw//upload_files/fonlego-rwd/prodpic/D_b(284).jpg', 'https://cdn-front.mao-select.com.tw//upload_files/fonlego-rwd/prodpic/D_b(284).jpg'),
(274, '小雞書立盒貓抓板', 'PURROOM', 2, 7, '<ul>\n  <li>高強度瓦愣紙製作</li>\n  <li>小雞造型可愛萌趣</li>\n  <li>三種模式 隨心調整</li>\n</ul>\n\n<p>尺寸 : 52x39x27cm</p>\n<p>材質 : 高密度瓦愣紙</p>\n\n<p>貓抓板屬於易燃品，請注意遠離火源</p>\n<p>請勿將貓抓板放置於潮濕環境中，以防浸水發霉</p>\n<p>貓抓板屬於消耗品，請定期更換</p>\n', 420, 378, 15, 69, '2023-07-06', 'https://cdn-front.mao-select.com.tw//upload_files/fonlego-rwd/prodpic/D_M3PM090206-0.jpg', 'https://cdn-front.mao-select.com.tw//upload_files/fonlego-rwd/prodpic/D_c(130).jpg', 'https://cdn-front.mao-select.com.tw//upload_files/fonlego-rwd/prodpic/D_b(177).jpg', 'https://cdn-front.mao-select.com.tw//upload_files/fonlego-rwd/prodpic/D_c(130).jpg'),
(275, '8字貓抓板 (可替換)', 'POPOCOLA', 2, 7, '<ul>\n  <li>附鈴球、貓薄荷 增添樂趣</li>\n  <li>耐磨耐抓 穩固安全</li>\n  <li>抓板可替換 更環保</li>\n</ul>\n\n<p>材質：優質瓦愣板、木材復合板</p>\n<p>尺寸：600X330X40mm</p>\n', 690, 621, 73, 66, '2023-08-10', 'https://cdn-front.mao-select.com.tw//upload_files/fonlego-rwd/prodpic/D_M3CO090201-規格1.jpg', 'https://cdn-front.mao-select.com.tw//upload_files/fonlego-rwd/prodpic/D_M3CO090201-b.jpg', 'https://cdn-front.mao-select.com.tw//upload_files/fonlego-rwd/prodpic/D_M3CO090201-a.jpg', 'https://cdn-front.mao-select.com.tw//upload_files/fonlego-rwd/prodpic/D_M3CO090201-b.jpg'),
(276, '貓抓板窩 (可替換)', 'POPOCOLA', 2, 7, '<ul>\n  <li>拼接安裝 簡易輕鬆</li>\n  <li>耐磨耐抓 穩固安全</li>\n  <li>可玩可抓還可當窩</li>\n  <li>抓板可替換 更環保</li>\n</ul>\n\n<p>材質：優質瓦愣板、木材復合板</p>\n<p>尺寸：400x350x380mm</p>\n', 1050, 945, 30, 30, '2023-08-07', 'https://cdn-front.mao-select.com.tw//upload_files/fonlego-rwd/prodpic/D_M3CO090101-規格.jpg', 'https://cdn-front.mao-select.com.tw//upload_files/fonlego-rwd/prodpic/D_M3CO090101-a.jpg', 'https://cdn-front.mao-select.com.tw//upload_files/fonlego-rwd/prodpic/D_M3CO090101-b.jpg', 'https://cdn-front.mao-select.com.tw//upload_files/fonlego-rwd/prodpic/D_M3CO090101-規格.jpg'),
(277, '雞蛋糕抓板貓窩', 'PURROOM', 2, 7, '<ul>\n  <li>20cm超大洞口 適合各種體型貓咪</li>\n  <li>波浪形抓面 貓體工程學設計</li>\n  <li>前後雙入口 防止側翻時被扣住</li>\n  <li>優質高強度瓦愣紙 不易掉屑</li>\n</ul>\n\n<p>尺寸：54x30x30cm</p>\n<p>重量：2kg</p>\n<p>材質：高強度瓦愣紙</p>\n\n', 890, 801, 6, 82, '2023-08-11', 'https://cdn-front.mao-select.com.tw//upload_files/fonlego-rwd/prodpic/D_M3PM090101-規格.jpg', 'https://cdn-front.mao-select.com.tw//upload_files/fonlego-rwd/prodpic/D_M3PM090101-a.jpg', 'https://cdn-front.mao-select.com.tw//upload_files/fonlego-rwd/prodpic/D_M3PM090101-b.jpg', 'https://cdn-front.mao-select.com.tw//upload_files/fonlego-rwd/prodpic/D_M3PM090101-a.jpg'),
(278, '天鏡幻彩貓抓板', 'AiMOE', 2, 7, '<ul>\n  <li>領略極地 幻彩之美</li>\n  <li>這個貓抓板 又大又圓</li>\n  <li>紐西蘭進口紙質 耐磨耐抓</li>\n  <li>也可以和貓薄荷 搭配使用</li>\n</ul>\n\n<p>幻彩Plus: 47x47x10cm</p>\n<p>幻彩mini: 41x41x6cm</p>\n<p>保持本產品乾燥，請勿放置於潮濕的地方</p>\n<p>本產品為消耗品，請定期更換</p>\n', 690, 621, 4, 8, '2023-07-26', 'https://cdn-front.mao-select.com.tw//upload_files/fonlego-rwd/prodpic/D_M3AM090401-a.jpg', 'https://cdn-front.mao-select.com.tw//upload_files/fonlego-rwd/prodpic/D_C(46).jpg', 'https://cdn-front.mao-select.com.tw//upload_files/fonlego-rwd/prodpic/D_A(57).jpg', 'https://cdn-front.mao-select.com.tw//upload_files/fonlego-rwd/prodpic/D_A(57).jpg'),
(279, '貓樂板 (三色)', 'AiMOE', 2, 7, '<ul>\n  <li>優質瓦楞紙 釋放貓咪本能</li>\n  <li>貓抓板+玩具+貓窩多功能一體設計</li>\n  <li>可玩可抓 一物多用</li>\n</ul>\n\n<p>尺寸：50x50x7cm</p>\n<p>重量：1kg</p>\n<p>材質：ABS</p>\n<p>保持本產品乾燥，請勿放置於潮濕的地方</p>\n<p>本產品為消耗品，請定期更換</p>\n', 990, 891, 78, 75, '2023-07-24', 'https://cdn-front.mao-select.com.tw//upload_files/fonlego-rwd/prodpic/D_M3AM090301-白.jpg', 'https://cdn-front.mao-select.com.tw//upload_files/fonlego-rwd/prodpic/D_M3AM090301-Ajpg.jpg', 'https://cdn-front.mao-select.com.tw//upload_files/fonlego-rwd/prodpic/D_M3AM090301-B.jpg', 'https://cdn-front.mao-select.com.tw//upload_files/fonlego-rwd/prodpic/D_M3AM090301-B.jpg'),
(280, '沙發貓抓板外角版', 'JoyCat', 2, 7, '<ul>\n  <li>牆角抓抓 融入家庭</li>\n  <li>底部防滑墊 磨爪不晃動</li>\n  <li>採用劍麻布編織 環保不掉屑</li>\n  <li>防水木紋貼片</li>\n  <li>無痕魔鬼氈黏貼使用</li>\n</ul>\n\n<p>劍麻布款 (米白色)</p>\n<p>尺寸: 22x22x55cm</p>\n<p>材質: 實木多層板、鐵、劍麻布</p>\n', 690, 621, 79, 98, '2023-08-09', 'https://cdn-front.mao-select.com.tw//upload_files/fonlego-rwd/prodpic/D_M3JYC090101(1).jpg', 'https://cdn-front.mao-select.com.tw//upload_files/fonlego-rwd/prodpic/D_M3JYC090101a.jpg', 'https://cdn-front.mao-select.com.tw//upload_files/fonlego-rwd/prodpic/D_M3JYC090101(1).jpg', 'https://cdn-front.mao-select.com.tw//upload_files/fonlego-rwd/prodpic/D_M3JYC090101a.jpg'),
(281, '魔板寵物秤', 'Homerunpet 霍曼', 2, 7, '<ul>\n  <li>你的體重不再是秘密，我說要知道就是要知道～</li>\n  <li>秤重、躺平、玩耍、磨爪 合而為一</li>\n  <li>自動鎖定數據 亂動也能精準</li>\n  <li>高精準傳感器 感知每天變化</li>\n  <li>秤重範圍 50g-15kg</li>\n  <li>可替換換貓抓板 經濟環保雙面可用</li>\n  <li>需自備4號電池3顆使用</li>\n</ul>\n<p>尺寸 : 503x301x50mm</p>\n<p>重量 : 1.2kg</p>\n<p>材質 : ABS、瓦愣紙</p>\n', 1190, 1071, 19, 19, '2023-07-22', 'https://cdn-front.mao-select.com.tw//upload_files/fonlego-rwd/prodpic/D_秤子(2).jpg', 'https://cdn-front.mao-select.com.tw//upload_files/fonlego-rwd/prodpic/D_c(32).jpg', 'https://cdn-front.mao-select.com.tw//upload_files/fonlego-rwd/prodpic/D_d(35).jpg', 'https://cdn-front.mao-select.com.tw//upload_files/fonlego-rwd/prodpic/D_d(35).jpg'),
(282, '小雞圓盤貓抓板', 'PURROOM', 2, 7, '<ul>\n  <li>點兩顆眼睛再加一個黃嘴巴，我就是小雞</li>\n  <li>高強度瓦愣紙製作</li>\n  <li>小雞造型可愛萌趣</li>\n  <li>舒服弧度可抓、可睡</li>\n  <li>若需與小雞窩搭配使用請選購S號尺寸</li>\n</ul>\n<p>尺寸 : S號 34x34x7cm、L號 41x41x10cm</p>\n<p>材質 : 高密度瓦愣紙</p>\n', 350, 315, 33, 16, '2023-07-29', 'https://cdn-front.mao-select.com.tw//upload_files/fonlego-rwd/prodpic/D_M3PM090203(1).jpg', 'https://cdn-front.mao-select.com.tw//upload_files/fonlego-rwd/prodpic/D_M3PM090203a.jpg', 'https://cdn-front.mao-select.com.tw//upload_files/fonlego-rwd/prodpic/D_M3PM090203b.jpg', 'https://cdn-front.mao-select.com.tw//upload_files/fonlego-rwd/prodpic/D_M3PM090203b.jpg'),
(283, '蘇打貓抓板', 'makesure', 2, 7, '<ul>\n  <li>拯救家具，也捍衛了喵主子的磨爪自由</li>\n  <li>家居感設計 可以隨處安放</li>\n  <li>腦洞大開 橫的豎的都可以抓</li>\n  <li>還可以放置玩具給貓咪玩耍</li>\n  <li>90度旋轉 秒變質感小茶几</li>\n  <li>三種玩法 一次盡興</li>\n  <li>最大可承重12kg</li>\n</ul>\n<p>尺寸 : 448x368x545mm</p>\n<p>重量 : 3kg</p>\n<p>材質 : 鋼材、劍麻</p>\n', 1490, 1341, 60, 72, '2023-08-01', 'https://cdn-front.mao-select.com.tw//upload_files/fonlego-rwd/prodpic/D_M3MS090101-1.jpg', 'https://cdn-front.mao-select.com.tw//upload_files/fonlego-rwd/prodpic/D_M3MS090101a.jpg', 'https://cdn-front.mao-select.com.tw//upload_files/fonlego-rwd/prodpic/D_M3MS090101b.jpg', 'https://cdn-front.mao-select.com.tw//upload_files/fonlego-rwd/prodpic/D_M3MS090101b.jpg'),
(284, '小櫻桃貓爬架', 'VETRESKA', 2, 7, '<ul>\n  <li>結構穩定不易倒</li>\n  <li>劍麻繩材質 耐磨損耐雨淋</li>\n  <li>高難度纏繞工藝</li>\n</ul>\n<p>尺寸：27x27x57.5cm</p>\n<p>重量：1.25kg</p>\n<p>材質：劍麻繩</p>\n<p>考慮到貓爬架的穩定性 配件需用力卡緊</p>\n<p>插裝的時候 按壓中間柱子 請注意對準方向</p>\n<p>製作過程全手工染色、上膠，各款會有略微顏色不均、溢膠的情況，不影響使用</p>\n', 690, 621, 82, 22, '2023-08-03', 'https://cdn-front.mao-select.com.tw//upload_files/fonlego-rwd/prodpic/D_M03VK527204-00.jpg', 'https://cdn-front.mao-select.com.tw//upload_files/fonlego-rwd/prodpic/D_M03VK527204-A.jpg', 'https://cdn-front.mao-select.com.tw//upload_files/fonlego-rwd/prodpic/D_M03VK527204-B.jpg', 'https://cdn-front.mao-select.com.tw//upload_files/fonlego-rwd/prodpic/D_M03VK527204-A.jpg'),
(285, '聖誕馴鹿貓爬架', 'VETRESKA', 2, 7, '<ul>\n  <li>安全染料 磨爪安全</li>\n  <li>優質麻繩耐磨損</li>\n  <li>精緻工藝 手工製作</li>\n  <li>安裝便捷 簡單插入旋轉即可完成</li>\n</ul>\n<p>尺寸：33.5x34x34cm</p>\n<p>重量：2.8kg</p>\n<p>材質：黃麻、PVC、泡沫、木板</p>\n<p>天然植物染料 遇到輕微褪色屬正常現象 不影響使用</p>\n', 790, 711, 35, 53, '2023-08-11', 'https://cdn-front.mao-select.com.tw//upload_files/fonlego-rwd/prodpic/D_B(27).jpg', 'https://cdn-front.mao-select.com.tw//upload_files/fonlego-rwd/prodpic/D_A(26).jpg', 'https://cdn-front.mao-select.com.tw//upload_files/fonlego-rwd/prodpic/D_C(18).jpg', 'https://cdn-front.mao-select.com.tw//upload_files/fonlego-rwd/prodpic/D_A(26).jpg'),
(286, '貓屋貓抓板', 'pidan', 2, 7, '<ul>\n  <li>為天生喜愛紙盒的貓咪打造</li>\n  <li>小窗口增加玩耍樂趣</li>\n  <li>紙屑集中 易於清理</li>\n</ul>\n<p>尺寸: 318x330x505mm</p>\n<p>重量: 810g</p>\n<p>材質: 瓦愣紙</p>\n<p>保持本產品乾燥 請勿放置於潮濕的地方</p>\n<p>本產品為消耗品 請定期更換</p>\n<p>紙製品需要遠離火源</p>\n', 290, 261, 93, 86, '2023-07-07', 'https://cdn-front.mao-select.com.tw//upload_files/fonlego-rwd/prodpic/D_貓山.jpg', 'https://cdn-front.mao-select.com.tw//upload_files/fonlego-rwd/prodpic/D_M01PD51011a.jpg', 'https://cdn-front.mao-select.com.tw//upload_files/fonlego-rwd/prodpic/D_貓山.jpg', 'https://cdn-front.mao-select.com.tw//upload_files/fonlego-rwd/prodpic/D_M01PD51011a.jpg'),
(287, '淘金喵瓦楞紙貓屋', 'LINSLINS', 2, 7, '<ul>\n  <li>適用7.5公斤以內貓咪</li>\n  <li>大面積封閉式設計 肥貓也輕鬆進入</li>\n  <li>精選優質材料</li>\n  <li>採用防爆連接 結構穩固不鬆散</li>\n  <li>使用環保油墨 安全無毒 動口平滑無毛刺</li>\n  <li>貓抓板可雙面使用</li>\n</ul>\n<p>尺寸: 45x45x39cm</p>\n<p>材質: 瓦愣紙、白卡紙</p>\n', 440, 396, 67, 48, '2023-08-09', 'https://cdn-front.mao-select.com.tw//upload_files/fonlego-rwd/prodpic/D_M3LL090201(1).jpg', 'https://cdn-front.mao-select.com.tw//upload_files/fonlego-rwd/prodpic/D_M3LL090201a.jpg', 'https://cdn-front.mao-select.com.tw//upload_files/fonlego-rwd/prodpic/D_M3LL090201(1).jpg', 'https://cdn-front.mao-select.com.tw//upload_files/fonlego-rwd/prodpic/D_M3LL090201a.jpg'),
(288, '寵物鏤空褪毛梳子', 'POPOCOLA', 5, 15, '<ul>\n  <li>換季不再飛毛，讓梳毛變成一件生活上的好玩小事</li>\n  <li>防滑手柄 握感舒適順手</li>\n  <li>頂部防疼痛設計 深度清潔不傷害皮膚</li>\n  <li>逾百根按摩梳齒 用心呵護每根毛髮</li>\n  <li>一鍵分離毛髮 解決清理煩惱</li>\n  <li>食品級材質</li>\n</ul>\n<p>尺寸: 188x85x67mm</p>\n<p>重量: 178g</p>\n<p>材質: ABS、HTPE、不鏽鋼</p>\n<p>使用時要注意纏繞等毛髮，請一點點解開，如果有大的打結毛球，用剪刀剪下後梳理，可用洗滌劑和舊牙刷清潔污垢，用酒精消毒梳齒。</p>\n', 490, 441, 2, 32, '2023-08-07', 'https://cdn-front.mao-select.com.tw//upload_files/fonlego-rwd/prodpic/D_A1CO130101-0(2).jpg', 'https://cdn-front.mao-select.com.tw//upload_files/fonlego-rwd/prodpic/D_b(83).jpg', 'https://cdn-front.mao-select.com.tw//upload_files/fonlego-rwd/prodpic/D_c(65).jpg', 'https://cdn-front.mao-select.com.tw//upload_files/fonlego-rwd/prodpic/D_b(83).jpg'),
(289, '奶油寵物毛梳', 'FurryTail', 5, 15, '<ul>\n  <li>梳毛不困難 輕輕一推 整片撕下</li>\n  <li>讓浮毛乖乖織成團 一秒開結</li>\n  <li>記憶軟針+氣墊圓珠 舒適按摩</li>\n  <li>厚流體軟矽膠 極致手感</li>\n</ul>\n<p>尺寸: 107x181mm</p>\n<p>材質: ABS、PC、矽膠、不鏽鋼</p>\n<p>重量: 115g</p>\n', 350, 315, 14, 40, '2023-08-03', 'https://cdn-front.mao-select.com.tw//upload_files/fonlego-rwd/prodpic/D_A1FU130101(1).jpg', 'https://cdn-front.mao-select.com.tw//upload_files/fonlego-rwd/prodpic/D_A1FU130101a.jpg', 'https://cdn-front.mao-select.com.tw//upload_files/fonlego-rwd/prodpic/D_A1FU130101b.jpg', 'https://cdn-front.mao-select.com.tw//upload_files/fonlego-rwd/prodpic/D_A1FU130101b.jpg'),
(290, '寵物祛毛針梳 (兩色)', 'LINSLINS', 5, 15, '<ul>\n  <li>不卡毛 不傷膚 防靜電</li>\n  <li>促進血液循環</li>\n  <li>減少表面浮毛</li>\n</ul>\n<p>尺寸: 17.8x11x7.2cm</p>\n<p>重量: 130.5g</p>\n<p>材質: 不鏽鋼、ABS、TPR</p>\n\n', 320, 288, 95, 44, '2023-07-12', 'https://cdn-front.mao-select.com.tw//upload_files/fonlego-rwd/prodpic/D_黃色.jpg', 'https://cdn-front.mao-select.com.tw//upload_files/fonlego-rwd/prodpic/D_A1LL130201a.jpg', 'https://cdn-front.mao-select.com.tw//upload_files/fonlego-rwd/prodpic/D_A1LL130201b.jpg', 'https://cdn-front.mao-select.com.tw//upload_files/fonlego-rwd/prodpic/D_A1LL130201b.jpg'),
(291, '寵物臉部密齒梳', 'PETHROOM', 5, 15, '<ul>\n  <li>可以安全的清除眼屎</li>\n  <li>減少皮膚刺激 放心又簡單</li>\n  <li>各種角度都可以 無負擔地進行梳理</li>\n</ul>\n', 220, 198, 48, 51, '2023-08-04', 'https://cdn-front.mao-select.com.tw//upload_files/fonlego-rwd/prodpic/D_A1PTR130201.jpg', 'https://cdn-front.mao-select.com.tw//upload_files/fonlego-rwd/prodpic/D_A1PTR130201-a.jpg', 'https://cdn-front.mao-select.com.tw//upload_files/fonlego-rwd/prodpic/D_A1PTR130201.jpg', 'https://cdn-front.mao-select.com.tw//upload_files/fonlego-rwd/prodpic/D_A1PTR130201-a.jpg'),
(292, '單手除毛刀梳', 'Pawbby', 5, 15, '<ul>\n  <li>五項專利 輕鬆制服掉毛怪</li>\n  <li>精密梳尺 八道工序打磨</li>\n  <li>一按一抖 單手操作高效除毛</li>\n  <li>工學防滑手柄 握感舒適</li>\n  <li>可裝卸式刀頭 清理方便</li>\n</ul>\n', 390, 351, 10, 28, '2023-07-04', 'https://cdn-front.mao-select.com.tw//upload_files/fonlego-rwd/prodpic/D_A1PB130101-規格.jpg', 'https://cdn-front.mao-select.com.tw//upload_files/fonlego-rwd/prodpic/D_A1PB130101-a.jpg', 'https://cdn-front.mao-select.com.tw//upload_files/fonlego-rwd/prodpic/D_A1PB130101-b.jpg', 'https://cdn-front.mao-select.com.tw//upload_files/fonlego-rwd/prodpic/D_A1PB130101-a.jpg');
INSERT INTO `products` (`product_id`, `product_name`, `vendor`, `category_id`, `subcategory_id`, `description`, `price`, `specialoffer`, `quantity`, `sales`, `created_at`, `images_one`, `images_two`, `images_three`, `images_four`) VALUES
(293, '寵物安全鎖扣指甲剪', 'LINSLINS', 5, 16, '<ul>\n  <li>寵物專用 鋒利安全</li>\n  <li>自動回彈設計 輕鬆省力</li>\n  <li>人體力學設計 握感舒適</li>\n  <li>軟膠材質 舒適不滑手</li>\n  <li>安全鎖扣 一推鎖定</li>\n</ul>\n', 290, 261, 50, 30, '2023-08-10', 'https://cdn-front.mao-select.com.tw//upload_files/fonlego-rwd/prodpic/D_M.jpg', 'https://cdn-front.mao-select.com.tw//upload_files/fonlego-rwd/prodpic/D_c(151).jpg', 'https://cdn-front.mao-select.com.tw//upload_files/fonlego-rwd/prodpic/D_M.jpg', 'https://cdn-front.mao-select.com.tw//upload_files/fonlego-rwd/prodpic/D_c(151).jpg'),
(294, '無毒環保梳剪系列', '毛教授', 5, 16, '<ul>\n  <li>寵物專用 鋒利安全</li>\n  <li>自動回彈設計 輕鬆省力</li>\n  <li>人體力學設計 握感舒適</li>\n  <li>軟膠材質 舒適不滑手</li>\n  <li>安全鎖扣 一推鎖定</li>\n</ul>\n', 240, 216, 26, 50, '2023-07-15', 'https://cdn-front.mao-select.com.tw//upload_files/fonlego-rwd/prodpic/D_指甲剪-藍S(1).jpg', 'https://cdn-front.mao-select.com.tw//upload_files/fonlego-rwd/prodpic/D_指甲剪-藍S(1).jpg', 'https://cdn-front.mao-select.com.tw//upload_files/fonlego-rwd/prodpic/D_指甲剪-藍S(1).jpg', 'https://cdn-front.mao-select.com.tw//upload_files/fonlego-rwd/prodpic/D_指甲剪-藍S(1).jpg'),
(295, '寵物電動磨甲器', 'Pawbby', 5, 16, '<ul>\n  <li>無毒環保材質</li>\n  <li>鋼材堅固</li>\n  <li>輕鬆修剪</li>\n</ul>\n<p>使用方式：一手握剪一手輕輕握足，抬起足端時自然地順著關節方向提起，不要強行彎曲剪甲時要按住指根看清整體指甲，注意不要剪斷血管和神經。</p>\n<p>材質：ABS、TPR、不鏽鋼</p>\n<p>注意事項：本產品僅用於寵物的梳理，請存放在兒童手觸摸不到的地方。強壓或粗暴地對待寵物的皮膚會導致皮膚炎症。特別要小心對待患有皮膚炎或體質弱、皮膚敏感的寵物。不要放置在床上或椅子上等容易造成傷害的地方。</p>\n', 650, 585, 36, 70, '2023-07-26', 'https://cdn-front.mao-select.com.tw//upload_files/fonlego-rwd/prodpic/D_Pawbby%20%E5%AF%B5%E7%89%A9%E9%9B%BB%E5%8B%95%E7%A3%A8%E7%94%B2%E5%99%A8-D.jpg', 'https://cdn-front.mao-select.com.tw//upload_files/fonlego-rwd/prodpic/D_Pawbby-%E5%AF%B5%E7%89%A9%E9%9B%BB%E5%8B%95%E7%A3%A8%E7%94%B2%E5%99%A8-E.jpg', 'https://cdn-front.mao-select.com.tw//upload_files/fonlego-rwd/prodpic/D_Pawbby%20%E5%AF%B5%E7%89%A9%E9%9B%BB%E5%8B%95%E7%A3%A8%E7%94%B2%E5%99%A8-C.jpg', 'https://cdn-front.mao-select.com.tw//upload_files/fonlego-rwd/prodpic/D_Pawbby%20%E5%AF%B5%E7%89%A9%E9%9B%BB%E5%8B%95%E7%A3%A8%E7%94%B2%E5%99%A8-A.jpg'),
(296, '寵物電動磨甲器', 'POPOCOLA', 5, 16, '<ul>\n  <li>高效不傷血線</li>\n  <li>磨石堅固耐用 無懼堅硬利甲</li>\n  <li>低震輕柔 安心磨甲</li>\n  <li>多端磨甲口 適合各種體型寵物</li>\n  <li>USB充電接口 隨時隨地更便攜</li>\n</ul>\n<p>如果是第一次給愛寵使用磨甲器，最好只把牠的指甲尖或太長的部分磨掉，不要磨的太深，好讓愛寵慢慢適應磨甲器。</p>\n<p>使用中出現效果下降時，請注意清潔磨甲頭表面異物。</p>\n', 590, 531, 56, 80, '2023-08-04', 'https://cdn-front.mao-select.com.tw//upload_files/fonlego-rwd/prodpic/D_A1CO200201-0.jpg', 'https://cdn-front.mao-select.com.tw//upload_files/fonlego-rwd/prodpic/D_a(103).jpg', 'https://cdn-front.mao-select.com.tw//upload_files/fonlego-rwd/prodpic/D_A1CO200201-0.jpg', 'https://cdn-front.mao-select.com.tw//upload_files/fonlego-rwd/prodpic/D_a(103).jpg'),
(297, '寵物電動磨甲器', 'POPOCOLA', 5, 16, '<ul>\n  <li>手掌間的美甲院 自己就是美容師</li>\n  <li>槍型設計 手自動切換</li>\n  <li>LED照明 3檔模式</li>\n  <li>精密磨甲 強勁電機</li>\n  <li>尺寸 : 103.5x136mm</li>\n  <li>材質 : ABS</li>\n  <li>重量 : 164g</li>\n  <li>電池容量 : 2000mA/H 7.4Wh</li>\n  <li>工作電流 : DC 3-4.2v</li>\n</ul>\n', 1010, 909, 43, 60, '2023-07-06', 'https://cdn-front.mao-select.com.tw//upload_files/fonlego-rwd/prodpic/D_A1CO200202-0.jpg', 'https://cdn-front.mao-select.com.tw//upload_files/fonlego-rwd/prodpic/D_A(55).jpg', 'https://cdn-front.mao-select.com.tw//upload_files/fonlego-rwd/prodpic/D_B(53).jpg', 'https://cdn-front.mao-select.com.tw//upload_files/fonlego-rwd/prodpic/D_B(53).jpg'),
(298, '寵物安全鎖扣指甲剪', 'LINSLINS', 5, 16, '<ul>\n  <li>寵物專用 鋒利安全</li>\n  <li>自動回彈設計 輕鬆省力</li>\n  <li>人體力學設計 握感舒適</li>\n  <li>軟膠材質 舒適不滑手</li>\n  <li>安全鎖扣 一推鎖定</li>\n  <li>尺寸 : 9.7x6.5x0.7 cm</li>\n  <li>材質 : ABS、TPR、不銹鋼</li>\n  <li>重量 : 17g</li>\n</ul>\n', 230, 207, 88, 20, '2023-07-11', 'https://cdn-front.mao-select.com.tw//upload_files/fonlego-rwd/prodpic/D_S.jpg', 'https://cdn-front.mao-select.com.tw//upload_files/fonlego-rwd/prodpic/D_b(200).jpg', 'https://cdn-front.mao-select.com.tw//upload_files/fonlego-rwd/prodpic/D_S.jpg', 'https://cdn-front.mao-select.com.tw//upload_files/fonlego-rwd/prodpic/D_b(200).jpg'),
(299, '寵物指甲指甲剪', 'POPOCOLA', 5, 16, '<ul>\n  <li>用LED燈光找血線，新手也可以上手</li>\n  <li>內置LED燈 血線清晰可見</li>\n  <li>透明擋板 防止指甲亂噴</li>\n  <li>剪完回彈 毫不費力</li>\n  <li>仿皮紋防滑設計 貼合手掌 更好握拿</li>\n  <li>尾部旋轉小銼刀 將切口的打磨光滑</li>\n  <li>尺寸 : 3.5x14.5x1.5cm</li>\n</ul>\n', 390, 351, 41, 10, '2023-08-02', 'https://cdn-front.mao-select.com.tw//upload_files/fonlego-rwd/prodpic/D_A1CO200101-0.jpg', 'https://cdn-front.mao-select.com.tw//upload_files/fonlego-rwd/prodpic/D_a(102).jpg', 'https://cdn-front.mao-select.com.tw//upload_files/fonlego-rwd/prodpic/D_A1CO200101-0.jpg', 'https://cdn-front.mao-select.com.tw//upload_files/fonlego-rwd/prodpic/D_a(102).jpg'),
(300, '貓用潔齒刷 (多款)', 'KOJIMA', 5, 17, '<ul>\n  <li>杜邦刷毛 更懂清潔</li>\n  <li>深度去污 按摩牙齦</li>\n  <li>科學環保刷柄 專為貓貓訂製</li>\n  <li> 建議三個月更換一次</li>\n  <li>材質：PP、杜邦絲刷毛</li>\n</ul>\n', 95, 86, 52, 90, '2023-08-05', 'https://cdn-front.mao-select.com.tw//upload_files/fonlego-rwd/prodpic/D_A1KJ200102-規格.jpg', 'https://cdn-front.mao-select.com.tw//upload_files/fonlego-rwd/prodpic/D_A1KJ200102-規格.jpg', 'https://cdn-front.mao-select.com.tw//upload_files/fonlego-rwd/prodpic/D_A1KJ200102-規格.jpg', 'https://cdn-front.mao-select.com.tw//upload_files/fonlego-rwd/prodpic/D_A1KJ200102-規格.jpg'),
(301, '超細纖維軟毛牙刷 ', 'PETHROOM', 5, 17, '<ul>\n  <li>● 深度去污 按摩牙齦</li>\n  <li>● 科學環保刷柄 專為貓貓訂製</li>\n  <li>● 建議三個月更換一次</li>\n</ul>\n\n<p>寵物超細纖維軟毛牙刷 扁頭 - M</p>\n<p>推薦給不足6kg或牙齒小的毛孩</p>\n<p>硬刷毛導致牙齦出血的</p>\n<p>擔心口腔清潔、口臭、牙石、牙周疾病</p>\n<p>是一款入門級別的牙刷</p>\n<p>全長 : 170mm、刷頭 : 7mm、材質 : PP、TPU</p>\n\n<p>寵物超細纖維軟毛牙刷 扁頭 - XS</p>\n<p>推薦給中型以上毛孩的牙刷</p>\n<p>有牙科清潔牙刷後覺得牙刷過小</p>\n<p>牙刷太硬而牙齦出血的</p>\n<p>想要用大頭牙刷快速刷牙的</p>\n<p>全長 : 147mm、刷頭 : 5mm、材質 : PP、TPU</p>\n\n<p>寵物超細纖維軟毛牙刷 局部圓頭 - F</p>\n<p>推薦給幼小或體型較小的毛孩</p>\n<p>仔細護理每個牙齒</p>\n<p>集中清潔臼齒</p>\n<p>全長 : 155mm、材質 : PP、TPU</p>\n\n<p>請勿使用除牙齒以', 190, 171, 85, 40, '2023-07-27', 'https://cdn-front.mao-select.com.tw//upload_files/fonlego-rwd/prodpic/D_m2.jpg', 'https://cdn-front.mao-select.com.tw//upload_files/fonlego-rwd/prodpic/D_A1PTR200402-c.jpg', 'https://cdn-front.mao-select.com.tw//upload_files/fonlego-rwd/prodpic/D_A1PTR200402-d.jpg', 'https://cdn-front.mao-select.com.tw//upload_files/fonlego-rwd/prodpic/D_A1PTR200402-c.jpg'),
(302, '嚕嚕寵物潔齒牙刷', 'made of organics', 5, 17, '<ul>\n  <li>S尺寸 : 長1.3cm 寬0.7cm 總長 : 15.5cm 握柄寬 : 1.2cm</li>\n  <li>M尺寸 : 長2cm 寬0.7cm 總長 : 16cm 握柄寬 : 1.3cm</li>\n  <li>材質：ABS樹脂、尼龍</li>\n  <li>耐熱度：60度C</li>\n  <li>原產國：日本</li>\n</ul>\n\n<p>嚕嚕山型齒狀牙刷</p>\n<ul>\n  <li>S尺寸 : 長1.3cm 寬0.7cm 總長 : 15.5cm 握柄寬 : 1.2cm</li>\n  <li>M尺寸 : 長2cm 寬0.7cm 總長 : 16cm 握柄寬 : 1.3cm</li>\n  <li>材質：ABS樹脂、尼龍</li>\n  <li>耐熱度：60度C</li>\n  <li>原產國：日本</li>\n</ul>', 180, 162, 20, 5, '2023-08-08', 'https://cdn-front.mao-select.com.tw//upload_files/fonlego-rwd/prodpic/D_3(7).jpg', 'https://cdn-front.mao-select.com.tw//upload_files/fonlego-rwd/prodpic/D_3(7).jpg', 'https://cdn-front.mao-select.com.tw//upload_files/fonlego-rwd/prodpic/D_3(7).jpg', 'https://cdn-front.mao-select.com.tw//upload_files/fonlego-rwd/prodpic/D_3(7).jpg'),
(303, '3合1全效潔牙套組', 'Arm&Hammer', 5, 17, '<p>牙刷：</p>\n<ul>\n  <li>牙醫級烘焙蘇打製成</li>\n  <li>含細小微粒 經臨床實證可亮白牙齒</li>\n  <li>溫和抗敏 深層清潔</li>\n  <li>有效抑制牙菌斑</li>\n  <li>成份：</li>\n  <ul>\n    <li>尼龍(刷毛)</li>\n    <li>聚丙烯(刷柄)</li>\n  </ul>\n</ul>\n\n<p>牙膏：</p>\n<ul>\n  <li>山梨糖醇、水分、水合二氧化矽、碳酸鈣、聚山梨酯20、焦磷酸鈉、纖維樹酯、氯化鈉、牙醫級烘焙蘇打、葡萄糖酸鋅、甘油、蛋白酶</li>\n</ul>\n\n<p>使用方式：</p>\n<p>初次刷牙時，請取少量牙膏於手指尖端，並邀請貓咪舔舐，接著用手指緩慢輕柔地沿著牙齦和牙齒間摩擦，再用適量的牙膏在牙刷或手指上重複地清潔。請務必讓貓咪對於刷牙獲得正向且愉快的經驗，建議每週刷牙至少2-3次，以獲得最佳效果，並保持習慣。</p>\n', 500, 450, 90, 65, '2023-08-12', 'https://cdn-front.mao-select.com.tw//upload_files/fonlego-rwd/prodpic/D_M3AH200101-規格(1).jpg', 'https://cdn-front.mao-select.com.tw//upload_files/fonlego-rwd/prodpic/D_M3AH200101-規格.jpg', 'https://cdn-front.mao-select.com.tw//upload_files/fonlego-rwd/prodpic/D_M3AH200101-規格(1).jpg', 'https://cdn-front.mao-select.com.tw//upload_files/fonlego-rwd/prodpic/D_M3AH200101-規格.jpg'),
(304, '貓用潔牙訓練套組', 'Arm&Hammer', 5, 17, '<p>牙刷：</p>\n<ul>\n  <li>高適口性的貓用潔牙訓練套組</li>\n  <li>含天然溫和酵素牙膏</li>\n  <li>可有效抑制牙菌斑形成的機率</li>\n  <li>深層潔淨牙齒</li>\n  <li>維持口氣清新</li>\n  <li>成份：</li>\n  <ul>\n    <li>尼龍(刷毛)</li>\n    <li>聚丙烯(刷柄)</li>\n  </ul>\n</ul>\n\n<p>牙膏：</p>\n<ul>\n  <li>山梨糖醇、水分、水合二氧化矽、碳酸鈣、聚山梨酯20、焦磷酸鈉、纖維樹酯、氯化鈉、牙醫級烘焙蘇打、葡萄糖酸鋅、甘油、蛋白酶</li>\n</ul>\n\n<p>使用方法：</p>\n<p>初次刷牙時，請取少量牙膏於手指尖端，並邀請貓咪舔舐，接著用手指緩慢輕柔地沿著牙齦和牙齒間摩擦，再用適量的牙膏在牙刷或手指上重複地清潔。請務必讓貓咪對於刷牙獲得正向且愉快的經驗，建議每週刷牙至少2-3次，以獲得最佳效果，並保持習慣。</p>\n', 390, 351, 97, 35, '2023-08-08', 'https://cdn-front.mao-select.com.tw//upload_files/fonlego-rwd/prodpic/D_M3AH200102-規格(1).jpg', 'https://cdn-front.mao-select.com.tw//upload_files/fonlego-rwd/prodpic/D_M3AH200102-規格.jpg', 'https://cdn-front.mao-select.com.tw//upload_files/fonlego-rwd/prodpic/D_M3AH200102-規格(1).jpg', 'https://cdn-front.mao-select.com.tw//upload_files/fonlego-rwd/prodpic/D_M3AH200102-規格.jpg'),
(305, '寵物牙結石刮刀', 'KOJIMA', 5, 17, '<p>● 精湛工藝 匠心品質</p>\n<p>● 不銹鋼材質 耐用持久</p>\n<p>● 易清洗 不發霉不生鏽</p>\n<p>● 鏡面拋光 激光防滑</p>\n\n<p>尺寸 : 17.1cm</p>\n<p>材質 : 不銹鋼</p>\n', 190, 171, 39, 75, '2023-07-07', 'https://cdn-front.mao-select.com.tw//upload_files/fonlego-rwd/prodpic/D_A1KJ200405-0.jpg', 'https://cdn-front.mao-select.com.tw//upload_files/fonlego-rwd/prodpic/D_A1KJ200405-0.jpg', 'https://cdn-front.mao-select.com.tw//upload_files/fonlego-rwd/prodpic/D_A1KJ200405-0.jpg', 'https://cdn-front.mao-select.com.tw//upload_files/fonlego-rwd/prodpic/D_A1KJ200405-0.jpg'),
(306, '三重酵素潔齒凝膠', 'PETHROOM', 5, 17, '<ul>\n  <li>三重酵素 高效去除牙垢</li>\n  <li>簡單塗抹 刷牙完成</li>\n  <li>天然酵素 預防牙結石</li>\n</ul>\n', 420, 378, 92, 15, '2023-08-01', 'https://cdn-front.mao-select.com.tw//upload_files/fonlego-rwd/prodpic/D_A1PTR200501(1).jpg', 'https://cdn-front.mao-select.com.tw//upload_files/fonlego-rwd/prodpic/D_a(367).jpg', 'https://cdn-front.mao-select.com.tw//upload_files/fonlego-rwd/prodpic/D_b(292).jpg', 'https://cdn-front.mao-select.com.tw//upload_files/fonlego-rwd/prodpic/D_b(292).jpg'),
(307, '寵物口腔日本專利牙膏', 'ORALPEACE', 5, 17, '<ul>\n  <li>獨特天然溫和有機成分</li>\n  <li>乳酸鏈球菌肽＋梅子提取物＋大馬士革玫瑰精油</li>\n  <li>不含氟化物、化學添加及酒精，無刺激性</li>\n  <li>可保持口腔濕潤，維持清新口氣清新</li>\n  <li>取適量凝膠於牙刷或指套，均勻塗抹於寵物口腔/牙齒上，無需沖洗</li>\n</ul>\n', 450, 405, 58, 85, '2023-07-31', 'https://cdn-front.mao-select.com.tw//upload_files/fonlego-rwd/prodpic/D_A1OP200101-0(1).jpg', 'https://cdn-front.mao-select.com.tw//upload_files/fonlego-rwd/prodpic/D_A1OP200101-0(1).jpg', 'https://cdn-front.mao-select.com.tw//upload_files/fonlego-rwd/prodpic/D_A1OP200101-0(1).jpg', 'https://cdn-front.mao-select.com.tw//upload_files/fonlego-rwd/prodpic/D_A1OP200101-0(1).jpg'),
(308, '貓專用乳酸菌牙膏', 'KOJIMA', 5, 17, '<ul>\n  <li>乳酸菌配方 長效健康防護</li>\n  <li>減少口腔有害細菌</li>\n  <li>平衡口腔菌群</li>\n</ul>\n', 119, 107, 20, 25, '2023-07-17', 'https://cdn-front.mao-select.com.tw//upload_files/fonlego-rwd/prodpic/D_A1KJ200202-規格.jpg', 'https://cdn-front.mao-select.com.tw//upload_files/fonlego-rwd/prodpic/D_A1KJ200201-a.jpg', 'https://cdn-front.mao-select.com.tw//upload_files/fonlego-rwd/prodpic/D_A1KJ200202-規格.jpg', 'https://cdn-front.mao-select.com.tw//upload_files/fonlego-rwd/prodpic/D_A1KJ200201-a.jpg'),
(309, '寵物酵素牙膏', '因特力淨', 5, 17, '<ul>\n  <li>內含寵物唾液中所需的天然分解酵素 可與唾液結合作用</li>\n  <li>打擊口腔壞菌全面清潔口腔 幫助維持健康的牙齦組織</li>\n  <li>排除口腔異味</li>\n  <li>維持清新口氣</li>\n  <li>不含木醣醇 天然可吞食</li>\n  <li>乾刷免用水 使用超方便</li>\n  <li>寵物愛潔牙 清新好口氣</li>\n  <li>汪星人、喵星人都可以使用</li>\n</ul>\n', 380, 342, 61, 55, '2023-08-11', 'https://cdn-front.mao-select.com.tw//upload_files/fonlego-rwd/prodpic/D_A1CS200101-0(2).jpg', 'https://cdn-front.mao-select.com.tw//upload_files/fonlego-rwd/prodpic/D_A1CS200101-0(2).jpg', 'https://cdn-front.mao-select.com.tw//upload_files/fonlego-rwd/prodpic/D_A1CS200101-0(2).jpg', 'https://cdn-front.mao-select.com.tw//upload_files/fonlego-rwd/prodpic/D_A1CS200101-0(2).jpg'),
(310, '潔牙護理酵素', '汪喵星球', 5, 17, '<ul>\n  <li>美國專利 Glanbia 乳鐵蛋白+日本溶菌酶</li>\n  <li>犬貓牙齦護理型潔牙酵素</li>\n  <li>長噴頭＋液態質地，更好深入牙縫</li>\n</ul>\n', 350, 315, 23, 45, '2023-07-17', 'https://cdn-front.mao-select.com.tw//upload_files/fonlego-rwd/prodpic/D_A1DGS200101-規格.jpg', 'https://cdn-front.mao-select.com.tw//upload_files/fonlego-rwd/prodpic/D_A1DGS200101-a.jpg', 'https://cdn-front.mao-select.com.tw//upload_files/fonlego-rwd/prodpic/D_A1DGS200101-b.jpg', 'https://cdn-front.mao-select.com.tw//upload_files/fonlego-rwd/prodpic/D_A1DGS200101-b.jpg'),
(311, '寵物濕巾 潔齒用', 'KOJIMA', 5, 17, '<ul>\n  <li>口腔預防 從齒無憂</li>\n  <li>輕輕一擦 清除牙垢</li>\n  <li>網眼無紡布 清潔能力強</li>\n  <li>大尺寸 真心厚</li>\n</ul>\n', 149, 134, 15, 95, '2023-07-08', 'https://cdn-front.mao-select.com.tw//upload_files/fonlego-rwd/prodpic/D_A1KJ200505-規格.jpg', 'https://cdn-front.mao-select.com.tw//upload_files/fonlego-rwd/prodpic/D_A1KJ200505-a.jpg', 'https://cdn-front.mao-select.com.tw//upload_files/fonlego-rwd/prodpic/D_A1KJ200505-規格.jpg', 'https://cdn-front.mao-select.com.tw//upload_files/fonlego-rwd/prodpic/D_A1KJ200505-a.jpg'),
(312, '潔齒用指套款', 'KOJIMA', 5, 17, '<ul>\n  <li>口腔預防 從齒無憂</li>\n  <li>一擦即淨 一片搞定</li>\n  <li>溫和清潔 減少異味</li>\n  <li>舒適觸感 親膚柔軟</li>\n</ul>\n', 149, 134, 84, 100, '2023-08-06', 'https://cdn-front.mao-select.com.tw//upload_files/fonlego-rwd/prodpic/D_A1KJ200506-規格.jpg', 'https://cdn-front.mao-select.com.tw//upload_files/fonlego-rwd/prodpic/D_A1KJ200506-a.jpg', 'https://cdn-front.mao-select.com.tw//upload_files/fonlego-rwd/prodpic/D_A1KJ200506-規格.jpg', 'https://cdn-front.mao-select.com.tw//upload_files/fonlego-rwd/prodpic/D_A1KJ200506-a.jpg'),
(313, '亮白齒巾', '愛迪生', 5, 17, '<ul>\n  <li>鋅‧益齒潔是含葡萄糖酸鋅為基礎的鋅產品</li>\n  <li>紙巾設計可更快速、更簡單地進行潔牙</li>\n  <li>每日早晚使用一次，吃飯前後使用最佳</li>\n  <li>犬、貓、小型動物、鳥類及爬蟲類均可使用</li>\n</ul>\n', 600, 540, 29, 60, '2023-07-14', 'https://cdn-front.mao-select.com.tw//upload_files/fonlego-rwd/prodpic/D_A1AS070202-0.jpg', 'https://cdn-front.mao-select.com.tw//upload_files/fonlego-rwd/prodpic/D_A1AS070202-0.jpg', 'https://cdn-front.mao-select.com.tw//upload_files/fonlego-rwd/prodpic/D_A1AS070202-0.jpg', 'https://cdn-front.mao-select.com.tw//upload_files/fonlego-rwd/prodpic/D_A1AS070202-0.jpg'),
(314, '親親齒垢清潔紙巾', 'LION PET', 5, 17, '<ul>\n  <li>只要在指上纏繞即可使用，方便又安心的寵物潔牙紙巾，齒垢和口臭通通清光光！</li>\n  <li>成份：甘油、防腐劑、PH調節劑、焦磷酸鈉、表面活性劑、螯合劑、聚賴氨酸</li>\n  <li>產地：日本</li>\n</ul>\n', 160, 144, 98, 23, '2023-07-21', 'https://cdn-front.mao-select.com.tw//upload_files/fonlego-rwd/prodpic/D_M08LN125201(1).jpg', 'https://cdn-front.mao-select.com.tw//upload_files/fonlego-rwd/prodpic/D_M08LN125201(1).jpg', 'https://cdn-front.mao-select.com.tw//upload_files/fonlego-rwd/prodpic/D_M08LN125201(1).jpg', 'https://cdn-front.mao-select.com.tw//upload_files/fonlego-rwd/prodpic/D_M08LN125201(1).jpg'),
(315, '牙齒白 (齒垢凝膠)', 'MEDTOBE', 5, 17, '<ul>\n  <li>消除口腔異味，保護牙齦健康</li>\n  <li>舔拭/經口無毒，安全可靠</li>\n  <li>溫和成份不刺激</li>\n</ul>\n', 349, 314, 36, 65, '2023-08-04', 'https://cdn-front.mao-select.com.tw//upload_files/fonlego-rwd/prodpic/D_A1MDT200202-0.jpg', 'https://cdn-front.mao-select.com.tw//upload_files/fonlego-rwd/prodpic/D_a(291).jpg', 'https://cdn-front.mao-select.com.tw//upload_files/fonlego-rwd/prodpic/D_b(241).jpg', 'https://cdn-front.mao-select.com.tw//upload_files/fonlego-rwd/prodpic/D_a(291).jpg'),
(316, '口腔凝膠', '愛迪生', 5, 17, '<ul>\n  <li>不含類固醇、抗生素及酒精</li>\n  <li>pH值中性7.0不具刺激性</li>\n  <li>胺基酸配方螯合口內硫化物及口腔</li>\n</ul>\n', 450, 405, 69, 94, '2023-08-11', 'https://cdn-front.mao-select.com.tw//upload_files/fonlego-rwd/prodpic/D_A1AS070201-0.jpg', 'https://cdn-front.mao-select.com.tw//upload_files/fonlego-rwd/prodpic/D_A1AS070201-0.jpg', 'https://cdn-front.mao-select.com.tw//upload_files/fonlego-rwd/prodpic/D_A1AS070201-0.jpg', 'https://cdn-front.mao-select.com.tw//upload_files/fonlego-rwd/prodpic/D_A1AS070201-0.jpg'),
(317, '寵物口腔保健口日新', '朝貢', 5, 17, '<ul>\n  <li>美國 FDA GRAS 註冊原料</li>\n  <li>抑制口臭和牙菌斑型成</li>\n  <li>無色無味 方便簡單</li>\n  <li>美國專利 申遺菌株</li>\n</ul>\n', 799, 719, 50, 57, '2023-07-29', 'https://cdn-front.mao-select.com.tw//upload_files/fonlego-rwd/prodpic/D_A1CG070201-0.jpg', 'https://cdn-front.mao-select.com.tw//upload_files/fonlego-rwd/prodpic/D_A1CG070201-0.jpg', 'https://cdn-front.mao-select.com.tw//upload_files/fonlego-rwd/prodpic/D_A1CG070201-0.jpg', 'https://cdn-front.mao-select.com.tw//upload_files/fonlego-rwd/prodpic/D_A1CG070201-0.jpg'),
(318, '潔牙美牙筆', 'KOJIMA', 5, 17, '<ul>\n  <li>清潔牙齒 去污除漬</li>\n  <li>溫和清潔 呵護牙齦</li>\n  <li>針對不同情況調整用量</li>\n  <li>柔軟極細刷頭</li>\n  <li>旋轉出油 輕鬆省心</li>\n</ul>\n<ul>\n  <li>潔牙筆 5ml</li>\n  <li>成份：過氧化氫、摩擦劑、界面活性劑</li>\n</ul>\n<ul>\n  <li>美牙筆 5ml</li>\n  <li>成份：多酚類、維他命D、葉綠素等</li>\n</ul>\n', 290, 261, 8, 11, '2023-08-12', 'https://cdn-front.mao-select.com.tw//upload_files/fonlego-rwd/prodpic/D_A1KJ200404-0.jpg', 'https://cdn-front.mao-select.com.tw//upload_files/fonlego-rwd/prodpic/D_A1KJ200404-0.jpg', 'https://cdn-front.mao-select.com.tw//upload_files/fonlego-rwd/prodpic/D_A1KJ200404-0.jpg', 'https://cdn-front.mao-select.com.tw//upload_files/fonlego-rwd/prodpic/D_A1KJ200404-0.jpg'),
(319, '貓用潔牙水', 'Arm&Hammer', 5, 17, '<ul>\n  <li>以天然溫和成份</li>\n  <li>可有效抑制牙菌斑形成的機率</li>\n  <li>深層潔淨牙齒</li>\n  <li>維持口氣清新</li>\n  <li>天然無刺激</li>\n</ul>\n<p>成份：</p>\n<ul>\n  <li>水分</li>\n  <li>山梨糖醇</li>\n  <li>聚山梨酯 20</li>\n  <li>牙醫級烘焙蘇打</li>\n  <li>山茶花葉萃取物</li>\n  <li>蛋白酶</li>\n  <li>麝香草酚</li>\n  <li>葡萄糖酸鋅</li>\n  <li>焦磷酸鈉</li>\n</ul>\n<p>使用方法：</p>\n<p>每8盎司乾淨水（237毫升）搭配一瓶蓋量的潔牙水，每次重新加水時添加</p>\n', 500, 450, 72, 41, '2023-08-06', 'https://cdn-front.mao-select.com.tw//upload_files/fonlego-rwd/prodpic/D_M3AH200103-規格(1).jpg', 'https://cdn-front.mao-select.com.tw//upload_files/fonlego-rwd/prodpic/D_M3AH200103-規格.jpg', 'https://cdn-front.mao-select.com.tw//upload_files/fonlego-rwd/prodpic/D_M3AH200103-規格(1).jpg', 'https://cdn-front.mao-select.com.tw//upload_files/fonlego-rwd/prodpic/D_M3AH200103-規格.jpg'),
(320, '口腔保健系列', '新鮮氧', 5, 17, '<ul>\n  <li>改善口臭</li>\n  <li>清潔牙齒上的異物</li>\n  <li>無色無味</li>\n  <li>安全無毒</li>\n</ul>\n', 650, 585, 31, 83, '2023-07-27', 'https://cdn-front.mao-select.com.tw//upload_files/fonlego-rwd/prodpic/D_新鮮氧潔牙套組(1).jpg', 'https://cdn-front.mao-select.com.tw//upload_files/fonlego-rwd/prodpic/D_新鮮氧潔牙套組.jpg', 'https://cdn-front.mao-select.com.tw//upload_files/fonlego-rwd/prodpic/D_新鮮氧潔牙套組(1).jpg', 'https://cdn-front.mao-select.com.tw//upload_files/fonlego-rwd/prodpic/D_新鮮氧潔牙套組.jpg'),
(321, '清新口腔除臭噴霧', '臭味滾', 5, 17, '<ul>\n  <li>針對牙齒兩側噴出效果更佳</li>\n  <li>異味較重時，可一天多次使用</li>\n  <li>建議搭配潔牙骨或指套清潔口腔</li>\n</ul>\n', 288, 259, 94, 17, '2023-08-08', 'https://cdn-front.mao-select.com.tw//upload_files/fonlego-rwd/prodpic/D_A1OD190201-噴霧(1).jpg', 'https://cdn-front.mao-select.com.tw//upload_files/fonlego-rwd/prodpic/D_A1OD190201-噴霧.jpg', 'https://cdn-front.mao-select.com.tw//upload_files/fonlego-rwd/prodpic/D_A1OD190201-噴霧(1).jpg', 'https://cdn-front.mao-select.com.tw//upload_files/fonlego-rwd/prodpic/D_A1OD190201-噴霧.jpg'),
(322, '毛孩口腔護理噴霧', '毛孩食務所', 5, 17, '<ul>\n  <li>適用平常沒時間幫毛小孩刷牙的主子，輕鬆做好口腔對策</li>\n  <li>適合有口腔困擾的毛孩們，如：口臭/牙結石/牙菌斑/牙周病等</li>\n</ul>\n\n<p>使用頻率：每天至少使用1次，效果最佳</p>\n<p>使用方法：請按壓噴頭並噴灑於寵物牙齒上及口腔內</p>\n<p>成份：純水、生物類黃酮、刺鮮醣醇、甘油、聚山梨醇酯、蛋白水解酶、聚甘油-4癸酸酯、熱帶水果、木瓜酵素、葡萄糖氧化酶</p>\n<p>產地：台灣</p>\n<p>內容量：125ml</p>\n<p>保存期限：3年</p>\n', 299, 269, 62, 24, '2023-07-18', 'https://cdn-front.mao-select.com.tw//upload_files/fonlego-rwd/prodpic/D_A1BK200101-規格(1).jpg', 'https://cdn-front.mao-select.com.tw//upload_files/fonlego-rwd/prodpic/D_A1BK200101-規格.jpg', 'https://cdn-front.mao-select.com.tw//upload_files/fonlego-rwd/prodpic/D_A1BK200101-規格(1).jpg', 'https://cdn-front.mao-select.com.tw//upload_files/fonlego-rwd/prodpic/D_A1BK200101-規格.jpg'),
(323, '指套濕巾', 'pidan', 5, 18, '<ul>\n  <li>一擦即淨，一片搞定，隨時保持乾淨清爽</li>\n  <li>0酒精，選用RO純水，多次滲透提取淨化，不刺激皮膚，舔紙也放心</li>\n  <li>0香精，不刺激嗅覺</li>\n  <li>溫和清潔，減少異味</li>\n  <li>舒適觸感，親膚柔軟</li>\n</ul>\n', 190, 171, 16, 52, '2023-08-04', 'https://cdn-front.mao-select.com.tw//upload_files/fonlego-rwd/prodpic/D_M08PD125116-規格.jpg', 'https://cdn-front.mao-select.com.tw//upload_files/fonlego-rwd/prodpic/D_B(56).jpg', 'https://cdn-front.mao-select.com.tw//upload_files/fonlego-rwd/prodpic/D_M08PD125116-規格.jpg', 'https://cdn-front.mao-select.com.tw//upload_files/fonlego-rwd/prodpic/D_B(56).jpg'),
(324, '耳清淨 (耳道滴劑)', 'MEDTOBE', 5, 18, '<ul>\n  <li>日常清潔護理、溫和不刺激</li>\n  <li>無耐藥性</li>\n  <li>清除耳垢、分泌物及異味，維持耳道健康</li>\n  <li>舔拭（經口）無毒</li>\n  <li>30納米粒子，快速軟化耳垢，深層去污清潔</li>\n</ul>\n', 269, 242, 2, 39, '2023-07-31', 'https://cdn-front.mao-select.com.tw//upload_files/fonlego-rwd/prodpic/D_A1MDT200203-0.jpg', 'https://cdn-front.mao-select.com.tw//upload_files/fonlego-rwd/prodpic/D_a(290).jpg', 'https://cdn-front.mao-select.com.tw//upload_files/fonlego-rwd/prodpic/D_b(243).jpg', 'https://cdn-front.mao-select.com.tw//upload_files/fonlego-rwd/prodpic/D_a(290).jpg'),
(325, '耳道滴劑', '愛迪生', 5, 18, '<ul>\n  <li>無抗生素、無類固醇、無酒精</li>\n  <li>長期使用無耳道皮膚安乾燥變薄或導致細菌產生抗藥性的風險</li>\n  <li>中性獨家配方</li>\n  <li>高流動性質不油膩，可深入耳道維護耳道健康</li>\n</ul>\n', 450, 405, 74, 81, '2023-08-03', 'https://cdn-front.mao-select.com.tw//upload_files/fonlego-rwd/prodpic/D_A1AS070301-0.jpg', 'https://cdn-front.mao-select.com.tw//upload_files/fonlego-rwd/prodpic/D_A1AS070301-0.jpg', 'https://cdn-front.mao-select.com.tw//upload_files/fonlego-rwd/prodpic/D_A1AS070301-0.jpg', 'https://cdn-front.mao-select.com.tw//upload_files/fonlego-rwd/prodpic/D_A1AS070301-0.jpg'),
(326, '耳部精油棉棒', 'KOJIMA', 5, 18, '<ul>\n  <li>僅供清潔耳道，切勿接觸眼睛</li>\n  <li>草本萃取 溫合配方</li>\n  <li>創新技術 獨立包裝</li>\n  <li>棉頭緊固 不易掉絮</li>\n</ul>\n', 119, 107, 67, 13, '2023-07-16', 'https://cdn-front.mao-select.com.tw//upload_files/fonlego-rwd/prodpic/D_A1KJ200401-0.jpg', 'https://cdn-front.mao-select.com.tw//upload_files/fonlego-rwd/prodpic/D_A1KJ200401-b.jpg', 'https://cdn-front.mao-select.com.tw//upload_files/fonlego-rwd/prodpic/D_A1KJ200401-a.jpg', 'https://cdn-front.mao-select.com.tw//upload_files/fonlego-rwd/prodpic/D_A1KJ200401-a.jpg'),
(327, '耳洗淨滴耳液', 'KOJIMA', 5, 18, '<ul>\n  <li>健康清潔 耳垢掰掰</li>\n  <li>植物萃取 溫和清潔</li>\n  <li>抑菌除臭 犬貓通用</li>\n</ul>\n', 190, 171, 43, 90, '2023-08-07', 'https://cdn-front.mao-select.com.tw//upload_files/fonlego-rwd/prodpic/D_A1KJ200406-0.jpg', 'https://cdn-front.mao-select.com.tw//upload_files/fonlego-rwd/prodpic/D_A1KJ200406-aa.jpg', 'https://cdn-front.mao-select.com.tw//upload_files/fonlego-rwd/prodpic/D_A1KJ200406-0.jpg', 'https://cdn-front.mao-select.com.tw//upload_files/fonlego-rwd/prodpic/D_A1KJ200406-aa.jpg'),
(328, '球狀雙頭耳部清潔棉棒', 'KOJIMA', 5, 18, '<ul>\n  <li>訂製棉頭 可防止棉籤過於深入耳道</li>\n  <li>彈性高吸水好 能快速吸掉油脂污垢</li>\n  <li>韌性塑棒 軟硬適中</li>\n</ul>\n', 99, 89, 87, 25, '2023-07-05', 'https://cdn-front.mao-select.com.tw//upload_files/fonlego-rwd/prodpic/D_A1KJ200408-規格.jpg', 'https://cdn-front.mao-select.com.tw//upload_files/fonlego-rwd/prodpic/D_A1KJ200408-a.jpg', 'https://cdn-front.mao-select.com.tw//upload_files/fonlego-rwd/prodpic/D_A1KJ200408-規格.jpg', 'https://cdn-front.mao-select.com.tw//upload_files/fonlego-rwd/prodpic/D_A1KJ200408-a.jpg'),
(329, '耳根清淨潔耳幕斯', 'Mr.Tail', 5, 18, '<ul>\n  <li>溫柔慕斯 減低不適感</li>\n  <li>低敏狀態下舒適清潔</li>\n  <li>盡情擁抱潔淨舒適的感受</li>\n  <li>抗菌低敏 極致潔淨</li>\n  <li>複方精油沒有惱人的香精</li>\n  <li>清潔不造成負擔</li>\n</ul>\n', 350, 315, 9, 11, '2023-08-02', 'https://cdn-front.mao-select.com.tw//upload_files/fonlego-rwd/prodpic/D_M3MT190201-0(4).jpg', 'https://cdn-front.mao-select.com.tw//upload_files/fonlego-rwd/prodpic/D_a(169).jpg', 'https://cdn-front.mao-select.com.tw//upload_files/fonlego-rwd/prodpic/D_M3MT190201-0(4).jpg', 'https://cdn-front.mao-select.com.tw//upload_files/fonlego-rwd/prodpic/D_a(169).jpg'),
(330, '寵物淚痕清潔液', 'Eye Envy', 5, 18, '<ul>\n  <li>保證美國正品</li>\n  <li>草藥混合配製而成，不含漂白劑、過氧化氫、類固醇或其他有害物質，安全、無刺激性</li>\n  <li>定期使用能預防寵物毛髮變色</li>\n</ul>\n\n<p><strong>使用方法說明：</strong></p>\n<ol>\n  <li>STEP 1：先以溫水將寵物眼部周邊的污漬輕輕擦淨。</li>\n  <li>STEP 2：將沾有EyeEnvy®淚痕去除清潔液的專用嫘縈棉片，擦拭犬/貓眼周有淚痕處以清潔患處。搭配使用“超薄專用嫘縈棉片”來幫助清潔該區域。塗抹墊具有華夫格狀紋理，沒有鬆散的棉絮刺激眼睛，較不會吸收液體。可輕輕剝落該區域，使液體更深的滲透。</li>\n  <li>STEP 3：自然乾燥即可，待污漬完全消除後，可保持一週使用一次定期保養，防止污漬再次出現。</li>\n</ol>\n\n<p>產品皆為外用品，請勿直接滲入寵物眼睛。首次為寵物去污時，以 Eye Envy 去淚痕液連同 Eye Envy 去淚痕粉「雙 E」雙管齊下的方式，可得最佳的清潔效果。</p>\n', 529, 476, 40, 22, '2023-07-10', 'https://cdn-front.mao-select.com.tw//upload_files/fonlego-rwd/prodpic/D_A1EE200102-規格.jpg', 'https://cdn-front.mao-select.com.tw//upload_files/fonlego-rwd/prodpic/D_A1EE200101-a.jpg', 'https://cdn-front.mao-select.com.tw//upload_files/fonlego-rwd/prodpic/D_4(6).jpg', 'https://cdn-front.mao-select.com.tw//upload_files/fonlego-rwd/prodpic/D_A1EE200101-a.jpg'),
(331, '寵物淚痕清潔粉', 'Eye Envy', 5, 18, '<ul>\n  <li>保證美國正品</li>\n  <li>草藥混合配製而成，不含漂白劑、過氧化氫、類固醇或其他有害物質，安全、無刺激性</li>\n  <li>定期使用能預防犬貓毛髮變色</li>\n</ul>\n\n<p><strong>使用方法說明：</strong></p>\n<ol>\n  <li>取一片擦拭巾，於污漬處輕輕擦拭，自然風乾即可。</li>\n  <li>產品皆為外用品，請勿直接滲入寵物眼睛。</li>\n  <li>首次為寵物去污時，以 Eye Envy 去淚痕液連同 Eye Envy 去淚痕粉「雙 E」雙管齊下的方式，可得最佳的清潔效果。</li>\n</ol>\n', 299, 269, 80, 44, '2023-07-03', 'https://cdn-front.mao-select.com.tw//upload_files/fonlego-rwd/prodpic/D_A1EE200301-規格(1).jpg', 'https://cdn-front.mao-select.com.tw//upload_files/fonlego-rwd/prodpic/D_A1EE200301-規格.jpg', 'https://cdn-front.mao-select.com.tw//upload_files/fonlego-rwd/prodpic/D_A1EE200301-規格(1).jpg', 'https://cdn-front.mao-select.com.tw//upload_files/fonlego-rwd/prodpic/D_A1EE200301-規格.jpg'),
(332, '寵物淚痕清潔濕巾', 'Eye Envy', 5, 18, '<ul>\n  <li>保證美國正品</li>\n  <li>草藥混合配製而成，不含漂白劑、過氧化氫、類固醇或其他有害物質，安全、無刺激性</li>\n  <li>定期使用能預防犬貓毛髮變色</li>\n</ul>\n<p>使用方法說明:</p>\n<ol>\n  <li>取一片擦拭巾，於污漬處輕輕擦拭，自然風乾即可</li>\n</ol>\n<p>產品皆為外用品，請勿直接滲入寵物眼睛</p>\n<p>首次為寵物去污時，以 Eye Envy 去淚痕液連同 Eye Envy 去淚痕粉「雙 E」雙管齊下的方式，可得最佳的清潔效果</p>\n', 729, 656, 63, 12, '2023-08-03', 'https://cdn-front.mao-select.com.tw//upload_files/fonlego-rwd/prodpic/D_A1EE200202-規格.jpg', 'https://cdn-front.mao-select.com.tw//upload_files/fonlego-rwd/prodpic/D_A1EE200202-a.jpg', 'https://cdn-front.mao-select.com.tw//upload_files/fonlego-rwd/prodpic/D_A1EE200201-b.jpg', 'https://cdn-front.mao-select.com.tw//upload_files/fonlego-rwd/prodpic/D_A1EE200201-b.jpg'),
(333, '潔耳液', '臭味滾', 5, 18, '<ul>\n  <li>深層溶解耳垢油脂 獨特水稠比深入耳道</li>\n  <li>複方植物萃取配方 保護耳朵皮膚不刺激</li>\n  <li>拒絕使用香精掩蓋 從根本消除臭味來源</li>\n</ul>', 320, 288, 75, 10, '2023-08-09', 'https://cdn-front.mao-select.com.tw//upload_files/fonlego-rwd/prodpic/D_A1OD190104-a.jpg', 'https://cdn-front.mao-select.com.tw//upload_files/fonlego-rwd/prodpic/D_A1OD190104-a.jpg', 'https://cdn-front.mao-select.com.tw//upload_files/fonlego-rwd/prodpic/D_A1OD190104-a.jpg', 'https://cdn-front.mao-select.com.tw//upload_files/fonlego-rwd/prodpic/D_A1OD190104-a.jpg');

-- --------------------------------------------------------

--
-- 資料表結構 `product_collections`
--

CREATE TABLE `product_collections` (
  `collection_id` int(30) NOT NULL,
  `user_id` int(30) NOT NULL,
  `product_id` int(30) NOT NULL,
  `product_type` int(30) NOT NULL
) ENGINE=InnoDB DEFAULT CHARSET=utf8 COLLATE=utf8_general_ci;

--
-- 傾印資料表的資料 `product_collections`
--

INSERT INTO `product_collections` (`collection_id`, `user_id`, `product_id`, `product_type`) VALUES
(1, 1, 208, 1),
(2, 1, 209, 1),
(3, 1, 210, 1),
(4, 1, 211, 1),
(6, 1, 212, 1),
(7, 1, 213, 1),
(8, 1, 129, 1),
(9, 1, 130, 1),
(10, 1, 131, 1);

-- --------------------------------------------------------

--
-- 資料表結構 `product_reviews`
--

CREATE TABLE `product_reviews` (
  `review_id` int(30) NOT NULL,
  `user_id` int(30) NOT NULL,
  `order_id` varchar(50) NOT NULL,
  `product_id` int(30) NOT NULL,
  `product_type` int(30) NOT NULL,
  `review_content` varchar(300) NOT NULL,
  `star_rating` int(10) NOT NULL,
  `review_date` varchar(50) NOT NULL
) ENGINE=InnoDB DEFAULT CHARSET=utf8 COLLATE=utf8_general_ci;

--
-- 傾印資料表的資料 `product_reviews`
--

INSERT INTO `product_reviews` (`review_id`, `user_id`, `order_id`, `product_id`, `product_type`, `review_content`, `star_rating`, `review_date`) VALUES
(1, 1, '5', 19, 1, '這款寵物罐頭的貓草配方讓我的貓每次都樂不思蜀', 4, '2023/9/1'),
(2, 1, '5', 20, 2, '我家的貓貓總是對這個罐頭表現得特別興奮，她絕對喜歡它的味道。', 5, '2023/9/2'),
(3, 1, '1', 18, 3, '我曾嘗試過許多不同的罐頭品牌，但這個是我貓最喜歡的，它簡直是貓咪的美味盛宴。', 5, '2023/9/3'),
(4, 4, '2', 4, 2, '我發現這個罐頭的貓草成分有助於緩解我貓的腸胃不適，而且她很喜歡吃它。', 4, '2023/9/4'),
(5, 5, '2', 5, 1, '這款寵物罐頭有多種口味選擇，無論我貓咪的口味如何，總能找到一款她愛吃的。', 3, '2023/9/5'),
(6, 6, '2', 6, 2, '我的貓對這個罐頭的味道十分著迷，我每次打開罐子她都會立刻跑來。', 5, '2023/9/6'),
(7, 7, '2', 7, 3, '我曾經用這個罐頭來訓練我的貓，它的味道對她來說是最好的獎勵。', 4, '2023/9/7'),
(8, 8, '2', 8, 1, '這款罐頭的包裝非常方便，每次給貓咪準備飯時都很輕鬆。', 5, '2023/9/8'),
(9, 9, '2', 9, 3, '我家貓是一個挑食的家伙，但對這個品牌的罐頭卻毫不挑剔，真是太好了。', 5, '2023/9/9'),
(10, 10, '2', 10, 4, '這個罐頭的質量讓我感到放心，我知道我給我的貓提供了一個優質的食物選擇。', 4, '2023/9/10'),
(11, 11, '2', 11, 1, '這款貓飼料的成分非常健康，我能夠放心地給我的貓提供高品質的食物。', 5, '2023/9/11'),
(12, 12, '2', 12, 2, '我的貓咪愛上了這種飼料的味道，每次都吃得津津有味，而且毛皮也變得更光亮了。', 5, '2023/9/12'),
(13, 13, '2', 13, 1, '這種貓飼料的口感很好，而且經濟實惠，是我找到的最好的價格和品質的選擇。', 4, '2023/9/13'),
(14, 14, '2', 14, 1, '我注意到，自從我開始給我的貓吃這種飼料之後，她的消化更好，體重也保持得很好。', 3, '2023/9/14'),
(15, 15, '2', 15, 2, '我經常受到獸醫的建議，他們都認為這款飼料是一個健康的選擇，對貓的整體健康有益。', 5, '2023/9/15'),
(16, 16, '2', 16, 2, '這種飼料有不同的口味選擇，所以我可以為我的貓提供多樣化的飲食體驗，她從不厭煩。', 4, '2023/9/16'),
(17, 17, '2', 17, 2, '我感到放心，因為這款飼料不含任何人工添加劑或填充物，完全是天然的食品選擇。', 3, '2023/9/17'),
(18, 18, '2', 18, 3, '這種飼料的包裝設計使得取用非常方便，我可以輕鬆地為我的貓提供新鮮食物。', 4, '2023/9/18'),
(19, 19, '2', 19, 1, '我的貓的毛皮變得更柔軟，更有光澤，而且她的活力水平也顯著提高，這都歸功於這種飼料。', 5, '2023/9/19'),
(20, 20, '2', 20, 4, '我很高興我找到了這款飼料，它不僅受到了我的貓的歡迎，而且也讓我擁有了一只更健康、快樂的寵物。', 5, '2023/9/20'),
(21, 21, '2', 21, 3, '這個貓玩具真的很受我家貓咪喜愛，她花了好多時間玩這個玩具，特別喜歡追著它跑。', 4, '2023/9/21'),
(22, 22, '2', 22, 2, '我一直在尋找一個可以讓我貓娛樂自己的玩具，這個玩具的設計很巧妙，讓她不停地玩耍。', 4, '2023/9/22'),
(23, 23, '2', 23, 2, '這款貓玩具的質量非常好，堅固耐用，即使貓經常抓住它，也不容易損壞。', 5, '2023/9/23'),
(24, 24, '2', 24, 1, '我喜歡這個貓玩具的互動性，我可以和貓一起玩，增加了我們之間的親密互動。', 5, '2023/9/24'),
(25, 25, '2', 25, 3, '我買了好多種貓玩具，但這個是我貓的最愛，她玩得非常開心，經常在半夜追逐它。', 5, '2023/9/25'),
(26, 26, '2', 26, 1, '這個貓營養品真的是救星！我的貓曾經健康狀況不佳，但自從我開始給她這個營養品後，她的毛皮更有光澤，精神更好了。', 5, '2023/9/26'),
(27, 27, '2', 27, 1, '我注意到我家的老貓在開始服用這個營養品後，更有精力，步伐更輕快，它真的有助於改善她的生活質量。', 4, '2023/9/27'),
(28, 28, '2', 28, 1, '這種貓營養品的成分非常全面，包括關鍵的維生素和礦物質，我可以放心地為我的貓提供維護健康所需的一切。', 3, '2023/9/28'),
(29, 29, '2', 29, 2, '我的獸醫推薦這個營養品，因為它能夠支持貓的關節健康，我家的貓現在可以更自在地行走和跳躍了。', 4, '2023/9/29'),
(30, 30, '2', 30, 2, '這個營養品的味道對我的貓非常吸引人，她每天都迫不及待地吃它，而且我也放心，知道她正在得到所需的營養。', 5, '2023/9/30'),
(31, 1, '6', 21, 0, '我的貓貓很喜歡', 5, '2023/10/1'),
(32, 1, '19', 58, 0, '這個罐頭我的貓貓超喜歡，有機會會再回購。', 5, '2023/10/1'),
(33, 2, '19', 63, 0, '這個口味我的貓貓很喜歡，一定會再回購。', 5, '2023/10/1'),
(34, 1, '1697440173892', 9, 0, '我的貓貓吃了這個飼料後，毛髮變得很柔順。', 4, '2023/10/20'),
(35, 1, '1697440325779', 211, 0, '這款魚油讓我家的貓貓變得更健康了!', 5, '2023/10/20'),
(36, 1, '1697440325779', 315, 0, '這款改善口腔異味的酵素，真的很有效，貓貓的口氣變得不那麼臭了!', 5, '2023/10/20'),
(37, 1, '1697439787472', 3, 0, '這款飼料的雞肉口味我家的貓貓超級喜歡的。', 5, '2023/10/20'),
(38, 1, '1697439787472', 14, 0, '這款罐頭的包裝非常方便，每次給貓咪準備飯時都很輕鬆。', 5, '2023/10/20'),
(39, 1, '1697440425729', 58, 0, '這個罐罐我的貓貓很喜歡!!', 4, '2023/10/20'),
(40, 1, '1697886675030', 107, 0, '這款鮮作零食我的貓貓超喜歡，下次會再回購。', 4, '2023/10/21'),
(41, 1, '1697887106115', 164, 0, '這款玩具我的貓貓超級喜歡玩得!真是物超所值~', 5, '2023/10/21'),
(42, 60, '5', 175, 1, '這款益生菌讓我的貓貓變得更健康了!!!', 5, '2023/10/21');

-- --------------------------------------------------------

--
-- 資料表結構 `product_type`
--

CREATE TABLE `product_type` (
  `product_type_id` int(10) NOT NULL,
  `product_id` int(10) NOT NULL,
  `type_id` int(10) NOT NULL,
  `type_name` varchar(20) NOT NULL
) ENGINE=InnoDB DEFAULT CHARSET=utf8mb4 COLLATE=utf8mb4_unicode_ci;

--
-- 傾印資料表的資料 `product_type`
--

INSERT INTO `product_type` (`product_type_id`, `product_id`, `type_id`, `type_name`) VALUES
(1, 1, 1, '雞肉'),
(2, 1, 2, '鮭魚'),
(3, 2, 1, '鮮蝦'),
(4, 2, 2, '鯖魚'),
(5, 2, 3, '干貝'),
(6, 3, 1, '鮪魚'),
(7, 3, 2, '牛肉'),
(8, 4, 1, '雞肉'),
(9, 4, 2, '鮭魚'),
(10, 4, 3, '鮮蝦'),
(11, 5, 1, '鯖魚'),
(12, 5, 2, '干貝'),
(13, 5, 3, '鮪魚'),
(14, 5, 4, '牛肉'),
(15, 6, 1, '雞肉'),
(16, 7, 1, 'Omega-3'),
(17, 7, 2, 'Omega-3'),
(18, 8, 1, '鯖魚'),
(19, 8, 2, '干貝'),
(20, 8, 3, '鮪魚'),
(21, 9, 1, '牛肉'),
(22, 9, 2, '雞肉'),
(23, 10, 1, '鮭魚'),
(24, 10, 2, '鮮蝦'),
(25, 11, 1, '鯖魚'),
(26, 11, 2, '干貝'),
(27, 12, 1, '鮪魚'),
(28, 12, 2, '牛肉'),
(29, 13, 1, '雞肉'),
(30, 13, 2, '鮭魚'),
(31, 13, 3, '鮮蝦'),
(32, 14, 1, '鯖魚'),
(33, 14, 2, '干貝'),
(34, 14, 3, '鮪魚'),
(35, 14, 4, '牛肉'),
(36, 15, 1, '雞肉'),
(37, 15, 2, '鮭魚'),
(38, 15, 3, '鮮蝦'),
(39, 15, 4, '鯖魚'),
(40, 16, 1, '干貝'),
(41, 16, 2, '鮪魚'),
(42, 16, 3, '牛肉'),
(43, 17, 1, '雞肉'),
(44, 17, 2, '鮭魚'),
(45, 18, 1, '鮮蝦'),
(46, 18, 2, '鯖魚'),
(47, 19, 1, '干貝'),
(48, 20, 1, '鮪魚'),
(49, 20, 2, '牛肉'),
(50, 20, 3, '雞肉'),
(51, 21, 1, '鮭魚'),
(52, 21, 2, '鮮蝦'),
(53, 22, 1, '鯖魚'),
(54, 22, 2, '干貝'),
(55, 23, 1, '鮪魚'),
(56, 24, 1, '牛肉'),
(57, 24, 2, '雞肉'),
(58, 24, 3, '鮭魚'),
(59, 24, 4, '鮮蝦'),
(60, 25, 1, '鯖魚'),
(61, 25, 2, '干貝'),
(62, 26, 1, '鮪魚'),
(63, 26, 2, '牛肉'),
(64, 26, 3, '雞肉'),
(65, 27, 1, '鮭魚'),
(66, 27, 2, '鮮蝦'),
(67, 28, 1, '鯖魚'),
(68, 28, 2, '干貝'),
(69, 29, 1, '鮪魚'),
(70, 29, 2, '牛肉'),
(71, 30, 1, '雞肉'),
(72, 30, 2, '鮭魚'),
(73, 30, 3, '鮮蝦'),
(74, 30, 4, '鯖魚'),
(75, 31, 1, '干貝'),
(76, 31, 2, '鮪魚'),
(77, 31, 3, '牛肉'),
(78, 31, 4, '雞肉'),
(79, 31, 5, '鮭魚'),
(80, 32, 1, '鮮蝦'),
(81, 32, 2, '鯖魚'),
(82, 33, 1, '干貝'),
(83, 34, 1, '鮪魚'),
(84, 34, 2, '牛肉'),
(85, 34, 3, '雞肉'),
(86, 35, 1, '鮭魚'),
(87, 35, 2, '鮮蝦'),
(88, 35, 3, '鯖魚'),
(89, 35, 4, '干貝'),
(90, 36, 1, '鮪魚'),
(91, 36, 2, '牛肉'),
(92, 37, 1, '雞肉'),
(93, 37, 2, '鮭魚'),
(94, 37, 3, '鮮蝦'),
(95, 38, 1, '鯖魚'),
(96, 38, 2, '干貝'),
(97, 38, 3, '鮪魚'),
(98, 38, 4, '牛肉'),
(99, 39, 1, '雞肉'),
(100, 40, 1, '鮭魚'),
(101, 40, 2, '鮮蝦'),
(102, 41, 1, '鯖魚'),
(103, 41, 2, '干貝'),
(104, 42, 1, '鮪魚'),
(105, 42, 2, '牛肉'),
(106, 42, 3, '雞肉'),
(107, 43, 1, '鮭魚'),
(108, 44, 1, '鮮蝦'),
(109, 44, 2, '鯖魚'),
(110, 44, 3, '干貝'),
(111, 44, 4, '鮪魚'),
(112, 45, 1, '牛肉'),
(113, 45, 2, '雞肉'),
(114, 46, 1, '鮭魚'),
(115, 46, 2, '鮮蝦'),
(116, 47, 1, '鯖魚'),
(117, 47, 2, '干貝'),
(118, 47, 3, '鮪魚'),
(119, 48, 1, '牛肉'),
(120, 48, 2, '雞肉'),
(121, 48, 3, '鮭魚'),
(122, 48, 4, '鮮蝦'),
(123, 49, 1, '鯖魚'),
(124, 49, 2, '干貝'),
(125, 49, 3, '鮪魚'),
(126, 50, 1, '牛肉'),
(127, 51, 1, '雞肉'),
(128, 51, 2, '鮭魚'),
(129, 51, 3, '鮮蝦'),
(130, 52, 1, '鯖魚'),
(131, 52, 2, '干貝'),
(132, 52, 3, '鮪魚'),
(133, 52, 4, '牛肉'),
(134, 53, 1, '雞肉'),
(135, 54, 1, '鮭魚'),
(136, 54, 2, '鮮蝦'),
(137, 54, 3, '鯖魚'),
(138, 55, 1, '干貝'),
(139, 55, 2, '鮪魚'),
(140, 56, 1, '牛肉'),
(141, 56, 2, '雞肉'),
(142, 56, 3, '鮭魚'),
(143, 57, 1, '鮮蝦'),
(144, 57, 2, '鯖魚'),
(145, 57, 3, '干貝'),
(146, 58, 1, '鮪魚'),
(147, 58, 2, '牛肉'),
(148, 58, 3, '雞肉'),
(149, 59, 1, '鮭魚'),
(150, 59, 2, '鮮蝦'),
(151, 59, 3, '鯖魚'),
(152, 60, 1, '干貝'),
(153, 60, 2, '鮪魚'),
(154, 61, 1, '牛肉'),
(155, 61, 2, '雞肉'),
(156, 61, 3, '鮭魚'),
(157, 61, 4, '鮮蝦'),
(158, 61, 5, '鯖魚'),
(159, 62, 1, '干貝'),
(160, 62, 2, '鮪魚'),
(161, 62, 3, '牛肉'),
(162, 62, 4, '雞肉'),
(163, 63, 1, '鮭魚'),
(164, 63, 2, '鮮蝦'),
(165, 64, 1, '鯖魚'),
(166, 64, 2, '干貝'),
(167, 65, 1, '鮪魚'),
(168, 66, 1, '牛肉'),
(169, 66, 2, '雞肉'),
(170, 66, 3, '鮭魚'),
(171, 67, 1, '鮮蝦'),
(172, 67, 2, '鯖魚'),
(173, 67, 3, '干貝'),
(174, 67, 4, '鮪魚'),
(175, 68, 1, '牛肉'),
(176, 68, 2, '雞肉'),
(177, 69, 1, '鮭魚'),
(178, 69, 2, '鮮蝦'),
(179, 70, 1, '鯖魚'),
(180, 70, 2, '干貝'),
(181, 70, 3, '鮪魚'),
(182, 71, 1, '牛肉'),
(183, 71, 2, '雞肉'),
(184, 71, 3, '鮭魚'),
(185, 71, 4, '鮮蝦'),
(186, 72, 1, '鯖魚'),
(187, 72, 2, '干貝'),
(188, 72, 3, '鮪魚'),
(189, 73, 1, '牛肉'),
(190, 73, 2, '雞肉'),
(191, 73, 3, '鮭魚'),
(192, 74, 1, '鮮蝦'),
(193, 74, 2, '鯖魚'),
(194, 75, 1, '干貝'),
(195, 76, 1, '鮪魚'),
(196, 76, 2, '牛肉'),
(197, 76, 3, '雞肉'),
(198, 76, 4, '鮭魚'),
(199, 77, 1, '鮮蝦'),
(200, 77, 2, '鯖魚'),
(201, 77, 3, '干貝'),
(202, 77, 4, '鮪魚'),
(203, 78, 1, '牛肉'),
(204, 78, 2, '雞肉'),
(205, 79, 1, '鮭魚'),
(206, 79, 2, '鮮蝦'),
(207, 80, 1, '鯖魚'),
(208, 80, 2, '干貝'),
(209, 80, 3, '鮪魚'),
(210, 81, 1, '牛肉'),
(211, 81, 2, '雞肉'),
(212, 82, 1, '鮭魚'),
(213, 82, 2, '鮮蝦'),
(214, 82, 3, '鯖魚'),
(215, 83, 1, '干貝'),
(216, 83, 2, '鮪魚'),
(217, 84, 1, '牛肉'),
(218, 84, 2, '雞肉'),
(219, 84, 3, '鮭魚'),
(220, 85, 1, '鮮蝦'),
(221, 85, 2, '鯖魚'),
(222, 85, 3, '干貝'),
(223, 85, 4, '鮪魚'),
(224, 86, 1, '牛肉'),
(225, 87, 1, '雞肉'),
(226, 87, 2, '鮭魚'),
(227, 88, 1, '鮮蝦'),
(228, 88, 2, '鯖魚'),
(229, 88, 3, '干貝'),
(230, 89, 1, '鮪魚'),
(231, 89, 2, '牛肉'),
(232, 90, 1, '雞肉'),
(233, 90, 2, '鮭魚'),
(234, 91, 1, '鮮蝦'),
(235, 91, 2, '鯖魚'),
(236, 92, 1, '干貝'),
(237, 92, 2, '鮪魚'),
(238, 93, 1, '牛肉'),
(239, 93, 2, '雞肉'),
(240, 93, 3, '鮭魚'),
(241, 94, 1, '鮮蝦'),
(242, 94, 2, '鯖魚'),
(243, 94, 3, '干貝'),
(244, 94, 4, '鮪魚'),
(245, 95, 1, '牛肉'),
(246, 95, 2, '雞肉'),
(247, 95, 3, '鮭魚'),
(248, 95, 4, '鮮蝦'),
(249, 96, 1, '鯖魚'),
(250, 96, 2, '干貝'),
(251, 96, 3, '鮪魚'),
(252, 97, 1, '牛肉'),
(253, 97, 2, '雞肉'),
(254, 98, 1, '鮭魚'),
(255, 98, 2, '鮮蝦'),
(256, 99, 1, '鯖魚'),
(257, 100, 1, '干貝'),
(258, 100, 2, '鮪魚'),
(259, 100, 3, '牛肉'),
(260, 101, 1, '雞肉'),
(261, 101, 2, '鮭魚'),
(262, 102, 1, '鮮蝦'),
(263, 102, 2, '鯖魚'),
(264, 103, 1, '干貝'),
(265, 104, 1, '鮪魚'),
(266, 104, 2, '牛肉'),
(267, 104, 3, '雞肉'),
(268, 104, 4, '鮭魚'),
(269, 105, 1, '鮮蝦'),
(270, 105, 2, '鯖魚'),
(271, 106, 1, '干貝'),
(272, 106, 2, '鮪魚'),
(273, 106, 3, '牛肉'),
(274, 107, 1, '雞肉'),
(275, 107, 2, '鮭魚'),
(276, 108, 1, '鮮蝦'),
(277, 108, 2, '鯖魚'),
(278, 109, 1, '干貝'),
(279, 109, 2, '鮪魚'),
(280, 110, 1, '牛肉'),
(281, 110, 2, '雞肉'),
(282, 110, 3, '鮭魚'),
(283, 110, 4, '鮮蝦'),
(284, 111, 1, '鯖魚'),
(285, 111, 2, '干貝'),
(286, 111, 3, '鮪魚'),
(287, 111, 4, '牛肉'),
(288, 111, 5, '雞肉'),
(289, 112, 1, '鮭魚'),
(290, 112, 2, '鮮蝦'),
(291, 113, 1, '鯖魚'),
(292, 114, 1, '干貝'),
(293, 114, 2, '鮪魚'),
(294, 114, 3, '牛肉'),
(295, 115, 1, '雞肉'),
(296, 115, 2, '鮭魚'),
(297, 115, 3, '鮮蝦'),
(298, 115, 4, '鯖魚'),
(299, 116, 1, '干貝'),
(300, 116, 2, '鮪魚'),
(301, 117, 1, '牛肉'),
(302, 117, 2, '雞肉'),
(303, 117, 3, '鮭魚'),
(304, 118, 1, '鮮蝦'),
(305, 118, 2, '鯖魚'),
(306, 118, 3, '干貝'),
(307, 118, 4, '鮪魚'),
(308, 119, 1, '牛肉'),
(309, 120, 1, '雞肉'),
(310, 120, 2, '鮭魚'),
(311, 121, 1, '鮮蝦'),
(312, 121, 2, '鯖魚'),
(313, 122, 1, '干貝'),
(314, 122, 2, '鮪魚'),
(315, 122, 3, '牛肉'),
(316, 123, 1, '雞肉'),
(317, 124, 1, '鮭魚'),
(318, 124, 2, '鮮蝦'),
(319, 124, 3, '鯖魚'),
(320, 124, 4, '干貝'),
(321, 125, 1, '鮪魚'),
(322, 125, 2, '牛肉'),
(323, 126, 1, '雞肉'),
(324, 126, 2, '鮭魚'),
(325, 127, 1, '鮮蝦'),
(326, 127, 2, '鯖魚'),
(327, 127, 3, '干貝'),
(328, 128, 1, '鮪魚'),
(329, 128, 2, '牛肉'),
(330, 128, 3, '雞肉'),
(331, 128, 4, '鮭魚'),
(332, 129, 1, '1包'),
(333, 130, 1, '1包'),
(334, 131, 1, '1包'),
(335, 132, 1, '1包'),
(336, 133, 1, '1包'),
(337, 134, 1, '1包'),
(338, 135, 1, '棕色'),
(339, 135, 2, '粉色'),
(340, 135, 3, '白色'),
(341, 136, 1, '灰色'),
(342, 136, 2, '米色'),
(343, 136, 3, '棕色'),
(344, 136, 4, '粉色'),
(345, 137, 1, '白色'),
(346, 137, 2, '灰色'),
(347, 137, 3, '米色'),
(348, 138, 1, '棕色'),
(349, 139, 1, '粉色'),
(350, 139, 2, '白色'),
(351, 140, 1, '灰色'),
(352, 141, 1, '米色'),
(353, 141, 2, '棕色'),
(354, 141, 3, '粉色'),
(355, 142, 1, '白色'),
(356, 142, 2, '灰色'),
(357, 142, 3, '米色'),
(358, 143, 1, '棕色'),
(359, 143, 2, '粉色'),
(360, 143, 3, '白色'),
(361, 143, 4, '灰色'),
(362, 144, 1, '米色'),
(363, 145, 1, '棕色'),
(364, 145, 2, '粉色'),
(365, 145, 3, '白色'),
(366, 145, 4, '灰色'),
(367, 146, 1, '米色'),
(368, 146, 2, '棕色'),
(369, 146, 3, '粉色'),
(370, 147, 1, '白色'),
(371, 148, 1, '灰色'),
(372, 148, 2, '米色'),
(373, 148, 3, '棕色'),
(374, 149, 1, '粉色'),
(375, 149, 2, '白色'),
(376, 150, 1, '灰色'),
(377, 151, 1, '米色'),
(378, 151, 2, '棕色'),
(379, 151, 3, '粉色'),
(380, 152, 1, '白色'),
(381, 152, 2, '灰色'),
(382, 153, 1, '米色'),
(383, 154, 1, '棕色'),
(384, 154, 2, '粉色'),
(385, 154, 3, '白色'),
(386, 154, 4, '灰色'),
(387, 155, 1, '米色'),
(388, 155, 2, '棕色'),
(389, 155, 3, '粉色'),
(390, 156, 1, '白色'),
(391, 156, 2, '灰色'),
(392, 157, 1, '米色'),
(393, 157, 2, '棕色'),
(394, 157, 3, '粉色'),
(395, 158, 1, '白色'),
(396, 158, 2, '灰色'),
(397, 159, 1, '1入'),
(398, 160, 1, '1入'),
(399, 161, 1, '1入'),
(400, 162, 1, '1入'),
(401, 163, 1, '1入'),
(402, 164, 1, '1入'),
(403, 165, 1, '1入'),
(404, 166, 1, '1入'),
(405, 167, 1, '1入'),
(406, 168, 1, '1入'),
(407, 169, 1, '1盒'),
(408, 170, 1, '1盒'),
(409, 171, 1, '1盒'),
(410, 172, 1, '1盒'),
(411, 173, 1, '1盒'),
(412, 174, 1, '1盒'),
(413, 175, 1, '1盒'),
(414, 176, 1, '1盒'),
(415, 177, 1, '1盒'),
(416, 178, 1, '1盒'),
(417, 179, 1, '1盒'),
(418, 180, 1, '1盒'),
(419, 181, 1, '1盒'),
(420, 182, 1, '1盒'),
(421, 183, 1, '1盒'),
(422, 184, 1, '1盒'),
(423, 185, 1, '1盒'),
(424, 186, 1, '1盒'),
(425, 187, 1, '1盒'),
(426, 188, 1, '1盒'),
(427, 189, 1, '1盒'),
(428, 190, 1, '1盒'),
(429, 191, 1, '1盒'),
(430, 192, 1, '1盒'),
(431, 193, 1, '1盒'),
(432, 194, 1, '1盒'),
(433, 195, 1, '1盒'),
(434, 196, 1, '1盒'),
(435, 197, 1, '1盒'),
(436, 198, 1, '1盒'),
(437, 199, 1, '1盒'),
(438, 200, 1, '1盒'),
(439, 201, 1, '1盒'),
(440, 202, 1, '1盒'),
(441, 203, 1, '1盒'),
(442, 204, 1, '1盒'),
(443, 205, 1, '1盒'),
(444, 206, 1, '1盒'),
(445, 207, 1, '1盒'),
(446, 208, 1, '白色'),
(447, 209, 1, '小熊'),
(448, 210, 1, '全透綠'),
(449, 210, 2, '全透粉'),
(450, 211, 1, '1入'),
(451, 212, 1, '瑪瑙灰'),
(452, 213, 1, '淺灰色'),
(453, 213, 2, '蘆葦綠'),
(454, 214, 1, '灰色'),
(455, 214, 2, '米白色'),
(456, 215, 1, '米白色'),
(457, 216, 1, '套裝組'),
(458, 217, 1, '深灰色'),
(459, 218, 1, '沈穩灰'),
(460, 218, 2, '極簡白'),
(461, 219, 1, '北歐花境'),
(462, 219, 2, '哈士奇灰'),
(463, 220, 1, '哈士奇灰'),
(464, 220, 2, '迷彩小威'),
(465, 221, 1, '北歐花境'),
(466, 222, 1, '杏色'),
(467, 222, 2, '茶色'),
(468, 222, 3, '黃色'),
(469, 222, 4, '黑色'),
(470, 222, 5, '粉色'),
(471, 222, 6, '白色'),
(472, 223, 1, '極光'),
(473, 223, 2, '落日'),
(474, 223, 3, '彩虹'),
(475, 223, 4, '艷陽'),
(476, 223, 5, '雲彩'),
(477, 224, 1, '夾心餅乾'),
(478, 225, 1, '墨綠'),
(479, 225, 2, '卡其'),
(480, 225, 3, '蜜橙'),
(481, 225, 4, '灰綠'),
(482, 225, 5, '純黑'),
(483, 226, 1, '火山灰'),
(484, 226, 2, '茶褐灰'),
(485, 227, 1, '雅梨黃'),
(486, 227, 2, '莓果粉'),
(487, 227, 3, '松煙灰'),
(488, 228, 1, '溫暖微笑花'),
(489, 229, 1, '綠野公園'),
(490, 229, 2, '星灰岩石'),
(491, 230, 1, '米色'),
(492, 230, 2, '深棕'),
(493, 231, 1, '黃色'),
(494, 232, 1, '森林綠'),
(495, 232, 2, '沙漠棕'),
(496, 233, 1, '米色'),
(497, 233, 2, '粉色'),
(498, 233, 3, '橘色'),
(499, 234, 1, '淡白色'),
(500, 235, 1, '卡其迷你投影機'),
(501, 236, 1, '粉綠'),
(502, 236, 2, '黃灰'),
(503, 237, 1, '藍色'),
(504, 237, 2, '綠色'),
(505, 238, 1, '米白'),
(506, 238, 2, '淺藍'),
(507, 239, 1, '復古花草'),
(508, 240, 1, '白'),
(509, 241, 1, '浴缸'),
(510, 242, 1, '雙柱款'),
(511, 242, 2, '直立款'),
(512, 243, 1, '木質'),
(513, 244, 1, '杏白'),
(514, 245, 1, '樹洞款'),
(515, 246, 1, '燕麥色'),
(516, 247, 1, '咖啡色'),
(517, 247, 2, '黑色'),
(518, 248, 1, '羽毛三入'),
(519, 249, 1, '泡芙芙'),
(520, 250, 1, '白手套'),
(521, 250, 2, '機器貓'),
(522, 251, 1, '小雞羽毛'),
(523, 252, 1, '智能小魔球'),
(524, 253, 1, '蹦迪兔'),
(525, 254, 1, '蹦迪駝'),
(526, 255, 1, '粉紫色'),
(527, 255, 2, '藍灰色'),
(528, 256, 1, '蹦迪鵝'),
(529, 257, 1, '錄影帶'),
(530, 258, 1, '龍蝦'),
(531, 259, 1, '章魚燒'),
(532, 260, 1, '印地安人'),
(533, 261, 1, '滅火器'),
(534, 262, 1, '爆炸小子'),
(535, 263, 1, '碗豆'),
(536, 264, 1, '檸檬'),
(537, 265, 1, '蝶飛飛'),
(538, 266, 1, '愛心甜甜圈'),
(539, 267, 1, '藍色'),
(540, 268, 1, 'My 洗衣書'),
(541, 269, 1, '貓抓盒'),
(542, 269, 2, '抓板替換裝'),
(543, 270, 1, '鱷魚'),
(544, 271, 1, '鏡沙黑'),
(545, 271, 2, '幕示白'),
(546, 272, 1, '時空羅盤貓抓板'),
(547, 273, 1, '立方盒'),
(548, 274, 1, '白'),
(549, 275, 1, '8字貓抓板'),
(550, 276, 1, '貓抓板窩'),
(551, 277, 1, '雞蛋糕抓板貓窩'),
(552, 278, 1, '幻彩'),
(553, 279, 1, '白色'),
(554, 279, 2, '粉色'),
(555, 279, 3, '藍色'),
(556, 280, 1, '米白色'),
(557, 281, 1, '魔板寵物秤'),
(558, 282, 1, '小雞圓盤'),
(559, 283, 1, '蘇打貓抓板'),
(560, 284, 1, '小櫻桃'),
(561, 285, 1, '聖誕麋鹿'),
(562, 286, 1, '貓山款'),
(563, 287, 1, '淘金喵瓦楞紙貓屋'),
(564, 288, 1, '綠色'),
(565, 289, 1, '奶油寵物毛梳'),
(566, 290, 1, '秋葉黃'),
(567, 290, 2, '雪青紫'),
(568, 291, 1, '臉部密齒梳'),
(569, 292, 1, '白色'),
(570, 293, 1, '鉗型'),
(571, 294, 1, '指甲剪（黃色）'),
(572, 295, 1, '白色'),
(573, 296, 1, '白色'),
(574, 297, 1, '槍型'),
(575, 298, 1, '剪刀型'),
(576, 299, 1, '白色充電款'),
(577, 300, 1, '貓用潔齒刷'),
(578, 301, 1, '扁頭M'),
(579, 302, 1, '柔軟細毛'),
(580, 303, 1, '貓用3合1全效潔牙套組'),
(581, 304, 1, '貓用潔牙訓練套組'),
(582, 305, 1, '牙結石刮刀'),
(583, 306, 1, '哈蜜瓜味'),
(584, 306, 2, '甜番薯味'),
(585, 307, 1, '原味'),
(586, 308, 1, '40g'),
(587, 309, 1, '酵素牙膏'),
(588, 310, 1, '潔牙護理酵素'),
(589, 311, 1, '潔齒用'),
(590, 312, 1, '潔齒用指套款 '),
(591, 313, 1, '亮白齒巾'),
(592, 314, 1, '清潔紙巾'),
(593, 315, 1, '牙齒白 (齒垢凝膠)'),
(594, 316, 1, '口腔凝膠'),
(595, 317, 1, '口日新'),
(596, 318, 1, '潔牙美牙筆'),
(597, 319, 1, '貓用潔牙水'),
(598, 320, 1, '三合一套組'),
(599, 320, 2, '潔牙水'),
(600, 320, 3, '潔牙凝膠'),
(601, 321, 1, '口腔除臭噴霧'),
(602, 322, 1, '口腔護理噴霧'),
(603, 323, 1, '指套濕巾'),
(604, 324, 1, '耳道滴劑'),
(605, 325, 1, '耳道滴劑'),
(606, 326, 1, '耳部精油棉棒'),
(607, 327, 1, '耳洗淨滴耳液'),
(608, 328, 1, '球狀雙頭耳部清潔棉棒'),
(609, 329, 1, '貓用'),
(610, 330, 1, '寵物淚痕清潔液'),
(611, 331, 1, '寵物淚痕清潔粉'),
(612, 332, 1, '寵物淚痕清潔濕巾'),
(613, 333, 1, '潔耳液');

-- --------------------------------------------------------

--
-- 資料表結構 `subcategory`
--

CREATE TABLE `subcategory` (
  `subcategory_id` int(30) NOT NULL,
  `subcategory_name` varchar(30) NOT NULL,
  `subcategory_slug` varchar(50) NOT NULL,
  `category_id` int(30) NOT NULL,
  `valid` tinyint(4) NOT NULL
) ENGINE=InnoDB DEFAULT CHARSET=utf8mb4 COLLATE=utf8mb4_general_ci;

--
-- 傾印資料表的資料 `subcategory`
--

INSERT INTO `subcategory` (`subcategory_id`, `subcategory_name`, `subcategory_slug`, `category_id`, `valid`) VALUES
(1, '飼料', 'feed', 1, 1),
(2, '罐頭', 'canned_food', 1, 1),
(3, '零食', 'treats', 1, 1),
(4, '外出', 'outdoor', 2, 1),
(5, '玩具', 'toys', 2, 1),
(6, '貓窩', 'cat _bed', 2, 1),
(7, '貓抓板', 'scratching_post', 2, 1),
(8, '貓砂', 'cat_litter', 3, 1),
(9, '貓砂盆', 'litter_box', 3, 1),
(10, '環境除臭', 'odor_control', 3, 1),
(11, '益生菌', 'probiotics', 4, 1),
(12, '關節', 'arthrosis', 4, 1),
(13, '化毛', 'hair_removal', 4, 1),
(14, 'Omega-3', 'omega-3', 4, 1),
(15, '除毛梳', 'deshedding_brush', 5, 1),
(16, '修剪用具', 'grooming_tools', 5, 1),
(17, '口腔清潔', 'oral_care', 5, 1),
(18, '眼耳清潔', 'eye_and_ear_cleaning', 5, 1);

-- --------------------------------------------------------

--
-- 資料表結構 `userinfo`
--

CREATE TABLE `userinfo` (
  `user_id` int(11) NOT NULL,
  `name` varchar(30) NOT NULL,
  `phone` varchar(30) DEFAULT NULL,
  `postcode` varchar(10) DEFAULT NULL,
  `city` varchar(255) DEFAULT NULL,
  `area` varchar(255) DEFAULT NULL,
  `address` varchar(50) DEFAULT NULL,
  `birthday` date DEFAULT NULL,
  `pet_number` int(30) DEFAULT NULL,
  `gender` varchar(8) DEFAULT NULL,
  `cover_photo` varchar(200) DEFAULT 'https://images.unsplash.com/photo-1583795128727-6ec3642408f8?ixlib=rb-4.0.3&ixid=M3wxMjA3fDB8MHxwaG90by1wYWdlfHx8fGVufDB8fHx8fA%3D%3D&auto=format&fit=crop&w=2714&q=80',
  `level_id` int(30) DEFAULT NULL,
  `created_at` datetime DEFAULT current_timestamp(),
  `cat_helper` tinyint(1) DEFAULT 0 COMMENT '0不開，1開',
  `password` varchar(100) NOT NULL,
  `email` varchar(30) NOT NULL,
  `valid` tinyint(4) UNSIGNED DEFAULT 0
) ENGINE=InnoDB DEFAULT CHARSET=utf8mb4 COLLATE=utf8mb4_general_ci;

--
-- 傾印資料表的資料 `userinfo`
--

INSERT INTO `userinfo` (`user_id`, `name`, `phone`, `postcode`, `city`, `area`, `address`, `birthday`, `pet_number`, `gender`, `cover_photo`, `level_id`, `created_at`, `cat_helper`, `password`, `email`, `valid`) VALUES
(1, '朴蘿菠', '0912516475', '110', '台北市', '信義區', '大勇路2338號', '1995-11-28', 5, '女', 'https://images.unsplash.com/photo-1567049787320-7923ab116c83?auto=format&fit=crop&q=80&w=1587&ixlib=rb-4.0.3&ixid=M3wxMjA3fDB8MHxwaG90by1wYWdlfHx8fGVufDB8fHx8fA%3D%3D', 0, '0000-00-00 00:00:00', 1, 'qwerty1234', 'jack@example.com', 0),
(2, '康恐郎', '0912516476', '237', '新北市', '三峽區', '大勇路2338號', '2013-10-05', 3, '女', 'https://images.pexels.com/photos/2194260/pexels-photo-2194260.jpeg?auto=compress&cs=tinysrgb&w=1260&h=750&dpr=2', 0, '0000-00-00 00:00:00', 1, '$2y$10$1bQHdnCp7zj2BRrFIjcrTeOQ7soPWJ2LvWg3b.Py9SA7XTdCvbMk2', 'johndoe@example.com', 0),
(3, '晨陽', '0912516477', '814', '高雄市', '仁武區', '水管路4861號', '1970-11-29', 3, '女', 'https://images.pexels.com/photos/1404819/pexels-photo-1404819.jpeg?auto=compress&cs=tinysrgb&dpr=1&fit=crop&h=200&w=280', 0, '0000-00-00 00:00:00', 1, '$2y$10$1bQHdnCp7zj2BRrFIjcrTeOQ7soPWJ2LvWg3b.Py9SA7XTdCvbMk2', 'Ammy@test.com', 0),
(4, '文強', '0912516478', '408', '台中市', '南屯區', '大墩三街2495號', '1993-07-04', 4, '女', 'https://images.pexels.com/photos/3777622/pexels-photo-3777622.jpeg?auto=compress&cs=tinysrgb&dpr=1&fit=crop&h=200&w=280', 0, '0000-00-00 00:00:00', 1, '$2y$10$1bQHdnCp7zj2BRrFIjcrTeOQ7soPWJ2LvWg3b.Py9SA7XTdCvbMk2', 'Gary@test.com', 0),
(5, '浩然', '0912516479', '708', '台南市', '安平區', '建平十一街542號', '1973-07-05', 4, '女', 'https://images.pexels.com/photos/977935/pexels-photo-977935.jpeg?auto=compress&cs=tinysrgb&dpr=1&fit=crop&h=200&w=280', 0, '0000-00-00 00:00:00', 0, '$2y$10$1bQHdnCp7zj2BRrFIjcrTeOQ7soPWJ2LvWg3b.Py9SA7XTdCvbMk2', 'Eric@test.com', 0),
(6, '俊傑', '0912516480', '330', '桃園市', '桃園區', '福清街4546號', '1978-05-13', 4, '女', 'https://images.pexels.com/photos/982300/pexels-photo-982300.jpeg?auto=compress&cs=tinysrgb&dpr=1&fit=crop&h=200&w=280', 0, '0000-00-00 00:00:00', 1, '$2y$10$1bQHdnCp7zj2BRrFIjcrTeOQ7soPWJ2LvWg3b.Py9SA7XTdCvbMk2', 'Amy@test.com', 0),
(7, '澤宇', '0912516481', '202', '基隆市', '中正區', '八斗街2621號', '0000-00-00', 1, '女', 'https://images.pexels.com/photos/1317844/pexels-photo-1317844.jpeg?auto=compress&cs=tinysrgb&dpr=1&fit=crop&h=200&w=280', 0, '0000-00-00 00:00:00', 1, '$2y$10$1bQHdnCp7zj2BRrFIjcrTeOQ7soPWJ2LvWg3b.Py9SA7XTdCvbMk2', 'Carol@test.com', 0),
(8, '博文', '0912516482', '300', '新竹市', '全區', '北區中興路13號', '1680-06-27', 1, '女', 'https://images.pexels.com/photos/1741206/pexels-photo-1741206.jpeg?auto=compress&cs=tinysrgb&dpr=1&fit=crop&h=200&w=280', 0, '0000-00-00 00:00:00', 1, '$2y$10$1bQHdnCp7zj2BRrFIjcrTeOQ7soPWJ2LvWg3b.Py9SA7XTdCvbMk2', 'Alice@test.com', 0),
(9, '志強', '0912516483', '302', '新竹縣', '竹北市', '縣政九路300號', '1980-12-12', 1, '女', 'https://images.pexels.com/photos/2173872/pexels-photo-2173872.jpeg?auto=compress&cs=tinysrgb&dpr=1&fit=crop&h=200&w=280', 0, '0000-00-00 00:00:00', 1, '$2y$10$1bQHdnCp7zj2BRrFIjcrTeOQ7soPWJ2LvWg3b.Py9SA7XTdCvbMk2', 'Marry@test.com', 0),
(10, '濤濤', '0912516484', '351', '苗栗縣', '頭份市', '花園五街17號', '1983-01-29', 1, '男', 'https://images.pexels.com/photos/755834/pexels-photo-755834.jpeg?auto=compress&cs=tinysrgb&dpr=1&fit=crop&h=200&w=280', 0, '0000-00-00 00:00:00', 1, '$2y$10$1bQHdnCp7zj2BRrFIjcrTeOQ7soPWJ2LvWg3b.Py9SA7XTdCvbMk2', 'Anne@test.com', 0),
(11, '美麗', '0912516485', '515', '彰化縣', '大村鄉', '員大路10號', '1677-10-10', 4, '男', 'https://images.pexels.com/photos/384555/pexels-photo-384555.jpeg?auto=compress&cs=tinysrgb&dpr=1&fit=crop&h=200&w=280', 0, '0000-00-00 00:00:00', 0, '$2y$10$1bQHdnCp7zj2BRrFIjcrTeOQ7soPWJ2LvWg3b.Py9SA7XTdCvbMk2', 'Antonia@test.com', 0),
(12, '慧娟', '0912516486', '552', '南投縣', '集集鎮', '中集二街4857號', '1973-01-26', 4, '男', 'https://images.pexels.com/photos/2928158/pexels-photo-2928158.jpeg?auto=compress&cs=tinysrgb&dpr=1&fit=crop&h=200&w=280', 0, '0000-00-00 00:00:00', 1, '$2y$10$1bQHdnCp7zj2BRrFIjcrTeOQ7soPWJ2LvWg3b.Py9SA7XTdCvbMk2', 'Aspasia@test.com', 0),
(13, '雨婷', '0912516487', '630', '雲林縣', '斗南鎮', '世榮街16號', '1975-06-06', 4, '男', 'https://images.pexels.com/photos/2686914/pexels-photo-2686914.jpeg?auto=compress&cs=tinysrgb&dpr=1&fit=crop&h=200&w=280', 0, '0000-00-00 00:00:00', 1, '$2y$10$1bQHdnCp7zj2BRrFIjcrTeOQ7soPWJ2LvWg3b.Py9SA7XTdCvbMk2', 'Aspasia@test.com', 0),
(14, '婷婷', '0912516488', '600', '嘉義市', '全區', '東區嘉北街8號', '1967-09-22', 3, '男', 'https://images.pexels.com/photos/3643714/pexels-photo-3643714.jpeg?auto=compress&cs=tinysrgb&dpr=1&fit=crop&h=200&w=280', 0, '0000-00-00 00:00:00', 1, '$2y$10$1bQHdnCp7zj2BRrFIjcrTeOQ7soPWJ2LvWg3b.Py9SA7XTdCvbMk2', 'Babs@test.com', 0),
(15, '瑞婷', '0912516489', '607', '嘉義縣', '大埔鄉', '新庄三街28號', '1999-09-25', 3, '男', 'https://images.pexels.com/photos/3318215/pexels-photo-3318215.jpeg?auto=compress&cs=tinysrgb&dpr=1&fit=crop&h=200&w=280', 0, '0000-00-00 00:00:00', 1, '$2y$10$1bQHdnCp7zj2BRrFIjcrTeOQ7soPWJ2LvWg3b.Py9SA7XTdCvbMk2', 'Becky@test.com', 0),
(16, '曉敏', '0912516490', '900', '屏東縣', '屏東市', '民貴二街14號', '1988-07-24', 3, '男', 'https://images.pexels.com/photos/3525298/pexels-photo-3525298.jpeg?auto=compress&cs=tinysrgb&dpr=1&fit=crop&h=200&w=280', 0, '0000-00-00 00:00:00', 1, '$2y$10$1bQHdnCp7zj2BRrFIjcrTeOQ7soPWJ2LvWg3b.Py9SA7XTdCvbMk2', 'Diane@test.com', 0),
(17, '欣怡', '0912516491', '264', '宜蘭縣', '員山鄉', '温泉路2810號', '1788-12-26', 3, '男', 'https://images.pexels.com/photos/2499282/pexels-photo-2499282.jpeg?auto=compress&cs=tinysrgb&dpr=1&fit=crop&h=200&w=280', 0, '0000-00-00 00:00:00', 1, '$2y$10$1bQHdnCp7zj2BRrFIjcrTeOQ7soPWJ2LvWg3b.Py9SA7XTdCvbMk2', 'Ellen@test.com', 0),
(18, '潔瓊', '0912516492', '970', '花蓮縣', '花蓮市', '中正路33號', '0000-00-00', 3, '男', 'https://images.pexels.com/photos/1754986/pexels-photo-1754986.jpeg?auto=compress&cs=tinysrgb&dpr=1&fit=crop&h=200&w=280', 0, '0000-00-00 00:00:00', 0, '$2y$10$1bQHdnCp7zj2BRrFIjcrTeOQ7soPWJ2LvWg3b.Py9SA7XTdCvbMk2', 'Julia@test.com', 0),
(19, '靜雅', '0912516493', '961', '台東縣', '成功鎮', '長榮路50號', '1993-06-27', 3, '男', 'https://images.pexels.com/photos/1835008/pexels-photo-1835008.jpeg?auto=compress&cs=tinysrgb&dpr=1&fit=crop&h=200&w=280', 0, '0000-00-00 00:00:00', 1, '$2y$10$1bQHdnCp7zj2BRrFIjcrTeOQ7soPWJ2LvWg3b.Py9SA7XTdCvbMk2', 'LuLu@test.com', 0),
(20, '夢婷', '0912516494', '884', '澎湖縣', '白沙鄉', '白沙村新興路50號', '1995-06-17', 2, '男', 'https://images.pexels.com/photos/2113332/pexels-photo-2113332.jpeg?auto=compress&cs=tinysrgb&dpr=1&fit=crop&h=200&w=280', 0, '0000-00-00 00:00:00', 1, '$2y$10$1bQHdnCp7zj2BRrFIjcrTeOQ7soPWJ2LvWg3b.Py9SA7XTdCvbMk2', 'Olive@test.com', 0),
(21, '雨澤', '0912516495', '894', '金門縣', '金城鎮', '中環路31號', '1993-06-13', 2, '男', 'https://images.pexels.com/photos/2698519/pexels-photo-2698519.jpeg?auto=compress&cs=tinysrgb&dpr=1&fit=crop&h=200&w=280', 0, '0000-00-00 00:00:00', 1, '$2y$10$1bQHdnCp7zj2BRrFIjcrTeOQ7soPWJ2LvWg3b.Py9SA7XTdCvbMk2', 'Rose@test.com', 0),
(22, '寶寶', '0912516496', '209', '連江縣', '南竿鄉', '南竿村漁村路100號', '2003-02-20', 2, '男', 'https://images.pexels.com/photos/2361952/pexels-photo-2361952.jpeg?auto=compress&cs=tinysrgb&dpr=1&fit=crop&h=200&w=280', 0, '0000-00-00 00:00:00', 1, '$2y$10$1bQHdnCp7zj2BRrFIjcrTeOQ7soPWJ2LvWg3b.Py9SA7XTdCvbMk2', 'Max@test.com', 0),
(23, '天興', '0912516497', '206', '基隆市', '七堵區', '福六街63號', '1969-05-19', 2, '男', 'https://images.pexels.com/photos/3257811/pexels-photo-3257811.jpeg?auto=compress&cs=tinysrgb&dpr=1&fit=crop&h=200&w=280', 0, '0000-00-00 00:00:00', 1, '$2y$10$1bQHdnCp7zj2BRrFIjcrTeOQ7soPWJ2LvWg3b.Py9SA7XTdCvbMk2', 'Jack@test.com', 0),
(24, '小飛', '0912516498', '220', '新北市', '板橋區', '中華路100號', '2010-01-01', 1, '男', 'https://images.pexels.com/photos/3712095/pexels-photo-3712095.jpeg?auto=compress&cs=tinysrgb&dpr=1&fit=crop&h=200&w=280', 0, '0000-00-00 00:00:00', 0, '$2y$10$1bQHdnCp7zj2BRrFIjcrTeOQ7soPWJ2LvWg3b.Py9SA7XTdCvbMk2', 'Jay@test.com', 0),
(25, '小雨', '0912516499', '736', '台南市', '柳營區', '腳腿仔大道3026號', '1962-12-24', 2, '男', 'https://images.pexels.com/photos/866496/pexels-photo-866496.jpeg?auto=compress&cs=tinysrgb&dpr=1&fit=crop&h=200&w=280', 0, '0000-00-00 00:00:00', 1, '$2y$10$1bQHdnCp7zj2BRrFIjcrTeOQ7soPWJ2LvWg3b.Py9SA7XTdCvbMk2', 'Joe@test.com', 0),
(26, '欣欣', '0912516500', '334', '桃園市', '八德區', '博愛街15號', '1967-06-26', 2, '男', 'https://images.pexels.com/photos/6853287/pexels-photo-6853287.jpeg?auto=compress&cs=tinysrgb&dpr=1&fit=crop&h=200&w=280', 0, '0000-00-00 00:00:00', 1, '$2y$10$1bQHdnCp7zj2BRrFIjcrTeOQ7soPWJ2LvWg3b.Py9SA7XTdCvbMk2', 'johndoe@example.com', 0),
(27, '瑞雪', '0912516501', '200', '基隆市', '仁愛區', '愛五路24號', '1969-01-03', 2, '男', 'https://images.pexels.com/photos/6869655/pexels-photo-6869655.jpeg?auto=compress&cs=tinysrgb&dpr=1&fit=crop&h=200&w=280', 0, '0000-00-00 00:00:00', 1, '$2y$10$1bQHdnCp7zj2BRrFIjcrTeOQ7soPWJ2LvWg3b.Py9SA7XTdCvbMk2', 'gastown@gmail.com', 0),
(28, '旭陽', '0912516502', '300', '新竹市', '全區', '東區東大路100號', '1987-04-06', 2, '男', 'https://images.pexels.com/photos/6897077/pexels-photo-6897077.jpeg?auto=compress&cs=tinysrgb&dpr=1&fit=crop&h=200&w=280', 0, '0000-00-00 00:00:00', 1, '$2y$10$1bQHdnCp7zj2BRrFIjcrTeOQ7soPWJ2LvWg3b.Py9SA7XTdCvbMk2', 'telbij@yahoo.com', 0),
(29, '春梅', '0912516503', '303', '新竹縣', '湖口鄉', '文化路50號', '2003-08-21', 2, '男', 'https://images.pexels.com/photos/8985189/pexels-photo-8985189.jpeg?auto=compress&cs=tinysrgb&dpr=1&fit=crop&h=200&w=280', 0, '0000-00-00 00:00:00', 1, '$2y$10$1bQHdnCp7zj2BRrFIjcrTeOQ7soPWJ2LvWg3b.Py9SA7XTdCvbMk2', 'heidrich@yahoo.ca', 0),
(30, '小星', '0912516504', '360', '苗栗縣', '苗栗市', '社寮街11號', '1977-06-11', 2, '男', 'https://images.pexels.com/photos/7410722/pexels-photo-7410722.jpeg?auto=compress&cs=tinysrgb&dpr=1&fit=crop&h=200&w=280', 0, '0000-00-00 00:00:00', 1, '12345', 'Amy@test.com', 0),
(31, '王小明', '0912516505', '505', '彰化縣', '鹿港鎮', '安泰街9號', '1865-06-23', 2, '女', 'https://images.pexels.com/photos/15379284/pexels-photo-15379284.jpeg?auto=compress&cs=tinysrgb&dpr=1&fit=crop&h=200&w=280', 0, '0000-00-00 00:00:00', 1, '12345', 'ed1994@yahoo.com', 0),
(32, '張麗華', '0912516506', '542', '南投縣', '草屯鎮', '和興三街4074號', '1973-01-26', 1, '女', 'https://images.pexels.com/photos/7149465/pexels-photo-7149465.jpeg?auto=compress&cs=tinysrgb&dpr=1&fit=crop&h=200&w=280', 0, '0000-00-00 00:00:00', 1, 'As1234567', 's.rai@xylophoneguru.io', 0),
(33, '李偉民', '0912516507', '647', '雲林縣', '莿桐鄉', '興南4466號', '1999-11-26', 1, '女', 'https://images.pexels.com/photos/12831255/pexels-photo-12831255.jpeg?auto=compress&cs=tinysrgb&dpr=1&fit=crop&h=200&w=280', 0, '0000-00-00 00:00:00', 1, 'Ab1234567', 'v.qorraj@sprintflame.org', 0),
(34, '陳佳琪', '0912516508', '360', '苗栗縣', '苗栗市', '文發路9號', '2013-10-13', 2, '女', 'https://images.pexels.com/photos/15435631/pexels-photo-15435631.jpeg?auto=compress&cs=tinysrgb&dpr=1&fit=crop&h=200&w=280', 0, '0000-00-00 00:00:00', 1, 'Ab1234567', 'p.sand@bananaflex.net', 0),
(35, '鄭文傑', '0912516509', '521', '彰化縣', '北斗鎮', '斗苑路34號', '1834-03-15', 2, '女', 'https://images.pexels.com/photos/15445009/pexels-photo-15445009.jpeg?auto=compress&cs=tinysrgb&dpr=1&fit=crop&h=200&w=280', 0, '0000-00-00 00:00:00', 0, 'Ab1234567', 'p.cho@centerasset.com', 0),
(36, '楊曉晨', '0912516510', '540', '南投縣', '南投市', '光明五路4210號', '2002-08-17', 2, '女', 'https://images.pexels.com/photos/14721098/pexels-photo-14721098.jpeg?auto=compress&cs=tinysrgb&dpr=1&fit=crop&h=200&w=280', 0, '0000-00-00 00:00:00', 1, '12345', 'kalpol@msn.com', 0),
(37, '黃志強', '0912516511', '651', '雲林縣', '北港鎮', '德為街1899號', '1983-02-11', 2, '女', 'https://images.pexels.com/photos/13722001/pexels-photo-13722001.jpeg?auto=compress&cs=tinysrgb&dpr=1&fit=crop&h=200&w=280', 0, '0000-00-00 00:00:00', 1, '12345', 'pfitza@msn.com', 0),
(38, '劉婷婷', '0912516512', '600', '嘉義市', '全區', '興美八街19號', '1961-06-07', 5, '女', 'https://images.pexels.com/photos/45201/kitty-cat-kitten-pet-45201.jpeg?auto=compress&cs=tinysrgb&dpr=1&fit=crop&h=200&w=280', 0, '0000-00-00 00:00:00', 1, '12345', 'tellis@comcast.net', 0),
(39, '趙宇航', '0912516513', '608', '嘉義縣', '水上鄉', '力行街12號', '1978-07-28', 2, '女', 'https://images.pexels.com/photos/104827/cat-pet-animal-domestic-104827.jpeg?auto=compress&cs=tinysrgb&dpr=1&fit=crop&h=200&w=280', 0, '0000-00-00 00:00:00', 1, '12345', 'cgarcia@live.com', 0),
(40, '孫雨欣', '0912516514', '922', '屏東縣', '來義鄉', '餉林路12號', '1995-04-24', 2, '女', 'https://images.pexels.com/photos/416160/pexels-photo-416160.jpeg?auto=compress&cs=tinysrgb&dpr=1&fit=crop&h=200&w=280', 0, '0000-00-00 00:00:00', 1, 'qwertyu', 'cgarcia@live.com', 0),
(41, '吳浩然', '0912516515', '263', '宜蘭縣', '壯圍鄉', '中興六路1931號', '1993-10-07', 2, '女', 'https://images.pexels.com/photos/1741205/pexels-photo-1741205.jpeg?auto=compress&cs=tinysrgb&dpr=1&fit=crop&h=200&w=280', 0, '0000-00-00 00:00:00', 1, 'qwert1234', 'heidrich@sbcglobal.net', 0),
(42, '林佳寶', '0912516516', '977', '花蓮縣', '豐濱鄉', '新興24號', '1977-06-30', 3, '女', 'https://images.pexels.com/photos/57416/cat-sweet-kitty-animals-57416.jpeg?auto=compress&cs=tinysrgb&dpr=1&fit=crop&h=200&w=280', 0, '0000-00-00 00:00:00', 1, 'qwert1234', 'mbswan@live.com', 0),
(43, '範瑤瑤', '0912516517', '958', '台東縣', '池上鄉', '民生路10號', '2003-10-19', 3, '女', 'https://images.pexels.com/photos/2071873/pexels-photo-2071873.jpeg?auto=compress&cs=tinysrgb&dpr=1&fit=crop&h=200&w=280', 0, '0000-00-00 00:00:00', 1, 'qwerty1234', 'ehood@yahoo.com', 0),
(44, '姚博文', '0912516518', '883', '澎湖縣', '七美鄉', '七美村中山路10號', '1988-12-11', 3, '女', 'https://images.pexels.com/photos/20787/pexels-photo.jpg?auto=compress&cs=tinysrgb&dpr=1&fit=crop&h=200&w=280', 0, '0000-00-00 00:00:00', 1, 'qwert1234', 'jbailie@hotmail.com', 0),
(45, '梁美玲', '0912516519', '893', '金門縣', '金寧鄉', '林堡路15號', '2013-10-10', 3, '男', 'https://images.pexels.com/photos/1056251/pexels-photo-1056251.jpeg?auto=compress&cs=tinysrgb&dpr=1&fit=crop&h=200&w=280', 0, '0000-00-00 00:00:00', 0, 'qwerty1234', 'konst@me.com', 0),
(46, '許弘志', '0912516520', '210', '連江縣', '北竿鄉', '北竿村仁愛路50號', '1999-09-20', 3, '男', 'https://images.pexels.com/photos/208984/pexels-photo-208984.jpeg?auto=compress&cs=tinysrgb&dpr=1&fit=crop&h=200&w=280', 0, '0000-00-00 00:00:00', 1, 'qwerty1234', 'luvirini@sbcglobal.net', 0),
(47, '魏小紅', '0912516521', '201', '基隆市', '信義區', '福民街4647號', '2012-03-11', 3, '男', 'https://images.pexels.com/photos/774731/pexels-photo-774731.jpeg?auto=compress&cs=tinysrgb&dpr=1&fit=crop&h=200&w=280', 0, '0000-00-00 00:00:00', 1, 'qwerty1234', 'hauma@comcast.net', 0),
(48, '鄧海翔', '0912516522', '540', '南投縣', '南投市', '向上一路2062號', '2004-09-09', 5, '男', 'https://images.pexels.com/photos/1543793/pexels-photo-1543793.jpeg?auto=compress&cs=tinysrgb&dpr=1&fit=crop&h=200&w=280', 0, '0000-00-00 00:00:00', 1, 'qwerty1234', 'choset@outlook.com', 0),
(49, '曹麗麗', '0912516523', '640', '雲林縣', '斗六市', '新昌街999號', '1756-05-30', 5, '男', 'https://images.pexels.com/photos/69932/tabby-cat-close-up-portrait-69932.jpeg?auto=compress&cs=tinysrgb&dpr=1&fit=crop&h=200&w=280', 0, '0000-00-00 00:00:00', 1, 'qwerty1234', 'choset122@outlook.com', 0),
(50, '龍建國', '0912516524', '365', '苗栗縣', '泰安鄉', '梅園15號', '1982-02-22', 1, '男', 'https://images.pexels.com/photos/2194261/pexels-photo-2194261.jpeg?auto=compress&cs=tinysrgb&dpr=1&fit=crop&h=200&w=280', 0, '0000-00-00 00:00:00', 0, 'qwerty1234', 'mglee@outlook.com', 0),
(51, '沈佳慧', '0912516525', '505', '彰化縣', '鹿港鎮', '詔安巷27號', '1965-06-30', 3, '男', 'https://images.pexels.com/photos/127028/pexels-photo-127028.jpeg?auto=compress&cs=tinysrgb&dpr=1&fit=crop&h=200&w=280', 0, '0000-00-00 00:00:00', 0, 'qwerty1234', 'rohitm@verizon.net', 0),
(52, '何勇軍', '0912516526', '553', '南投縣', '水里鄉', '南湖一路4377號', '2020-08-23', 1, '男', 'https://images.pexels.com/photos/1314550/pexels-photo-1314550.jpeg?auto=compress&cs=tinysrgb&dpr=1&fit=crop&h=200&w=280', 0, '0000-00-00 00:00:00', 1, 'qwerty1234', 'andale@live.com', 0),
(53, '蔡雅婷', '0912516527', '640', '雲林縣', '斗六市', '重光北路2258號', '1984-06-24', 1, '女', 'https://images.pexels.com/photos/669015/pexels-photo-669015.jpeg?auto=compress&cs=tinysrgb&dpr=1&fit=crop&h=200&w=280', 0, '0000-00-00 00:00:00', 1, 'qwerty1234', 'tezbo@hotmail.com', 0),
(54, '盧明明', '0912516528', '600', '嘉義市', '東區', '保成路9號', '1987-08-18', 1, '女', 'https://images.pexels.com/photos/2558605/pexels-photo-2558605.jpeg?auto=compress&cs=tinysrgb&dpr=1&fit=crop&h=200&w=280', 0, '0000-00-00 00:00:00', 0, 'qwerty1234', 'liedra@icloud.com', 0),
(55, '唐偉光', '0912516529', '608', '嘉義縣', '水上鄉', '僑安街3號', '1900-01-02', 5, '女', 'https://images.pexels.com/photos/96938/pexels-photo-96938.jpeg?auto=compress&cs=tinysrgb&dpr=1&fit=crop&h=200&w=280', 0, '0000-00-00 00:00:00', 1, 'qwerty1234', 'chrwin@msn.com', 0),
(56, '丁思宇', '0912516530', '907', '屏東縣', '鹽埔鄉', '西還路1號', '1911-11-11', 2, '女', 'https://images.pexels.com/photos/126407/pexels-photo-126407.jpeg?auto=compress&cs=tinysrgb&dpr=1&fit=crop&h=200&w=280', 0, '0000-00-00 00:00:00', 1, 'qwerty1234', 'bogjobber@verizon.net', 0),
(57, '袁曉磊', '0912516531', '270', '宜蘭縣', '蘇澳鎮', '造船路4242號', '2001-06-14', 2, '女', 'https://images.pexels.com/photos/923360/pexels-photo-923360.jpeg?auto=compress&cs=tinysrgb&dpr=1&fit=crop&h=200&w=280', 0, '0000-00-00 00:00:00', 1, 'qwerty12234', 'jeteve@verizon.net', 0),
(58, '姜佳琳', '0912516532', '651', '雲林縣', '北港鎮', '番溝22號', '1976-09-23', 2, '女', 'https://images.pexels.com/photos/2071882/pexels-photo-2071882.jpeg?auto=compress&cs=tinysrgb&dpr=1&fit=crop&h=200&w=280', 0, '0000-00-00 00:00:00', 1, 'qwerty1234', 'mbalazin@live.com', 0),
(59, '方雨婷', '0912516533', '600', '嘉義市', '西區', '永樂五街35號', '1979-04-26', 5, '女', 'https://images.pexels.com/photos/1276553/pexels-photo-1276553.jpeg?auto=compress&cs=tinysrgb&dpr=1&fit=crop&h=200&w=280', 0, '0000-00-00 00:00:00', 1, 'qwerty1234', 'specprog@aol.com', 0),
(60, '傅文濤', '0912516534', '600', '嘉義縣', '西區', '健康十街15號', '1988-02-02', 1, '女', 'https://images.pexels.com/photos/2061057/pexels-photo-2061057.jpeg?auto=compress&cs=tinysrgb&dpr=1&fit=crop&h=200&w=280', 0, '0000-00-00 00:00:00', 1, 'qwerty1234', 'pizza@yahoo.com', 0),
(61, '陸欣怡', '0912516535', '906', '屏東縣', '高樹鄉', '中央路29號', '1955-05-27', 1, '女', 'https://images.pexels.com/photos/1472999/pexels-photo-1472999.jpeg?auto=compress&cs=tinysrgb&dpr=1&fit=crop&h=200&w=280', 0, '0000-00-00 00:00:00', 0, 'qwerty12345', 'daveewart@comcast.net', 0),
(62, '汪俊傑', '0912516536', '260', '宜蘭縣', '宜蘭市', '縣政八街4107號', '1966-07-17', 4, '女', 'https://images.pexels.com/photos/257532/pexels-photo-257532.jpeg?auto=compress&cs=tinysrgb&dpr=1&fit=crop&h=200&w=280', 0, '0000-00-00 00:00:00', 1, 'qwerty1234', 'dpitts@hotmail.com', 0),
(63, '夏美麗', '0912516537', '981', '花蓮縣', '玉里鎮', '信義路25號', '1965-01-07', 4, '女', 'https://images.pexels.com/photos/68594/pexels-photo-68594.jpeg?auto=compress&cs=tinysrgb&dpr=1&fit=crop&h=200&w=280', 0, '0000-00-00 00:00:00', 1, 'qwerty1234', 'amichalo@outlook.com', 0),
(64, '高曉飛', '0912516538', '950', '台東縣', '台東市', '中山路100號', '2005-10-01', 4, '女', 'https://images.pexels.com/photos/982865/pexels-photo-982865.jpeg?auto=compress&cs=tinysrgb&dpr=1&fit=crop&h=200&w=280', 0, '0000-00-00 00:00:00', 1, 'qwerty1234', 'tubesteak@me.com', 0),
(65, '賴欣欣', '0912516539', '544', '南投縣', '國姓鄉', '永興街3129號', '1972-10-11', 1, '女', 'https://images.pexels.com/photos/821736/pexels-photo-821736.jpeg?auto=compress&cs=tinysrgb&dpr=1&fit=crop&h=200&w=280', 0, '0000-00-00 00:00:00', 1, 'qwerty1234', 'andrewik@live.com', 0),
(66, '樊志強', '0912516540', '637', '雲林縣', '麥寮鄉', '忠和35號', '1980-10-27', 1, '女', 'https://images.pexels.com/photos/1521306/pexels-photo-1521306.jpeg?auto=compress&cs=tinysrgb&dpr=1&fit=crop&h=200&w=280', 0, '0000-00-00 00:00:00', 0, 'qwerty1234', 'wortmanj@live.com', 0),
(67, '葉雪兒', '0912516541', '361', '苗栗縣', '造橋鄉', '劍潭街16號', '1994-02-21', 6, '女', 'https://images.pexels.com/photos/982314/pexels-photo-982314.jpeg?auto=compress&cs=tinysrgb&dpr=1&fit=crop&h=200&w=280', 0, '0000-00-00 00:00:00', 1, 'qwerty1234', 'wikinerd@yahoo.com', 0),
(68, '宋智慧', '0912516542', '510', '彰化縣', '員林市', '溝皂街18號', '2005-10-03', 8, '女', 'https://images.pexels.com/photos/991831/pexels-photo-991831.jpeg?auto=compress&cs=tinysrgb&dpr=1&fit=crop&h=200&w=280', 0, '0000-00-00 00:00:00', 1, 'qwerty1234', 'crowl@sbcglobal.net', 0),
(69, '鄒志鵬', '0912516543', '555', '南投縣', '魚池鄉', '集集路10號', '2004-02-03', 7, '女', 'https://images.pexels.com/photos/33537/cat-animal-cat-portrait-mackerel.jpg?auto=compress&cs=tinysrgb&dpr=1&fit=crop&h=200&w=280', 0, '0000-00-00 00:00:00', 1, 'qwerty1234', 'ubergeeb@msn.com', 0),
(70, '許夢婷', '0912516544', '648', '雲林縣', '西螺鎮', '金興街20號', '1967-04-30', 4, '女', 'https://images.pexels.com/photos/236606/pexels-photo-236606.jpeg?auto=compress&cs=tinysrgb&dpr=1&fit=crop&h=200&w=280', 0, '0000-00-00 00:00:00', 1, 'qwerty1234', 'gospodin@yahoo.com', 0),
(71, '蔣寶寶', '0912516545', '600', '嘉義市', '西區', '中正路33號', '2005-11-08', 4, '女', 'https://images.pexels.com/photos/615369/pexels-photo-615369.jpeg?auto=compress&cs=tinysrgb&dpr=1&fit=crop&h=200&w=280', 0, '0000-00-00 00:00:00', 1, 'qwerty1234', 'marnanel@me.com', 0),
(72, '金浩宇', '0912516546', '612', '嘉義縣', '太保市', '五顯街1號', '1888-08-09', 4, '女', 'https://images.pexels.com/photos/979247/pexels-photo-979247.jpeg?auto=compress&cs=tinysrgb&dpr=1&fit=crop&h=200&w=280', 0, '0000-00-00 00:00:00', 0, 'qwerty1234', 'themer@me.com', 0),
(73, '趙雨欣', '0912516547', '904', '屏東縣', '九如鄉', '德新路8號', '1993-03-04', 1, '女', 'https://images.pexels.com/photos/804475/pexels-photo-804475.jpeg?auto=compress&cs=tinysrgb&dpr=1&fit=crop&h=200&w=280', 0, '0000-00-00 00:00:00', 1, 'qwerty1234', 'maradine@yahoo.com', 0),
(74, '石建國', '0912516548', '553', '南投縣', '水里鄉', '仁愛路2859號', '1960-05-07', 3, '女', 'https://images.pexels.com/photos/1084425/pexels-photo-1084425.jpeg?auto=compress&cs=tinysrgb&dpr=1&fit=crop&h=200&w=280', 0, '0000-00-00 00:00:00', 1, 'qwerty1234', 'nacho@mac.com', 0),
(75, '李靜雅', '0912516549', '640', '雲林縣', '斗六市', '嘉新一路2號', '1980-04-28', 3, '女', 'https://images.pexels.com/photos/1576193/pexels-photo-1576193.jpeg?auto=compress&cs=tinysrgb&dpr=1&fit=crop&h=200&w=280', 0, '0000-00-00 00:00:00', 1, 'qwerty1234', 'xtang@msn.com', 0),
(76, '鐘怡然', '0912516550', '366', '苗栗縣', '銅鑼鄉', '七十份15號', '1994-08-14', 3, '女', 'https://images.pexels.com/photos/1359307/pexels-photo-1359307.jpeg?auto=compress&cs=tinysrgb&dpr=1&fit=crop&h=200&w=280', 0, '0000-00-00 00:00:00', 0, 'qwerty1234', 'itstatus@hotmail.com', 0),
(77, '張澤宇', '0912516551', '530', '彰化縣', '二林鎮', '民有街15號', '1974-07-04', 3, '女', 'https://images.pexels.com/photos/45170/kittens-cat-cat-puppy-rush-45170.jpeg?auto=compress&cs=tinysrgb&dpr=1&fit=crop&h=200&w=280', 0, '0000-00-00 00:00:00', 1, 'qwerty1234', ' muzzy@yahoo.com', 0),
(78, '熊博文', '0912516552', '545', '南投縣', '埔里鎮', '德二街34號', '1994-08-28', 3, '女', 'https://images.pexels.com/photos/691583/pexels-photo-691583.jpeg?auto=compress&cs=tinysrgb&dpr=1&fit=crop&h=200&w=280', 0, '0000-00-00 00:00:00', 0, 'qwerty1234', 'moonlapse@hotmail.com', 0),
(79, '吳欣怡', '0912516553', '640', '雲林縣', '斗六市', '大學路2818號', '1988-04-24', 1, '女', 'https://images.pexels.com/photos/736532/pexels-photo-736532.jpeg?auto=compress&cs=tinysrgb&dpr=1&fit=crop&h=200&w=280', 0, '0000-00-00 00:00:00', 1, 'qwerty1234', 'maradine@me.com', 0),
(80, 'Irene Smith', NULL, NULL, NULL, NULL, NULL, NULL, NULL, NULL, 'https://images.unsplash.com/photo-1583795128727-6ec3642408f8?ixlib=rb-4.0.3&ixid=M3wxMjA3fDB8MHxwaG90by1wYWdlfHx8fGVufDB8fHx8fA%3D%3D&auto=format&fit=crop&w=2714&q=80', NULL, '2023-10-20 18:38:21', 0, 'qwerty1234', 'cat23example@gmail.com', 0);

-- --------------------------------------------------------

--
-- 資料表結構 `users_coupon`
--

CREATE TABLE `users_coupon` (
  `id` int(10) UNSIGNED NOT NULL,
  `user_id` int(10) NOT NULL,
  `coupon_id` int(10) NOT NULL,
  `valid` int(10) NOT NULL
) ENGINE=InnoDB DEFAULT CHARSET=utf8mb4 COLLATE=utf8mb4_unicode_ci;

--
-- 傾印資料表的資料 `users_coupon`
--

INSERT INTO `users_coupon` (`id`, `user_id`, `coupon_id`, `valid`) VALUES
(1, 1, 5, 1),
(2, 1, 10, 1),
(3, 1, 15, 0),
(4, 1, 20, 0),
(5, 1, 25, 0),
(6, 1, 30, 1),
(7, 1, 3, 1),
(8, 1, 6, 1),
(9, 1, 9, 0),
(10, 1, 13, 1),
(11, 2, 15, 0),
(12, 2, 7, 1),
(13, 2, 14, 1),
(14, 2, 21, 1),
(15, 2, 28, 1),
(16, 2, 8, 1),
(17, 3, 16, 1),
(18, 3, 24, 1),
(19, 3, 1, 1),
(20, 3, 2, 1);

-- --------------------------------------------------------

--
-- 資料表結構 `users_pet_info`
--

CREATE TABLE `users_pet_info` (
  `pet_id` int(11) NOT NULL,
  `name` varchar(20) NOT NULL,
  `gender` varchar(10) NOT NULL COMMENT '公or母',
  `owner_id` int(11) NOT NULL,
  `birthday_year` year(4) NOT NULL,
  `ligation` tinyint(1) NOT NULL COMMENT '是否結紮 0,1',
  `vaccine` tinyint(1) NOT NULL COMMENT '是否打疫苗 0,1',
  `description` varchar(255) NOT NULL,
  `image` varchar(255) NOT NULL
) ENGINE=InnoDB DEFAULT CHARSET=utf8mb4 COLLATE=utf8mb4_general_ci;

--
-- 傾印資料表的資料 `users_pet_info`
--

INSERT INTO `users_pet_info` (`pet_id`, `name`, `gender`, `owner_id`, `birthday_year`, `ligation`, `vaccine`, `description`, `image`) VALUES
(1, '花花', '公', 1, '2018', 1, 0, '他有時會在沙發上伸展身體，展現他的柔軟度。\n我的貓咪對他的尾巴非常感興趣，總是不斷地追逐它。\n他喜歡在陽光下曬太陽，發呆一整個下午。\n我的貓咪經常給我帶來歡笑，他的行為總是令人發笑。\n有時他會在我正在工作時跳到我的桌子上，要求我的注意。', 'https://media.istockphoto.com/id/623368750/zh/%E7%85%A7%E7%89%87/sacred-birma-cat-in-interior.jpg?s=612x612&w=0&k=20&c=FbHjSM8EVcsgKirGJN47-qdD4_aOUOhuPtPG-8-uLYw='),
(2, '橘橘', '公', 2, '2018', 1, 0, '有時他會在我睡覺時趴在我頭頂，給我安全感。', 'https://png.pngtree.com/thumb_back/fh260/background/20210910/pngtree-cats-cats-pets-animals-image_838485.jpg'),
(3, '米米', '公', 3, '2018', 1, 0, '我的貓咪有一雙明亮的眼睛，經常在夜晚時閃爍。', 'https://png.pngtree.com/thumb_back/fh260/background/20210910/pngtree-cat-cat-with-short-blue-and-white-big-eyes-image_844449.jpg'),
(4, '咪咪', '公', 4, '2018', 1, 0, '他對窗外的小鳥總是充滿好奇，有時會發出咕嚕聲。', 'https://images.pexels.com/photos/2173872/pexels-photo-2173872.jpeg?auto=compress&cs=tinysrgb&dpr=1&fit=crop&h=200&w=280'),
(5, '貓貓', '母', 34, '2018', 1, 0, '我的貓咪很喜歡玩具鼠，抓住它們總是一招不落。', 'https://images.pexels.com/photos/755834/pexels-photo-755834.jpeg?auto=compress&cs=tinysrgb&dpr=1&fit=crop&h=200&w=280'),
(6, '威利', '母', 19, '2018', 1, 0, '他有時會在沙發上伸展身體，展現他的柔軟度。', 'https://images.pexels.com/photos/384555/pexels-photo-384555.jpeg?auto=compress&cs=tinysrgb&dpr=1&fit=crop&h=200&w=280'),
(7, '傑瑞', '母', 8, '2018', 0, 0, '他經常在我正在工作時，占據我的鍵盤和筆記本。\n我的貓咪有時會在我的書堆上打盹，好像在研究知識。\n他對新的環境充滿好奇，會迅速探索。', 'https://images.pexels.com/photos/2928158/pexels-photo-2928158.jpeg?auto=compress&cs=tinysrgb&dpr=1&fit=crop&h=200&w=280'),
(8, '摩奇', '公', 42, '2018', 0, 1, '他的身體柔軟度讓我讚嘆不已，可以做出令人難以置信的動作。\n我的貓咪有時會在沙發上打盹，儘管他的姿勢看起來非常不舒服。\n他對飛行昆蟲有強烈的興趣，會不停地追逐。\n我的貓咪有時會在窗台上躺著，享受外面的景色。', 'https://images.pexels.com/photos/2686914/pexels-photo-2686914.jpeg?auto=compress&cs=tinysrgb&dpr=1&fit=crop&h=200&w=280'),
(9, '喵喵', '公', 2, '2018', 0, 1, '他的身體柔軟度讓我讚嘆不已，可以做出令人難以置信的動作。\n我的貓咪有時會在沙發上打盹，儘管他的姿勢看起來非常不舒服。\n他對飛行昆蟲有強烈的興趣，會不停地追逐。\n我的貓咪有時會在窗台上躺著，享受外面的景色。', 'https://images.pexels.com/photos/3643714/pexels-photo-3643714.jpeg?auto=compress&cs=tinysrgb&dpr=1&fit=crop&h=200&w=280'),
(10, '貝貝', '母', 51, '2018', 0, 1, '他的身體柔軟度讓我讚嘆不已，可以做出令人難以置信的動作。\n我的貓咪有時會在沙發上打盹，儘管他的姿勢看起來非常不舒服。\n他對飛行昆蟲有強烈的興趣，會不停地追逐。\n我的貓咪有時會在窗台上躺著，享受外面的景色。', 'https://images.pexels.com/photos/3318215/pexels-photo-3318215.jpeg?auto=compress&cs=tinysrgb&dpr=1&fit=crop&h=200&w=280'),
(11, '麥克', '公', 7, '2018', 0, 1, '我的貓咪有時會在我工作時，跳到我的電腦桌上。\n他對水非常厭惡，經常躲避淋浴和水龍頭。\n我的貓咪對自己的尾巴有時會感到困惑，像是在玩捉迷藏。\n他非常擅長在沙發上做出各種奇怪的姿勢，好像在瑜伽。', 'https://images.pexels.com/photos/3525298/pexels-photo-3525298.jpeg?auto=compress&cs=tinysrgb&dpr=1&fit=crop&h=200&w=280'),
(12, '奇奇', '公', 30, '2018', 0, 1, '他的身體柔軟度讓我讚嘆不已，可以做出令人難以置信的動作。\n我的貓咪有時會在沙發上打盹，儘管他的姿勢看起來非常不舒服。\n他對飛行昆蟲有強烈的興趣，會不停地追逐。\n我的貓咪有時會在窗台上躺著，享受外面的景色。', 'https://images.pexels.com/photos/2499282/pexels-photo-2499282.jpeg?auto=compress&cs=tinysrgb&dpr=1&fit=crop&h=200&w=280'),
(13, '哈利', '公', 30, '2018', 0, 1, '他的身體柔軟度讓我讚嘆不已，可以做出令人難以置信的動作。\n我的貓咪有時會在沙發上打盹，儘管他的姿勢看起來非常不舒服。\n他對飛行昆蟲有強烈的興趣，會不停地追逐。\n我的貓咪有時會在窗台上躺著，享受外面的景色。', 'https://images.pexels.com/photos/1754986/pexels-photo-1754986.jpeg?auto=compress&cs=tinysrgb&dpr=1&fit=crop&h=200&w=280'),
(14, '樂樂', '母', 37, '2018', 1, 0, '我的貓咪有時會在我床上睡覺，佔據了大部分的空間。\n他喜歡在夜晚時跟著我，像是我的護衛。\n我的貓咪有時會在我家的花園裡探險，追逐蝴蝶和昆蟲。', 'https://images.pexels.com/photos/1835008/pexels-photo-1835008.jpeg?auto=compress&cs=tinysrgb&dpr=1&fit=crop&h=200&w=280'),
(15, '小白', '母', 4, '2018', 1, 0, '我的貓咪有時會在我床上睡覺，佔據了大部分的空間。\n他喜歡在夜晚時跟著我，像是我的護衛。\n我的貓咪有時會在我家的花園裡探險，追逐蝴蝶和昆蟲。\n他對新來的訪客有時會保持警戒，觀察他們的動向。\n我的貓咪有時會在沙發上挖洞，好像在尋找寶藏。\n他對音樂有時會有反應，有時會安靜地聽著。', 'https://images.pexels.com/photos/2113332/pexels-photo-2113332.jpeg?auto=compress&cs=tinysrgb&dpr=1&fit=crop&h=200&w=280'),
(16, '小黑', '母', 30, '2018', 1, 0, '我的貓咪有時會在我床上睡覺，佔據了大部分的空間。\n他喜歡在夜晚時跟著我，像是我的護衛。\n我的貓咪有時會在我家的花園裡探險，追逐蝴蝶和昆蟲。\n他對新來的訪客有時會保持警戒，觀察他們的動向。\n我的貓咪有時會在沙發上挖洞，好像在尋找寶藏。\n他對音樂有時會有反應，有時會安靜地聽著。', 'https://images.pexels.com/photos/2698519/pexels-photo-2698519.jpeg?auto=compress&cs=tinysrgb&dpr=1&fit=crop&h=200&w=280'),
(17, '茶茶', '公', 9, '2018', 1, 0, '我的貓咪有時會在我床上睡覺，佔據了大部分的空間。\n他喜歡在夜晚時跟著我，像是我的護衛。\n我的貓咪有時會在我家的花園裡探險，追逐蝴蝶和昆蟲。\n他對新來的訪客有時會保持警戒，觀察他們的動向。\n我的貓咪有時會在沙發上挖洞，好像在尋找寶藏。\n他對音樂有時會有反應，有時會安靜地聽著。', 'https://images.pexels.com/photos/2361952/pexels-photo-2361952.jpeg?auto=compress&cs=tinysrgb&dpr=1&fit=crop&h=200&w=280'),
(18, '櫻桃', '公', 50, '2018', 1, 0, '我的貓咪有時會在我床上睡覺，佔據了大部分的空間。\n他喜歡在夜晚時跟著我，像是我的護衛。\n我的貓咪有時會在我家的花園裡探險，追逐蝴蝶和昆蟲。\n他對新來的訪客有時會保持警戒，觀察他們的動向。\n我的貓咪有時會在沙發上挖洞，好像在尋找寶藏。\n他對音樂有時會有反應，有時會安靜地聽著。', 'https://images.pexels.com/photos/3257811/pexels-photo-3257811.jpeg?auto=compress&cs=tinysrgb&dpr=1&fit=crop&h=200&w=280'),
(19, '檸檬', '公', 22, '2018', 1, 0, '我的貓咪有時會在我床上睡覺，佔據了大部分的空間。\n他喜歡在夜晚時跟著我，像是我的護衛。\n我的貓咪有時會在我家的花園裡探險，追逐蝴蝶和昆蟲。\n他對新來的訪客有時會保持警戒，觀察他們的動向。\n我的貓咪有時會在沙發上挖洞，好像在尋找寶藏。\n他對音樂有時會有反應，有時會安靜地聽著。', 'https://images.pexels.com/photos/3712095/pexels-photo-3712095.jpeg?auto=compress&cs=tinysrgb&dpr=1&fit=crop&h=200&w=280'),
(20, '草莓', '母', 5, '2018', 1, 0, '我的貓咪有時會在我床上睡覺，佔據了大部分的空間。\n他喜歡在夜晚時跟著我，像是我的護衛。\n我的貓咪有時會在我家的花園裡探險，追逐蝴蝶和昆蟲。\n他對新來的訪客有時會保持警戒，觀察他們的動向。\n我的貓咪有時會在沙發上挖洞，好像在尋找寶藏。\n他對音樂有時會有反應，有時會安靜地聽著。', 'https://images.pexels.com/photos/866496/pexels-photo-866496.jpeg?auto=compress&cs=tinysrgb&dpr=1&fit=crop&h=200&w=280'),
(21, '快樂', '母', 38, '2018', 1, 0, '我的貓咪非常獨立，總是自己玩耍。\n有時他會在我正在吃飯時，盯著我的盤子，希望分享食物。\n我的貓咪對自己的影子有時會感到好奇，像是在追趕它。\n他經常在我家的書櫃上爬來爬去，好奇地查看書籍。', 'https://images.pexels.com/photos/6853287/pexels-photo-6853287.jpeg?auto=compress&cs=tinysrgb&dpr=1&fit=crop&h=200&w=280'),
(22, '綿綿', '母', 11, '2018', 1, 0, '', 'https://images.pexels.com/photos/6869655/pexels-photo-6869655.jpeg?auto=compress&cs=tinysrgb&dpr=1&fit=crop&h=200&w=280'),
(23, '美美', '母', 3, '2018', 0, 0, '他對窗外的小鳥總是充滿好奇，有時會發出咕嚕聲。\n我的貓咪很喜歡玩具鼠，抓住它們總是一招不落。\n他有時會在沙發上伸展身體，展現他的柔軟度。\n我的貓咪對他的尾巴非常感興趣，總是不斷地追逐它。', 'https://images.pexels.com/photos/6897077/pexels-photo-6897077.jpeg?auto=compress&cs=tinysrgb&dpr=1&fit=crop&h=200&w=280'),
(24, '妞妞', '母', 57, '2018', 0, 0, '他對窗外的小鳥總是充滿好奇，有時會發出咕嚕聲。\n我的貓咪很喜歡玩具鼠，抓住它們總是一招不落。\n他有時會在沙發上伸展身體，展現他的柔軟度。\n我的貓咪對他的尾巴非常感興趣，總是不斷地追逐它。', 'https://images.pexels.com/photos/8985189/pexels-photo-8985189.jpeg?auto=compress&cs=tinysrgb&dpr=1&fit=crop&h=200&w=280'),
(25, '琪琪', '母', 26, '2019', 0, 0, '他對附近的鳥巢有時會感到好奇，試圖接近窗戶。\n我的貓咪非常獨立，總是自己玩耍。\n有時他會在我正在吃飯時，盯著我的盤子，希望分享食物。\n我的貓咪對自己的影子有時會感到好奇，像是在追趕它。', 'https://images.pexels.com/photos/7410722/pexels-photo-7410722.jpeg?auto=compress&cs=tinysrgb&dpr=1&fit=crop&h=200&w=280'),
(26, '寶寶', '母', 10, '2020', 0, 1, '他對附近的鳥巢有時會感到好奇，試圖接近窗戶。\n我的貓咪非常獨立，總是自己玩耍。\n有時他會在我正在吃飯時，盯著我的盤子，希望分享食物。\n我的貓咪對自己的影子有時會感到好奇，像是在追趕它。', 'https://images.pexels.com/photos/15379284/pexels-photo-15379284.jpeg?auto=compress&cs=tinysrgb&dpr=1&fit=crop&h=200&w=280'),
(27, '桃桃', '母', 52, '2019', 0, 1, '他對窗外的小鳥總是充滿好奇，有時會發出咕嚕聲。\n我的貓咪很喜歡玩具鼠，抓住它們總是一招不落。\n他有時會在沙發上伸展身體，展現他的柔軟度。\n我的貓咪對他的尾巴非常感興趣，總是不斷地追逐它。', 'https://images.pexels.com/photos/7149465/pexels-photo-7149465.jpeg?auto=compress&cs=tinysrgb&dpr=1&fit=crop&h=200&w=280'),
(28, '莉莉', '母', 16, '2020', 0, 1, '他對附近的鳥巢有時會感到好奇，試圖接近窗戶。\n我的貓咪非常獨立，總是自己玩耍。\n有時他會在我正在吃飯時，盯著我的盤子，希望分享食物。\n我的貓咪對自己的影子有時會感到好奇，像是在追趕它。', 'https://images.pexels.com/photos/12831255/pexels-photo-12831255.jpeg?auto=compress&cs=tinysrgb&dpr=1&fit=crop&h=200&w=280'),
(29, '珍珍', '母', 27, '2019', 0, 1, '我的貓咪對自己的影子有時會感到好奇，像是在追趕它。\n他經常在我家的書櫃上爬來爬去，好奇地查看書籍。\n我的貓咪有時會在我正在與朋友聊天時，跳上桌子參加。\n他對窗外的風景有時會感到好奇，想要探索外面的世界。\n我的貓咪喜歡在我閱讀書本時，坐在我的腿上，共享閱讀的時光。', 'https://images.pexels.com/photos/15435631/pexels-photo-15435631.jpeg?auto=compress&cs=tinysrgb&dpr=1&fit=crop&h=200&w=280'),
(30, '樂樂', '母', 33, '2020', 0, 1, '他對附近的鳥巢有時會感到好奇，試圖接近窗戶。\n我的貓咪非常獨立，總是自己玩耍。\n有時他會在我正在吃飯時，盯著我的盤子，希望分享食物。\n我的貓咪對自己的影子有時會感到好奇，像是在追趕它。', 'https://images.pexels.com/photos/15445009/pexels-photo-15445009.jpeg?auto=compress&cs=tinysrgb&dpr=1&fit=crop&h=200&w=280'),
(31, '小天', '母', 18, '2019', 0, 0, '我的貓咪對自己的影子有時會感到好奇，像是在追趕它。\n他經常在我家的書櫃上爬來爬去，好奇地查看書籍。\n我的貓咪有時會在我正在與朋友聊天時，跳上桌子參加。\n他對窗外的風景有時會感到好奇，想要探索外面的世界。\n我的貓咪喜歡在我閱讀書本時，坐在我的腿上，共享閱讀的時光。', 'https://images.pexels.com/photos/14721098/pexels-photo-14721098.jpeg?auto=compress&cs=tinysrgb&dpr=1&fit=crop&h=200&w=280'),
(32, '大地', '公', 1, '2020', 0, 0, '我的貓咪對自己的影子有時會感到好奇，像是在追趕它。\n他經常在我家的書櫃上爬來爬去，好奇地查看書籍。\n我的貓咪有時會在我正在與朋友聊天時，跳上桌子參加。\n他對窗外的風景有時會感到好奇，想要探索外面的世界。\n我的貓咪喜歡在我閱讀書本時，坐在我的腿上，共享閱讀的時光。', 'https://images.pexels.com/photos/13722001/pexels-photo-13722001.jpeg?auto=compress&cs=tinysrgb&dpr=1&fit=crop&h=200&w=280'),
(33, '太陽', '公', 14, '2019', 0, 0, '他經常在我家的書櫃上爬來爬去，好奇地查看書籍。\n我的貓咪有時會在我正在與朋友聊天時，跳上桌子參加。\n他對窗外的風景有時會感到好奇，想要探索外面的世界。\n我的貓咪喜歡在我閱讀書本時，坐在我的腿上，共享閱讀的時光。', 'https://images.pexels.com/photos/45201/kitty-cat-kitten-pet-45201.jpeg?auto=compress&cs=tinysrgb&dpr=1&fit=crop&h=200&w=280'),
(34, '星星', '公', 48, '2019', 0, 0, '他經常在我家的書櫃上爬來爬去，好奇地查看書籍。\n我的貓咪有時會在我正在與朋友聊天時，跳上桌子參加。\n他對窗外的風景有時會感到好奇，想要探索外面的世界。\n我的貓咪喜歡在我閱讀書本時，坐在我的腿上，共享閱讀的時光。', 'https://images.pexels.com/photos/104827/cat-pet-animal-domestic-104827.jpeg?auto=compress&cs=tinysrgb&dpr=1&fit=crop&h=200&w=280'),
(35, '雲朵', '公', 31, '2020', 0, 0, '他對附近的鳥巢有時會感到好奇，試圖接近窗戶。\n我的貓咪非常獨立，總是自己玩耍。\n有時他會在我正在吃飯時，盯著我的盤子，希望分享食物。\n我的貓咪對自己的影子有時會感到好奇，像是在追趕它。', 'https://images.pexels.com/photos/416160/pexels-photo-416160.jpeg?auto=compress&cs=tinysrgb&dpr=1&fit=crop&h=200&w=280'),
(36, '虹彩', '公', 39, '2019', 0, 0, '我的貓咪非常喜歡和我一起看電視，坐在我身邊。\n有時他會在我正在做瑜伽時，跳到瑜伽墊上，妨礙我。\n我的貓咪對窗外的車輛有時會感到好奇，追逐它們的倒影。', 'https://images.pexels.com/photos/1741205/pexels-photo-1741205.jpeg?auto=compress&cs=tinysrgb&dpr=1&fit=crop&h=200&w=280'),
(37, '彩虹', '公', 21, '2020', 0, 0, '我的貓咪非常喜歡和我一起看電視，坐在我身邊。\n有時他會在我正在做瑜伽時，跳到瑜伽墊上，妨礙我。\n我的貓咪對窗外的車輛有時會感到好奇，追逐它們的倒影。', 'https://images.pexels.com/photos/57416/cat-sweet-kitty-animals-57416.jpeg?auto=compress&cs=tinysrgb&dpr=1&fit=crop&h=200&w=280'),
(38, '大白', '公', 6, '2019', 0, 1, '有時他會在我正在做瑜伽時，跳到瑜伽墊上，妨礙我。\n我的貓咪對窗外的車輛有時會感到好奇，追逐它們的倒影。\n他喜歡在陽光下打盹，讓陽光灑在他的身上。\n我的貓咪有時會在我工作時，坐在我的筆記本電腦上。', 'https://images.pexels.com/photos/2071873/pexels-photo-2071873.jpeg?auto=compress&cs=tinysrgb&dpr=1&fit=crop&h=200&w=280'),
(39, '小兔', '公', 55, '2021', 0, 1, '有時他會在我正在做瑜伽時，跳到瑜伽墊上，妨礙我。\n我的貓咪對窗外的車輛有時會感到好奇，追逐它們的倒影。\n他喜歡在陽光下打盹，讓陽光灑在他的身上。\n我的貓咪有時會在我工作時，坐在我的筆記本電腦上。', 'https://images.pexels.com/photos/20787/pexels-photo.jpg?auto=compress&cs=tinysrgb&dpr=1&fit=crop&h=200&w=280'),
(40, '小老鼠', '公', 17, '2022', 0, 1, '有時他會在我正在做瑜伽時，跳到瑜伽墊上，妨礙我。\n我的貓咪對窗外的車輛有時會感到好奇，追逐它們的倒影。\n他喜歡在陽光下打盹，讓陽光灑在他的身上。\n我的貓咪有時會在我工作時，坐在我的筆記本電腦上。', 'https://images.pexels.com/photos/1056251/pexels-photo-1056251.jpeg?auto=compress&cs=tinysrgb&dpr=1&fit=crop&h=200&w=280'),
(41, '小魚', '公', 35, '2023', 0, 1, '他經常在我家的書櫃上爬來爬去，好奇地查看書籍。\n我的貓咪有時會在我正在與朋友聊天時，跳上桌子參加。\n他對窗外的風景有時會感到好奇，想要探索外面的世界。\n我的貓咪喜歡在我閱讀書本時，坐在我的腿上，共享閱讀的時光。', 'https://images.pexels.com/photos/208984/pexels-photo-208984.jpeg?auto=compress&cs=tinysrgb&dpr=1&fit=crop&h=200&w=280'),
(42, '賓果', '公', 20, '2021', 0, 1, '有時他會在我正在做瑜伽時，跳到瑜伽墊上，妨礙我。\n我的貓咪對窗外的車輛有時會感到好奇，追逐它們的倒影。\n他喜歡在陽光下打盹，讓陽光灑在他的身上。\n我的貓咪有時會在我工作時，坐在我的筆記本電腦上。', 'https://images.pexels.com/photos/774731/pexels-photo-774731.jpeg?auto=compress&cs=tinysrgb&dpr=1&fit=crop&h=200&w=280'),
(43, '珍珠', '公', 25, '2022', 0, 1, '有時他會在我正在做瑜伽時，跳到瑜伽墊上，妨礙我。\n我的貓咪對窗外的車輛有時會感到好奇，追逐它們的倒影。\n他喜歡在陽光下打盹，讓陽光灑在他的身上。\n我的貓咪有時會在我工作時，坐在我的筆記本電腦上。', 'https://images.pexels.com/photos/1543793/pexels-photo-1543793.jpeg?auto=compress&cs=tinysrgb&dpr=1&fit=crop&h=200&w=280'),
(44, '寶珠', '公', 40, '2023', 0, 0, '他經常在我家的書櫃上爬來爬去，好奇地查看書籍。\n我的貓咪有時會在我正在與朋友聊天時，跳上桌子參加。\n他對窗外的風景有時會感到好奇，想要探索外面的世界。\n我的貓咪喜歡在我閱讀書本時，坐在我的腿上，共享閱讀的時光。', 'https://images.pexels.com/photos/69932/tabby-cat-close-up-portrait-69932.jpeg?auto=compress&cs=tinysrgb&dpr=1&fit=crop&h=200&w=280'),
(45, '貝果', '公', 28, '2021', 0, 0, '他經常在我家的書櫃上爬來爬去，好奇地查看書籍。\n我的貓咪有時會在我正在與朋友聊天時，跳上桌子參加。\n他對窗外的風景有時會感到好奇，想要探索外面的世界。\n我的貓咪喜歡在我閱讀書本時，坐在我的腿上，共享閱讀的時光。', 'https://images.pexels.com/photos/2194261/pexels-photo-2194261.jpeg?auto=compress&cs=tinysrgb&dpr=1&fit=crop&h=200&w=280'),
(46, '鈴鈴', '公', 44, '2022', 1, 0, '他經常在我家的書櫃上爬來爬去，好奇地查看書籍。\n我的貓咪有時會在我正在與朋友聊天時，跳上桌子參加。\n他對窗外的風景有時會感到好奇，想要探索外面的世界。\n我的貓咪喜歡在我閱讀書本時，坐在我的腿上，共享閱讀的時光。', 'https://images.pexels.com/photos/127028/pexels-photo-127028.jpeg?auto=compress&cs=tinysrgb&dpr=1&fit=crop&h=200&w=280'),
(47, '鐘鐘', '公', 53, '2023', 1, 0, '他對玩具老鼠有一種特殊的情感，總是珍惜。\n我的貓咪有時會在我讀書時，坐在我的書上。\n他對窗外的流浪貓有時會感到好奇，會在窗戶前盯著它們。\n我的貓咪喜歡在家中不同的地方打盹，像是在暖爐旁。', 'https://images.pexels.com/photos/1314550/pexels-photo-1314550.jpeg?auto=compress&cs=tinysrgb&dpr=1&fit=crop&h=200&w=280'),
(48, '布丁', '公', 24, '2021', 1, 0, '有時他會在我正在做瑜伽時，跳到瑜伽墊上，妨礙我。\n我的貓咪對窗外的車輛有時會感到好奇，追逐它們的倒影。\n他喜歡在陽光下打盹，讓陽光灑在他的身上。\n我的貓咪有時會在我工作時，坐在我的筆記本電腦上。', 'https://images.pexels.com/photos/669015/pexels-photo-669015.jpeg?auto=compress&cs=tinysrgb&dpr=1&fit=crop&h=200&w=280'),
(49, '小蛋糕', '公', 36, '2022', 1, 0, '有時他會在我正在做瑜伽時，跳到瑜伽墊上，妨礙我。\n我的貓咪對窗外的車輛有時會感到好奇，追逐它們的倒影。\n他喜歡在陽光下打盹，讓陽光灑在他的身上。\n我的貓咪有時會在我工作時，坐在我的筆記本電腦上。', 'https://images.pexels.com/photos/2558605/pexels-photo-2558605.jpeg?auto=compress&cs=tinysrgb&dpr=1&fit=crop&h=200&w=280'),
(50, '小餅乾', '公', 58, '2023', 1, 0, '有時他會在我正在做瑜伽時，跳到瑜伽墊上，妨礙我。\n我的貓咪對窗外的車輛有時會感到好奇，追逐它們的倒影。\n他喜歡在陽光下打盹，讓陽光灑在他的身上。\n我的貓咪有時會在我工作時，坐在我的筆記本電腦上。', 'https://images.pexels.com/photos/96938/pexels-photo-96938.jpeg?auto=compress&cs=tinysrgb&dpr=1&fit=crop&h=200&w=280'),
(51, '薑餅人', '母', 41, '2021', 1, 0, '他經常在我家的書櫃上爬來爬去，好奇地查看書籍。\n我的貓咪有時會在我正在與朋友聊天時，跳上桌子參加。\n他對窗外的風景有時會感到好奇，想要探索外面的世界。\n我的貓咪喜歡在我閱讀書本時，坐在我的腿上，共享閱讀的時光。', 'https://images.pexels.com/photos/126407/pexels-photo-126407.jpeg?auto=compress&cs=tinysrgb&dpr=1&fit=crop&h=200&w=280'),
(52, '麵包', '母', 46, '2022', 0, 0, '他經常在我家的書櫃上爬來爬去，好奇地查看書籍。\n我的貓咪有時會在我正在與朋友聊天時，跳上桌子參加。\n他對窗外的風景有時會感到好奇，想要探索外面的世界。\n我的貓咪喜歡在我閱讀書本時，坐在我的腿上，共享閱讀的時光。', 'https://images.pexels.com/photos/923360/pexels-photo-923360.jpeg?auto=compress&cs=tinysrgb&dpr=1&fit=crop&h=200&w=280'),
(53, '餅乾', '母', 49, '2023', 0, 0, '他對玩具老鼠有一種特殊的情感，總是珍惜。\n我的貓咪有時會在我讀書時，坐在我的書上。\n他對窗外的流浪貓有時會感到好奇，會在窗戶前盯著它們。\n我的貓咪喜歡在家中不同的地方打盹，像是在暖爐旁。', 'https://images.pexels.com/photos/2071882/pexels-photo-2071882.jpeg?auto=compress&cs=tinysrgb&dpr=1&fit=crop&h=200&w=280'),
(54, '奶油', '母', 54, '2021', 0, 0, '他對玩具老鼠有一種特殊的情感，總是珍惜。\n我的貓咪有時會在我讀書時，坐在我的書上。\n他對窗外的流浪貓有時會感到好奇，會在窗戶前盯著它們。\n我的貓咪喜歡在家中不同的地方打盹，像是在暖爐旁。', 'https://images.pexels.com/photos/1276553/pexels-photo-1276553.jpeg?auto=compress&cs=tinysrgb&dpr=1&fit=crop&h=200&w=280'),
(55, '巧克力', '母', 59, '2021', 0, 0, '他對玩具老鼠有一種特殊的情感，總是珍惜。\n我的貓咪有時會在我讀書時，坐在我的書上。\n他對窗外的流浪貓有時會感到好奇，會在窗戶前盯著它們。\n我的貓咪喜歡在家中不同的地方打盹，像是在暖爐旁。', 'https://images.pexels.com/photos/2061057/pexels-photo-2061057.jpeg?auto=compress&cs=tinysrgb&dpr=1&fit=crop&h=200&w=280'),
(56, '糖果', '母', 13, '2022', 0, 0, '他經常在我家的書櫃上爬來爬去，好奇地查看書籍。\n我的貓咪有時會在我正在與朋友聊天時，跳上桌子參加。\n他對窗外的風景有時會感到好奇，想要探索外面的世界。\n我的貓咪喜歡在我閱讀書本時，坐在我的腿上，共享閱讀的時光。', 'https://images.pexels.com/photos/1472999/pexels-photo-1472999.jpeg?auto=compress&cs=tinysrgb&dpr=1&fit=crop&h=200&w=280'),
(57, '奶糖', '母', 60, '2023', 0, 0, '他經常在我家的書櫃上爬來爬去，好奇地查看書籍。\n我的貓咪有時會在我正在與朋友聊天時，跳上桌子參加。\n他對窗外的風景有時會感到好奇，想要探索外面的世界。\n我的貓咪喜歡在我閱讀書本時，坐在我的腿上，共享閱讀的時光。', 'https://images.pexels.com/photos/257532/pexels-photo-257532.jpeg?auto=compress&cs=tinysrgb&dpr=1&fit=crop&h=200&w=280'),
(58, '咖啡', '母', 32, '2021', 0, 0, '他經常在我家的書櫃上爬來爬去，好奇地查看書籍。\n我的貓咪有時會在我正在與朋友聊天時，跳上桌子參加。\n他對窗外的風景有時會感到好奇，想要探索外面的世界。\n我的貓咪喜歡在我閱讀書本時，坐在我的腿上，共享閱讀的時光。', 'https://images.pexels.com/photos/68594/pexels-photo-68594.jpeg?auto=compress&cs=tinysrgb&dpr=1&fit=crop&h=200&w=280'),
(59, '拿鐵', '母', 43, '2022', 0, 0, '他經常在我家的書櫃上爬來爬去，好奇地查看書籍。\n我的貓咪有時會在我正在與朋友聊天時，跳上桌子參加。\n他對窗外的風景有時會感到好奇，想要探索外面的世界。\n我的貓咪喜歡在我閱讀書本時，坐在我的腿上，共享閱讀的時光。', 'https://images.pexels.com/photos/982865/pexels-photo-982865.jpeg?auto=compress&cs=tinysrgb&dpr=1&fit=crop&h=200&w=280'),
(60, '摩卡', '母', 47, '2023', 0, 1, '他經常在我家的書櫃上爬來爬去，好奇地查看書籍。\n我的貓咪有時會在我正在與朋友聊天時，跳上桌子參加。\n他對窗外的風景有時會感到好奇，想要探索外面的世界。\n我的貓咪喜歡在我閱讀書本時，坐在我的腿上，共享閱讀的時光。', 'https://images.pexels.com/photos/821736/pexels-photo-821736.jpeg?auto=compress&cs=tinysrgb&dpr=1&fit=crop&h=200&w=280'),
(61, '卡布奇諾', '母', 22, '2021', 0, 1, '他經常在我家的書櫃上爬來爬去，好奇地查看書籍。\n我的貓咪有時會在我正在與朋友聊天時，跳上桌子參加。\n他對窗外的風景有時會感到好奇，想要探索外面的世界。\n我的貓咪喜歡在我閱讀書本時，坐在我的腿上，共享閱讀的時光。', 'https://images.pexels.com/photos/1521306/pexels-photo-1521306.jpeg?auto=compress&cs=tinysrgb&dpr=1&fit=crop&h=200&w=280'),
(62, '馬卡龍', '母', 5, '2022', 0, 1, '他經常在我家的書櫃上爬來爬去，好奇地查看書籍。\n我的貓咪有時會在我正在與朋友聊天時，跳上桌子參加。\n他對窗外的風景有時會感到好奇，想要探索外面的世界。\n我的貓咪喜歡在我閱讀書本時，坐在我的腿上，共享閱讀的時光。', 'https://images.pexels.com/photos/982314/pexels-photo-982314.jpeg?auto=compress&cs=tinysrgb&dpr=1&fit=crop&h=200&w=280'),
(63, '泡泡', '母', 9, '2023', 1, 1, '他經常在我家的書櫃上爬來爬去，好奇地查看書籍。\n我的貓咪有時會在我正在與朋友聊天時，跳上桌子參加。\n他對窗外的風景有時會感到好奇，想要探索外面的世界。\n我的貓咪喜歡在我閱讀書本時，坐在我的腿上，共享閱讀的時光。', 'https://images.pexels.com/photos/991831/pexels-photo-991831.jpeg?auto=compress&cs=tinysrgb&dpr=1&fit=crop&h=200&w=280'),
(64, '心心', '母', 37, '2021', 1, 1, '他經常在我家的書櫃上爬來爬去，好奇地查看書籍。\n我的貓咪有時會在我正在與朋友聊天時，跳上桌子參加。\n他對窗外的風景有時會感到好奇，想要探索外面的世界。\n我的貓咪喜歡在我閱讀書本時，坐在我的腿上，共享閱讀的時光。', 'https://images.pexels.com/photos/33537/cat-animal-cat-portrait-mackerel.jpg?auto=compress&cs=tinysrgb&dpr=1&fit=crop&h=200&w=280'),
(65, '粉粉', '母', 2, '2022', 1, 0, '他經常在我家的書櫃上爬來爬去，好奇地查看書籍。\n我的貓咪有時會在我正在與朋友聊天時，跳上桌子參加。\n他對窗外的風景有時會感到好奇，想要探索外面的世界。\n我的貓咪喜歡在我閱讀書本時，坐在我的腿上，共享閱讀的時光。', 'https://images.pexels.com/photos/236606/pexels-photo-236606.jpeg?auto=compress&cs=tinysrgb&dpr=1&fit=crop&h=200&w=280'),
(66, '布丁', '母', 31, '2023', 1, 0, '他經常在我家的書櫃上爬來爬去，好奇地查看書籍。\n我的貓咪有時會在我正在與朋友聊天時，跳上桌子參加。\n他對窗外的風景有時會感到好奇，想要探索外面的世界。\n我的貓咪喜歡在我閱讀書本時，坐在我的腿上，共享閱讀的時光。', 'https://images.pexels.com/photos/615369/pexels-photo-615369.jpeg?auto=compress&cs=tinysrgb&dpr=1&fit=crop&h=200&w=280'),
(67, '糯米', '母', 19, '2021', 1, 0, '他經常在我家的書櫃上爬來爬去，好奇地查看書籍。\n我的貓咪有時會在我正在與朋友聊天時，跳上桌子參加。\n他對窗外的風景有時會感到好奇，想要探索外面的世界。\n我的貓咪喜歡在我閱讀書本時，坐在我的腿上，共享閱讀的時光。', 'https://images.pexels.com/photos/979247/pexels-photo-979247.jpeg?auto=compress&cs=tinysrgb&dpr=1&fit=crop&h=200&w=280'),
(68, '珍珠奶茶', '公', 11, '2022', 0, 1, '他經常在我家的書櫃上爬來爬去，好奇地查看書籍。\n我的貓咪有時會在我正在與朋友聊天時，跳上桌子參加。\n他對窗外的風景有時會感到好奇，想要探索外面的世界。\n我的貓咪喜歡在我閱讀書本時，坐在我的腿上，共享閱讀的時光。', 'https://images.pexels.com/photos/804475/pexels-photo-804475.jpeg?auto=compress&cs=tinysrgb&dpr=1&fit=crop&h=200&w=280'),
(69, '玫瑰', '公', 48, '2023', 0, 1, '他經常在我家的書櫃上爬來爬去，好奇地查看書籍。\n我的貓咪有時會在我正在與朋友聊天時，跳上桌子參加。\n他對窗外的風景有時會感到好奇，想要探索外面的世界。\n我的貓咪喜歡在我閱讀書本時，坐在我的腿上，共享閱讀的時光。', 'https://images.pexels.com/photos/1084425/pexels-photo-1084425.jpeg?auto=compress&cs=tinysrgb&dpr=1&fit=crop&h=200&w=280'),
(70, '薰衣草', '公', 4, '2023', 0, 0, '他經常在我家的書櫃上爬來爬去，好奇地查看書籍。\n我的貓咪有時會在我正在與朋友聊天時，跳上桌子參加。\n他對窗外的風景有時會感到好奇，想要探索外面的世界。\n我的貓咪喜歡在我閱讀書本時，坐在我的腿上，共享閱讀的時光。', 'https://png.pngtree.com/thumb_back/fh260/background/20210910/pngtree-cats-cats-pets-animals-image_838485.jpg');

--
-- 已傾印資料表的索引
--

--
-- 資料表索引 `address`
--
ALTER TABLE `address`
  ADD PRIMARY KEY (`address_id`);

--
-- 資料表索引 `article`
--
ALTER TABLE `article`
  ADD PRIMARY KEY (`article_id`),
  ADD KEY `article_category_id` (`article_category_id`);

--
-- 資料表索引 `article_category`
--
ALTER TABLE `article_category`
  ADD PRIMARY KEY (`article_category_id`);

--
-- 資料表索引 `article_images`
--
ALTER TABLE `article_images`
  ADD PRIMARY KEY (`id`),
  ADD KEY `article_id` (`article_id`);

--
-- 資料表索引 `cart`
--
ALTER TABLE `cart`
  ADD PRIMARY KEY (`cart_id`),
  ADD KEY `product_id` (`product_id`),
  ADD KEY `user_id` (`user_id`),
  ADD KEY `product_type_id` (`product_type_id`);

--
-- 資料表索引 `category`
--
ALTER TABLE `category`
  ADD PRIMARY KEY (`category_id`);

--
-- 資料表索引 `chatlist`
--
ALTER TABLE `chatlist`
  ADD PRIMARY KEY (`chatlist_id`);

--
-- 資料表索引 `chat_content`
--
ALTER TABLE `chat_content`
  ADD PRIMARY KEY (`id`),
  ADD KEY `chatlist_id` (`chatlist_id`);

--
-- 資料表索引 `coupon`
--
ALTER TABLE `coupon`
  ADD PRIMARY KEY (`coupon_id`),
  ADD KEY `level_id` (`level_id`);

--
-- 資料表索引 `image_helper`
--
ALTER TABLE `image_helper`
  ADD PRIMARY KEY (`image_id`),
  ADD KEY `group_id` (`group_id`);

--
-- 資料表索引 `image_mission`
--
ALTER TABLE `image_mission`
  ADD PRIMARY KEY (`image_id`),
  ADD KEY `mission_id` (`mission_id`);

--
-- 資料表索引 `memberlevels`
--
ALTER TABLE `memberlevels`
  ADD PRIMARY KEY (`level_id`);

--
-- 資料表索引 `mission_detail`
--
ALTER TABLE `mission_detail`
  ADD PRIMARY KEY (`mission_id`),
  ADD KEY `post_user_id` (`post_user_id`);

--
-- 資料表索引 `mission_fav`
--
ALTER TABLE `mission_fav`
  ADD PRIMARY KEY (`mission_fav_id`),
  ADD KEY `mission_id` (`mission_id`),
  ADD KEY `user_id` (`user_id`);

--
-- 資料表索引 `mission_helper_info`
--
ALTER TABLE `mission_helper_info`
  ADD PRIMARY KEY (`user_id`);

--
-- 資料表索引 `mission_helper_reviews`
--
ALTER TABLE `mission_helper_reviews`
  ADD PRIMARY KEY (`review_id`),
  ADD KEY `user_id` (`user_id`),
  ADD KEY `helper_id` (`helper_id`),
  ADD KEY `request_id` (`request_id`);

--
-- 資料表索引 `mission_record`
--
ALTER TABLE `mission_record`
  ADD PRIMARY KEY (`record_id`),
  ADD KEY `user_id` (`user_id`),
  ADD KEY `mission_id` (`mission_id`);

--
-- 資料表索引 `mission_req_orders`
--
ALTER TABLE `mission_req_orders`
  ADD PRIMARY KEY (`case_id`),
  ADD KEY `helper_userId` (`helper_userId`),
  ADD KEY `pet_info_id` (`pet_info_id`),
  ADD KEY `customer_userId` (`customer_userId`);

--
-- 資料表索引 `orders`
--
ALTER TABLE `orders`
  ADD PRIMARY KEY (`order_id`),
  ADD KEY `user_id` (`user_id`),
  ADD KEY `order_payment` (`order_payment`),
  ADD KEY `order_shipment` (`order_shipment`),
  ADD KEY `status_id` (`status_id`);

--
-- 資料表索引 `order_details`
--
ALTER TABLE `order_details`
  ADD PRIMARY KEY (`order_detail_id`),
  ADD KEY `product_id` (`product_id`);

--
-- 資料表索引 `order_payment`
--
ALTER TABLE `order_payment`
  ADD PRIMARY KEY (`id`);

--
-- 資料表索引 `order_shipment`
--
ALTER TABLE `order_shipment`
  ADD PRIMARY KEY (`id`);

--
-- 資料表索引 `order_status`
--
ALTER TABLE `order_status`
  ADD PRIMARY KEY (`status_id`);

--
-- 資料表索引 `otp`
--
ALTER TABLE `otp`
  ADD PRIMARY KEY (`id`);

--
-- 資料表索引 `products`
--
ALTER TABLE `products`
  ADD PRIMARY KEY (`product_id`),
  ADD KEY `category_id` (`category_id`),
  ADD KEY `subcategory_id` (`subcategory_id`);

--
-- 資料表索引 `product_collections`
--
ALTER TABLE `product_collections`
  ADD PRIMARY KEY (`collection_id`),
  ADD KEY `product_id` (`product_id`),
  ADD KEY `user_id` (`user_id`);

--
-- 資料表索引 `product_reviews`
--
ALTER TABLE `product_reviews`
  ADD PRIMARY KEY (`review_id`),
  ADD KEY `user_id` (`user_id`),
  ADD KEY `product_id` (`product_id`);

--
-- 資料表索引 `product_type`
--
ALTER TABLE `product_type`
  ADD PRIMARY KEY (`product_type_id`),
  ADD KEY `product_id` (`product_id`);

--
-- 資料表索引 `subcategory`
--
ALTER TABLE `subcategory`
  ADD PRIMARY KEY (`subcategory_id`),
  ADD KEY `category_id` (`category_id`);

--
-- 資料表索引 `userinfo`
--
ALTER TABLE `userinfo`
  ADD PRIMARY KEY (`user_id`),
  ADD KEY `level_id` (`level_id`);

--
-- 資料表索引 `users_coupon`
--
ALTER TABLE `users_coupon`
  ADD PRIMARY KEY (`id`),
  ADD KEY `user_id` (`user_id`),
  ADD KEY `coupon_id` (`coupon_id`);

--
-- 資料表索引 `users_pet_info`
--
ALTER TABLE `users_pet_info`
  ADD PRIMARY KEY (`pet_id`),
  ADD KEY `owner_id` (`owner_id`);

--
-- 在傾印的資料表使用自動遞增(AUTO_INCREMENT)
--

--
-- 使用資料表自動遞增(AUTO_INCREMENT) `address`
--
ALTER TABLE `address`
  MODIFY `address_id` int(11) NOT NULL AUTO_INCREMENT, AUTO_INCREMENT=2;

--
-- 使用資料表自動遞增(AUTO_INCREMENT) `article`
--
ALTER TABLE `article`
  MODIFY `article_id` int(5) NOT NULL AUTO_INCREMENT, AUTO_INCREMENT=61;

--
-- 使用資料表自動遞增(AUTO_INCREMENT) `article_category`
--
ALTER TABLE `article_category`
  MODIFY `article_category_id` int(3) NOT NULL AUTO_INCREMENT, AUTO_INCREMENT=4;

--
-- 使用資料表自動遞增(AUTO_INCREMENT) `article_images`
--
ALTER TABLE `article_images`
  MODIFY `id` int(5) NOT NULL AUTO_INCREMENT, AUTO_INCREMENT=61;

--
-- 使用資料表自動遞增(AUTO_INCREMENT) `cart`
--
ALTER TABLE `cart`
  MODIFY `cart_id` int(10) UNSIGNED NOT NULL AUTO_INCREMENT, AUTO_INCREMENT=43;

--
-- 使用資料表自動遞增(AUTO_INCREMENT) `chatlist`
--
ALTER TABLE `chatlist`
  MODIFY `chatlist_id` int(11) NOT NULL AUTO_INCREMENT, AUTO_INCREMENT=3;

--
-- 使用資料表自動遞增(AUTO_INCREMENT) `chat_content`
--
ALTER TABLE `chat_content`
  MODIFY `id` int(11) NOT NULL AUTO_INCREMENT;

--
-- 使用資料表自動遞增(AUTO_INCREMENT) `coupon`
--
ALTER TABLE `coupon`
  MODIFY `coupon_id` int(10) NOT NULL AUTO_INCREMENT, AUTO_INCREMENT=31;

--
-- 使用資料表自動遞增(AUTO_INCREMENT) `image_helper`
--
ALTER TABLE `image_helper`
  MODIFY `image_id` int(11) NOT NULL AUTO_INCREMENT, AUTO_INCREMENT=418;

--
-- 使用資料表自動遞增(AUTO_INCREMENT) `image_mission`
--
ALTER TABLE `image_mission`
  MODIFY `image_id` int(11) NOT NULL AUTO_INCREMENT, AUTO_INCREMENT=1041;

--
-- 使用資料表自動遞增(AUTO_INCREMENT) `memberlevels`
--
ALTER TABLE `memberlevels`
  MODIFY `level_id` int(30) NOT NULL AUTO_INCREMENT, AUTO_INCREMENT=4;

--
-- 使用資料表自動遞增(AUTO_INCREMENT) `mission_detail`
--
ALTER TABLE `mission_detail`
  MODIFY `mission_id` int(11) NOT NULL AUTO_INCREMENT COMMENT '等於mission_post_id', AUTO_INCREMENT=101;

--
-- 使用資料表自動遞增(AUTO_INCREMENT) `mission_fav`
--
ALTER TABLE `mission_fav`
  MODIFY `mission_fav_id` int(30) NOT NULL AUTO_INCREMENT, AUTO_INCREMENT=123;

--
-- 使用資料表自動遞增(AUTO_INCREMENT) `mission_helper_info`
--
ALTER TABLE `mission_helper_info`
  MODIFY `user_id` int(50) NOT NULL AUTO_INCREMENT, AUTO_INCREMENT=81;

--
-- 使用資料表自動遞增(AUTO_INCREMENT) `mission_helper_reviews`
--
ALTER TABLE `mission_helper_reviews`
  MODIFY `review_id` int(30) NOT NULL AUTO_INCREMENT, AUTO_INCREMENT=707;

--
-- 使用資料表自動遞增(AUTO_INCREMENT) `mission_record`
--
ALTER TABLE `mission_record`
  MODIFY `record_id` int(10) UNSIGNED NOT NULL AUTO_INCREMENT, AUTO_INCREMENT=162;

--
-- 使用資料表自動遞增(AUTO_INCREMENT) `mission_req_orders`
--
ALTER TABLE `mission_req_orders`
  MODIFY `case_id` int(11) NOT NULL AUTO_INCREMENT, AUTO_INCREMENT=751;

--
-- 使用資料表自動遞增(AUTO_INCREMENT) `orders`
--
ALTER TABLE `orders`
  MODIFY `order_id` int(30) NOT NULL AUTO_INCREMENT, AUTO_INCREMENT=32;

--
-- 使用資料表自動遞增(AUTO_INCREMENT) `order_details`
--
ALTER TABLE `order_details`
  MODIFY `order_detail_id` int(30) NOT NULL AUTO_INCREMENT, AUTO_INCREMENT=72;

--
-- 使用資料表自動遞增(AUTO_INCREMENT) `order_payment`
--
ALTER TABLE `order_payment`
  MODIFY `id` int(5) NOT NULL AUTO_INCREMENT, AUTO_INCREMENT=4;

--
-- 使用資料表自動遞增(AUTO_INCREMENT) `order_shipment`
--
ALTER TABLE `order_shipment`
  MODIFY `id` int(5) NOT NULL AUTO_INCREMENT, AUTO_INCREMENT=3;

--
-- 使用資料表自動遞增(AUTO_INCREMENT) `order_status`
--
ALTER TABLE `order_status`
  MODIFY `status_id` int(3) NOT NULL AUTO_INCREMENT, AUTO_INCREMENT=6;

--
-- 使用資料表自動遞增(AUTO_INCREMENT) `otp`
--
ALTER TABLE `otp`
  MODIFY `id` int(11) UNSIGNED NOT NULL AUTO_INCREMENT, AUTO_INCREMENT=5;

--
-- 使用資料表自動遞增(AUTO_INCREMENT) `products`
--
ALTER TABLE `products`
  MODIFY `product_id` int(30) NOT NULL AUTO_INCREMENT, AUTO_INCREMENT=334;

--
-- 使用資料表自動遞增(AUTO_INCREMENT) `product_collections`
--
ALTER TABLE `product_collections`
  MODIFY `collection_id` int(30) NOT NULL AUTO_INCREMENT, AUTO_INCREMENT=13;

--
-- 使用資料表自動遞增(AUTO_INCREMENT) `product_reviews`
--
ALTER TABLE `product_reviews`
  MODIFY `review_id` int(30) NOT NULL AUTO_INCREMENT, AUTO_INCREMENT=43;

--
-- 使用資料表自動遞增(AUTO_INCREMENT) `product_type`
--
ALTER TABLE `product_type`
  MODIFY `product_type_id` int(10) NOT NULL AUTO_INCREMENT, AUTO_INCREMENT=614;

--
-- 使用資料表自動遞增(AUTO_INCREMENT) `subcategory`
--
ALTER TABLE `subcategory`
  MODIFY `subcategory_id` int(30) NOT NULL AUTO_INCREMENT, AUTO_INCREMENT=19;

--
-- 使用資料表自動遞增(AUTO_INCREMENT) `userinfo`
--
ALTER TABLE `userinfo`
  MODIFY `user_id` int(11) NOT NULL AUTO_INCREMENT, AUTO_INCREMENT=81;

--
-- 使用資料表自動遞增(AUTO_INCREMENT) `users_coupon`
--
ALTER TABLE `users_coupon`
  MODIFY `id` int(10) UNSIGNED NOT NULL AUTO_INCREMENT, AUTO_INCREMENT=21;

--
-- 使用資料表自動遞增(AUTO_INCREMENT) `users_pet_info`
--
ALTER TABLE `users_pet_info`
  MODIFY `pet_id` int(11) NOT NULL AUTO_INCREMENT, AUTO_INCREMENT=71;

--
-- 已傾印資料表的限制式
--

--
-- 資料表的限制式 `article`
--
ALTER TABLE `article`
  ADD CONSTRAINT `article_ibfk_1` FOREIGN KEY (`article_category_id`) REFERENCES `article_category` (`article_category_id`);

--
-- 資料表的限制式 `cart`
--
ALTER TABLE `cart`
  ADD CONSTRAINT `cart_ibfk_1` FOREIGN KEY (`product_type_id`) REFERENCES `product_type` (`product_type_id`);

--
-- 資料表的限制式 `chat_content`
--
ALTER TABLE `chat_content`
  ADD CONSTRAINT `chat_content_ibfk_1` FOREIGN KEY (`chatlist_id`) REFERENCES `chatlist` (`chatlist_id`);

--
-- 資料表的限制式 `coupon`
--
ALTER TABLE `coupon`
  ADD CONSTRAINT `coupon_ibfk_1` FOREIGN KEY (`level_id`) REFERENCES `memberlevels` (`level_id`);

--
-- 資料表的限制式 `image_helper`
--
ALTER TABLE `image_helper`
  ADD CONSTRAINT `image_helper_ibfk_1` FOREIGN KEY (`group_id`) REFERENCES `mission_helper_info` (`user_id`);

--
-- 資料表的限制式 `mission_detail`
--
ALTER TABLE `mission_detail`
  ADD CONSTRAINT `mission_detail_ibfk_1` FOREIGN KEY (`post_user_id`) REFERENCES `userinfo` (`user_id`);

--
-- 資料表的限制式 `mission_fav`
--
ALTER TABLE `mission_fav`
  ADD CONSTRAINT `mission_fav_ibfk_1` FOREIGN KEY (`user_id`) REFERENCES `userinfo` (`user_id`),
  ADD CONSTRAINT `mission_fav_ibfk_2` FOREIGN KEY (`mission_id`) REFERENCES `mission_detail` (`mission_id`);

--
-- 資料表的限制式 `mission_helper_info`
--
ALTER TABLE `mission_helper_info`
  ADD CONSTRAINT `mission_helper_info_ibfk_1` FOREIGN KEY (`user_id`) REFERENCES `userinfo` (`user_id`);

--
-- 資料表的限制式 `mission_helper_reviews`
--
ALTER TABLE `mission_helper_reviews`
  ADD CONSTRAINT `mission_helper_reviews_ibfk_1` FOREIGN KEY (`request_id`) REFERENCES `mission_req_orders` (`case_id`),
  ADD CONSTRAINT `mission_helper_reviews_ibfk_2` FOREIGN KEY (`user_id`) REFERENCES `userinfo` (`user_id`),
  ADD CONSTRAINT `mission_helper_reviews_ibfk_3` FOREIGN KEY (`helper_id`) REFERENCES `mission_helper_info` (`user_id`);

--
-- 資料表的限制式 `mission_record`
--
ALTER TABLE `mission_record`
  ADD CONSTRAINT `mission_record_ibfk_1` FOREIGN KEY (`user_id`) REFERENCES `userinfo` (`user_id`),
  ADD CONSTRAINT `mission_record_ibfk_2` FOREIGN KEY (`mission_id`) REFERENCES `mission_detail` (`mission_id`);

--
-- 資料表的限制式 `orders`
--
ALTER TABLE `orders`
  ADD CONSTRAINT `orders_ibfk_1` FOREIGN KEY (`user_id`) REFERENCES `userinfo` (`user_id`),
  ADD CONSTRAINT `orders_ibfk_2` FOREIGN KEY (`order_payment`) REFERENCES `order_payment` (`id`),
  ADD CONSTRAINT `orders_ibfk_3` FOREIGN KEY (`order_shipment`) REFERENCES `order_shipment` (`id`),
  ADD CONSTRAINT `orders_ibfk_4` FOREIGN KEY (`status_id`) REFERENCES `order_status` (`status_id`);

--
-- 資料表的限制式 `order_details`
--
ALTER TABLE `order_details`
  ADD CONSTRAINT `order_details_ibfk_1` FOREIGN KEY (`product_id`) REFERENCES `products` (`product_id`);

--
-- 資料表的限制式 `products`
--
ALTER TABLE `products`
  ADD CONSTRAINT `products_ibfk_1` FOREIGN KEY (`category_id`) REFERENCES `category` (`category_id`),
  ADD CONSTRAINT `products_ibfk_2` FOREIGN KEY (`subcategory_id`) REFERENCES `subcategory` (`subcategory_id`);

--
-- 資料表的限制式 `product_collections`
--
ALTER TABLE `product_collections`
  ADD CONSTRAINT `product_collections_ibfk_1` FOREIGN KEY (`product_id`) REFERENCES `products` (`product_id`),
  ADD CONSTRAINT `product_collections_ibfk_2` FOREIGN KEY (`user_id`) REFERENCES `userinfo` (`user_id`);

--
-- 資料表的限制式 `product_reviews`
--
ALTER TABLE `product_reviews`
  ADD CONSTRAINT `product_reviews_ibfk_1` FOREIGN KEY (`user_id`) REFERENCES `userinfo` (`user_id`),
  ADD CONSTRAINT `product_reviews_ibfk_2` FOREIGN KEY (`product_id`) REFERENCES `products` (`product_id`);

--
-- 資料表的限制式 `product_type`
--
ALTER TABLE `product_type`
  ADD CONSTRAINT `product_type_ibfk_1` FOREIGN KEY (`product_id`) REFERENCES `products` (`product_id`);

--
-- 資料表的限制式 `subcategory`
--
ALTER TABLE `subcategory`
  ADD CONSTRAINT `subcategory_ibfk_1` FOREIGN KEY (`category_id`) REFERENCES `category` (`category_id`);

--
-- 資料表的限制式 `users_coupon`
--
ALTER TABLE `users_coupon`
  ADD CONSTRAINT `users_coupon_ibfk_1` FOREIGN KEY (`coupon_id`) REFERENCES `coupon` (`coupon_id`),
  ADD CONSTRAINT `users_coupon_ibfk_2` FOREIGN KEY (`user_id`) REFERENCES `userinfo` (`user_id`);

--
-- 資料表的限制式 `users_pet_info`
--
ALTER TABLE `users_pet_info`
  ADD CONSTRAINT `users_pet_info_ibfk_1` FOREIGN KEY (`owner_id`) REFERENCES `userinfo` (`user_id`);
COMMIT;

/*!40101 SET CHARACTER_SET_CLIENT=@OLD_CHARACTER_SET_CLIENT */;
/*!40101 SET CHARACTER_SET_RESULTS=@OLD_CHARACTER_SET_RESULTS */;
/*!40101 SET COLLATION_CONNECTION=@OLD_COLLATION_CONNECTION */;
